merch_state,month_date,breakfast_lunch_cost,dinner_cost,median_meal_cost,transaction_count,unique_visitors,data_quality_flag,period_start,period_end,calculation_timestamp
TX,2024-01-01,19.889999389648438,37.840000152587891,27.399999618530273,22472853,64264,SINGLE_MONTH,2024-01-01,2024-12-31,2025-11-18 17:41:38.967184 UTC
CA,2024-01-01,19.690000534057617,40.380001068115234,27.959999084472656,20567117,66376,SINGLE_MONTH,2024-01-01,2024-12-31,2025-11-18 17:41:38.967184 UTC
FL,2024-01-01,24.680000305175781,47.340000152587891,34.209999084472656,19602241,57034,SINGLE_MONTH,2024-01-01,2024-12-31,2025-11-18 17:41:38.967184 UTC
TN,2024-01-01,22.549999237060547,40.650001525878906,31.350000381469727,10254600,29074,SINGLE_MONTH,2024-01-01,2024-12-31,2025-11-18 17:41:38.967184 UTC
VA,2024-01-01,18.389999389648438,35.310001373291016,25.329999923706055,9180784,20549,SINGLE_MONTH,2024-01-01,2024-12-31,2025-11-18 17:41:38.967184 UTC
AZ,2024-01-01,21.0,40.130001068115234,29.3799991607666,9019529,24564,SINGLE_MONTH,2024-01-01,2024-12-31,2025-11-18 17:41:38.967184 UTC
CO,2024-01-01,18.639999389648438,35.979999542236328,25.75,8908568,27312,SINGLE_MONTH,2024-01-01,2024-12-31,2025-11-18 17:41:38.967184 UTC
GA,2024-01-01,17.510000228881836,33.369998931884766,24.049999237060547,8519134,28924,SINGLE_MONTH,2024-01-01,2024-12-31,2025-11-18 17:41:38.967184 UTC
NV,2024-01-01,24.100000381469727,47.389999389648438,33.860000610351562,8420525,21068,SINGLE_MONTH,2024-01-01,2024-12-31,2025-11-18 17:41:38.967184 UTC
OK,2024-01-01,14.569999694824219,28.950000762939453,20.190000534057617,7749776,20092,SINGLE_MONTH,2024-01-01,2024-12-31,2025-11-18 17:41:38.967184 UTC
LA,2024-01-01,21.209999084472656,40.409999847412109,29.700000762939453,7177145,20229,SINGLE_MONTH,2024-01-01,2024-12-31,2025-11-18 17:41:38.967184 UTC
IL,2024-01-01,17.170000076293945,34.279998779296875,24.020000457763672,6860311,27437,SINGLE_MONTH,2024-01-01,2024-12-31,2025-11-18 17:41:38.967184 UTC
WI,2024-01-01,17.139999389648438,34.080001831054688,24.299999237060547,6221817,20990,SINGLE_MONTH,2024-01-01,2024-12-31,2025-11-18 17:41:38.967184 UTC
AK,2024-01-01,22.1299991607666,42.810001373291016,31.149999618530273,6071011,13172,SINGLE_MONTH,2024-01-01,2024-12-31,2025-11-18 17:41:38.967184 UTC
NC,2024-01-01,19.969999313354492,37.430000305175781,27.350000381469727,5977949,17952,SINGLE_MONTH,2024-01-01,2024-12-31,2025-11-18 17:41:38.967184 UTC
MS,2024-01-01,18.100000381469727,34.220001220703125,24.950000762939453,5568335,14155,SINGLE_MONTH,2024-01-01,2024-12-31,2025-11-18 17:41:38.967184 UTC
PA,2024-01-01,16.520000457763672,32.169998168945312,22.959999084472656,5498757,20285,SINGLE_MONTH,2024-01-01,2024-12-31,2025-11-18 17:41:38.967184 UTC
KS,2024-01-01,17.200000762939453,32.930000305175781,23.540000915527344,5489435,16064,SINGLE_MONTH,2024-01-01,2024-12-31,2025-11-18 17:41:38.967184 UTC
HI,2024-01-01,21.329999923706055,42.810001373291016,30.069999694824219,5328408,12666,SINGLE_MONTH,2024-01-01,2024-12-31,2025-11-18 17:41:38.967184 UTC
NM,2024-01-01,21.850000381469727,40.380001068115234,30.290000915527344,4462954,12866,SINGLE_MONTH,2024-01-01,2024-12-31,2025-11-18 17:41:38.967184 UTC
NY,2024-01-01,16.510000228881836,34.529998779296875,23.6200008392334,4423725,16711,SINGLE_MONTH,2024-01-01,2024-12-31,2025-11-18 17:41:38.967184 UTC
MN,2024-01-01,18.969999313354492,37.569999694824219,26.969999313354492,4340912,15245,SINGLE_MONTH,2024-01-01,2024-12-31,2025-11-18 17:41:38.967184 UTC
WA,2024-01-01,19.299999237060547,37.020000457763672,26.260000228881836,4286197,13423,SINGLE_MONTH,2024-01-01,2024-12-31,2025-11-18 17:41:38.967184 UTC
KY,2024-01-01,19.399999618530273,36.360000610351562,26.639999389648438,4266696,14015,SINGLE_MONTH,2024-01-01,2024-12-31,2025-11-18 17:41:38.967184 UTC
MO,2024-01-01,18.25,35.0,25.190000534057617,4127697,14593,SINGLE_MONTH,2024-01-01,2024-12-31,2025-11-18 17:41:38.967184 UTC
IN,2024-01-01,17.329999923706055,32.830001831054688,23.930000305175781,3742448,11825,SINGLE_MONTH,2024-01-01,2024-12-31,2025-11-18 17:41:38.967184 UTC
MI,2024-01-01,17.5,33.830001831054688,24.670000076293945,3651981,11955,SINGLE_MONTH,2024-01-01,2024-12-31,2025-11-18 17:41:38.967184 UTC
OH,2024-01-01,19.760000228881836,36.029998779296875,26.719999313354492,3637271,16460,SINGLE_MONTH,2024-01-01,2024-12-31,2025-11-18 17:41:38.967184 UTC
AL,2024-01-01,18.520000457763672,35.479999542236328,25.950000762939453,3435116,10555,SINGLE_MONTH,2024-01-01,2024-12-31,2025-11-18 17:41:38.967184 UTC
AR,2024-01-01,19.489999771118164,37.049999237060547,27.149999618530273,3403173,10244,SINGLE_MONTH,2024-01-01,2024-12-31,2025-11-18 17:41:38.967184 UTC
SC,2024-01-01,19.3799991607666,37.220001220703125,27.209999084472656,3312838,10049,SINGLE_MONTH,2024-01-01,2024-12-31,2025-11-18 17:41:38.967184 UTC
UT,2024-01-01,15.779999732971191,30.079999923706055,21.639999389648438,3181302,14633,SINGLE_MONTH,2024-01-01,2024-12-31,2025-11-18 17:41:38.967184 UTC
IA,2024-01-01,14.590000152587891,28.389999389648438,19.909999847412109,2797233,8769,SINGLE_MONTH,2024-01-01,2024-12-31,2025-11-18 17:41:38.967184 UTC
WV,2024-01-01,15.960000038146973,31.340000152587891,22.350000381469727,2661290,7148,SINGLE_MONTH,2024-01-01,2024-12-31,2025-11-18 17:41:38.967184 UTC
OR,2024-01-01,17.799999237060547,34.560001373291016,24.6299991607666,2088230,7168,SINGLE_MONTH,2024-01-01,2024-12-31,2025-11-18 17:41:38.967184 UTC
MA,2024-01-01,16.600000381469727,34.319999694824219,23.25,1964958,6927,SINGLE_MONTH,2024-01-01,2024-12-31,2025-11-18 17:41:38.967184 UTC
SD,2024-01-01,18.479999542236328,37.090000152587891,26.420000076293945,1946076,5945,SINGLE_MONTH,2024-01-01,2024-12-31,2025-11-18 17:41:38.967184 UTC
MD,2024-01-01,20.209999084472656,39.169998168945312,28.270000457763672,1854544,7377,SINGLE_MONTH,2024-01-01,2024-12-31,2025-11-18 17:41:38.967184 UTC
ID,2024-01-01,17.989999771118164,35.799999237060547,25.75,1762541,4955,SINGLE_MONTH,2024-01-01,2024-12-31,2025-11-18 17:41:38.967184 UTC
MT,2024-01-01,20.430000305175781,39.799999237060547,28.8700008392334,1404848,4030,SINGLE_MONTH,2024-01-01,2024-12-31,2025-11-18 17:41:38.967184 UTC
NE,2024-01-01,17.969999313354492,34.680000305175781,25.110000610351562,1374257,5182,SINGLE_MONTH,2024-01-01,2024-12-31,2025-11-18 17:41:38.967184 UTC
NJ,2024-01-01,19.530000686645508,37.729999542236328,26.600000381469727,1257824,5225,SINGLE_MONTH,2024-01-01,2024-12-31,2025-11-18 17:41:38.967184 UTC
ND,2024-01-01,20.030000686645508,37.7400016784668,27.149999618530273,1174246,3715,SINGLE_MONTH,2024-01-01,2024-12-31,2025-11-18 17:41:38.967184 UTC
WY,2024-01-01,21.149999618530273,38.7599983215332,29.219999313354492,1113019,3725,SINGLE_MONTH,2024-01-01,2024-12-31,2025-11-18 17:41:38.967184 UTC
DC,2024-01-01,16.690000534057617,33.139999389648438,22.600000381469727,1108488,4021,SINGLE_MONTH,2024-01-01,2024-12-31,2025-11-18 17:41:38.967184 UTC
CT,2024-01-01,18.969999313354492,37.290000915527344,26.100000381469727,868852,3414,SINGLE_MONTH,2024-01-01,2024-12-31,2025-11-18 17:41:38.967184 UTC
NH,2024-01-01,18.690000534057617,39.799999237060547,26.969999313354492,796962,3431,SINGLE_MONTH,2024-01-01,2024-12-31,2025-11-18 17:41:38.967184 UTC
DE,2024-01-01,6.690000057220459,18.799999237060547,10.779999732971191,709037,2149,SINGLE_MONTH,2024-01-01,2024-12-31,2025-11-18 17:41:38.967184 UTC
VT,2024-01-01,15.020000457763672,29.299999237060547,20.950000762939453,609539,2146,SINGLE_MONTH,2024-01-01,2024-12-31,2025-11-18 17:41:38.967184 UTC
ME,2024-01-01,19.440000534057617,39.560001373291016,28.149999618530273,514134,1932,ROLLING_3MO,2024-01-01,2024-12-31,2025-11-18 17:41:38.967184 UTC
RI,2024-01-01,16.659999847412109,35.209999084472656,23.739999771118164,221770,831,ROLLING_3MO,2024-01-01,2024-12-31,2025-11-18 17:41:38.967184 UTC
XX,2024-01-01,10.149999618530273,17.190000534057617,12.760000228881836,19098,21,EXCLUDE,2024-01-01,2024-12-31,2025-11-18 17:41:38.967184 UTC
TX,2024-02-01,19.809999465942383,37.889999389648438,27.360000610351562,24442794,68775,SINGLE_MONTH,2024-01-01,2024-12-31,2025-11-18 17:41:38.967184 UTC
FL,2024-02-01,25.1200008392334,48.139999389648438,34.930000305175781,21859356,63338,SINGLE_MONTH,2024-01-01,2024-12-31,2025-11-18 17:41:38.967184 UTC
CA,2024-02-01,19.459999084472656,40.270000457763672,27.729999542236328,20879060,67112,SINGLE_MONTH,2024-01-01,2024-12-31,2025-11-18 17:41:38.967184 UTC
TN,2024-02-01,22.1299991607666,40.959999084472656,31.0,12245385,34282,SINGLE_MONTH,2024-01-01,2024-12-31,2025-11-18 17:41:38.967184 UTC
VA,2024-02-01,17.8700008392334,35.0,25.0,10699938,23182,SINGLE_MONTH,2024-01-01,2024-12-31,2025-11-18 17:41:38.967184 UTC
AZ,2024-02-01,21.440000534057617,41.319999694824219,30.25,9990177,26801,SINGLE_MONTH,2024-01-01,2024-12-31,2025-11-18 17:41:38.967184 UTC
GA,2024-02-01,18.069999694824219,34.229999542236328,24.729999542236328,9378677,32115,SINGLE_MONTH,2024-01-01,2024-12-31,2025-11-18 17:41:38.967184 UTC
CO,2024-02-01,18.5,35.849998474121094,25.530000686645508,9037955,27167,SINGLE_MONTH,2024-01-01,2024-12-31,2025-11-18 17:41:38.967184 UTC
OK,2024-02-01,14.609999656677246,29.409999847412109,20.3799991607666,8851510,22767,SINGLE_MONTH,2024-01-01,2024-12-31,2025-11-18 17:41:38.967184 UTC
NV,2024-02-01,23.809999465942383,46.970001220703125,33.229999542236328,8674264,22035,SINGLE_MONTH,2024-01-01,2024-12-31,2025-11-18 17:41:38.967184 UTC
LA,2024-02-01,21.299999237060547,40.659999847412109,29.579999923706055,8525405,23772,SINGLE_MONTH,2024-01-01,2024-12-31,2025-11-18 17:41:38.967184 UTC
IL,2024-02-01,16.579999923706055,33.430000305175781,23.110000610351562,8061528,32868,SINGLE_MONTH,2024-01-01,2024-12-31,2025-11-18 17:41:38.967184 UTC
WI,2024-02-01,16.180000305175781,32.720001220703125,22.920000076293945,7816112,24863,SINGLE_MONTH,2024-01-01,2024-12-31,2025-11-18 17:41:38.967184 UTC
MS,2024-02-01,17.219999313354492,33.5,23.790000915527344,7569009,17929,SINGLE_MONTH,2024-01-01,2024-12-31,2025-11-18 17:41:38.967184 UTC
AK,2024-02-01,21.540000915527344,41.779998779296875,30.340000152587891,6686353,13915,SINGLE_MONTH,2024-01-01,2024-12-31,2025-11-18 17:41:38.967184 UTC
KS,2024-02-01,17.409999847412109,33.779998779296875,24.280000686645508,6660401,19519,SINGLE_MONTH,2024-01-01,2024-12-31,2025-11-18 17:41:38.967184 UTC
NC,2024-02-01,20.25,38.880001068115234,28.069999694824219,6501704,19822,SINGLE_MONTH,2024-01-01,2024-12-31,2025-11-18 17:41:38.967184 UTC
PA,2024-02-01,16.659999847412109,32.680000305175781,23.350000381469727,6429357,23118,SINGLE_MONTH,2024-01-01,2024-12-31,2025-11-18 17:41:38.967184 UTC
MO,2024-02-01,18.079999923706055,35.310001373291016,25.270000457763672,5300463,17672,SINGLE_MONTH,2024-01-01,2024-12-31,2025-11-18 17:41:38.967184 UTC
KY,2024-02-01,19.909999847412109,37.939998626708984,27.6200008392334,5283444,17718,SINGLE_MONTH,2024-01-01,2024-12-31,2025-11-18 17:41:38.967184 UTC
HI,2024-02-01,21.540000915527344,43.860000610351562,30.6200008392334,5274573,12498,SINGLE_MONTH,2024-01-01,2024-12-31,2025-11-18 17:41:38.967184 UTC
NM,2024-02-01,22.479999542236328,42.389999389648438,31.329999923706055,4868740,13984,SINGLE_MONTH,2024-01-01,2024-12-31,2025-11-18 17:41:38.967184 UTC
NY,2024-02-01,16.340000152587891,34.479999542236328,23.489999771118164,4797964,17845,SINGLE_MONTH,2024-01-01,2024-12-31,2025-11-18 17:41:38.967184 UTC
MN,2024-02-01,18.8799991607666,37.860000610351562,27.100000381469727,4674137,16587,SINGLE_MONTH,2024-01-01,2024-12-31,2025-11-18 17:41:38.967184 UTC
WA,2024-02-01,20.059999465942383,38.569999694824219,27.360000610351562,4428889,14131,SINGLE_MONTH,2024-01-01,2024-12-31,2025-11-18 17:41:38.967184 UTC
IN,2024-02-01,17.280000686645508,33.080001831054688,23.680000305175781,4169527,13182,SINGLE_MONTH,2024-01-01,2024-12-31,2025-11-18 17:41:38.967184 UTC
AL,2024-02-01,19.540000915527344,37.470001220703125,27.459999084472656,4153410,12786,SINGLE_MONTH,2024-01-01,2024-12-31,2025-11-18 17:41:38.967184 UTC
OH,2024-02-01,18.719999313354492,35.560001373291016,25.75,4137934,17090,SINGLE_MONTH,2024-01-01,2024-12-31,2025-11-18 17:41:38.967184 UTC
AR,2024-02-01,20.149999618530273,37.7400016784668,27.819999694824219,4090972,12271,SINGLE_MONTH,2024-01-01,2024-12-31,2025-11-18 17:41:38.967184 UTC
MI,2024-02-01,17.440000534057617,34.619998931884766,24.8700008392334,4083967,13643,SINGLE_MONTH,2024-01-01,2024-12-31,2025-11-18 17:41:38.967184 UTC
SC,2024-02-01,20.059999465942383,39.169998168945312,28.340000152587891,4003815,12513,SINGLE_MONTH,2024-01-01,2024-12-31,2025-11-18 17:41:38.967184 UTC
IA,2024-02-01,13.369999885559082,27.350000381469727,18.790000915527344,3973300,11523,SINGLE_MONTH,2024-01-01,2024-12-31,2025-11-18 17:41:38.967184 UTC
UT,2024-02-01,16.049999237060547,31.6200008392334,22.329999923706055,3334492,14929,SINGLE_MONTH,2024-01-01,2024-12-31,2025-11-18 17:41:38.967184 UTC
WV,2024-02-01,16.860000610351562,33.479999542236328,23.850000381469727,3080267,8632,SINGLE_MONTH,2024-01-01,2024-12-31,2025-11-18 17:41:38.967184 UTC
OR,2024-02-01,17.180000305175781,35.279998779296875,24.520000457763672,2533570,8400,SINGLE_MONTH,2024-01-01,2024-12-31,2025-11-18 17:41:38.967184 UTC
SD,2024-02-01,18.469999313354492,37.400001525878906,26.479999542236328,2410940,7317,SINGLE_MONTH,2024-01-01,2024-12-31,2025-11-18 17:41:38.967184 UTC
MA,2024-02-01,15.8100004196167,32.889999389648438,22.309999465942383,2330281,7944,SINGLE_MONTH,2024-01-01,2024-12-31,2025-11-18 17:41:38.967184 UTC
ID,2024-02-01,17.790000915527344,36.220001220703125,25.829999923706055,2188787,5971,SINGLE_MONTH,2024-01-01,2024-12-31,2025-11-18 17:41:38.967184 UTC
MD,2024-02-01,20.840000152587891,41.560001373291016,29.6299991607666,2128230,8372,SINGLE_MONTH,2024-01-01,2024-12-31,2025-11-18 17:41:38.967184 UTC
NE,2024-02-01,18.569999694824219,36.040000915527344,26.040000915527344,1791085,6659,SINGLE_MONTH,2024-01-01,2024-12-31,2025-11-18 17:41:38.967184 UTC
MT,2024-02-01,20.100000381469727,39.669998168945312,28.590000152587891,1499789,4153,SINGLE_MONTH,2024-01-01,2024-12-31,2025-11-18 17:41:38.967184 UTC
ND,2024-02-01,20.170000076293945,38.770000457763672,28.670000076293945,1311562,4140,SINGLE_MONTH,2024-01-01,2024-12-31,2025-11-18 17:41:38.967184 UTC
NJ,2024-02-01,19.659999847412109,38.569999694824219,27.459999084472656,1299215,8230,SINGLE_MONTH,2024-01-01,2024-12-31,2025-11-18 17:41:38.967184 UTC
DC,2024-02-01,17.450000762939453,34.840000152587891,24.260000228881836,1286347,4588,SINGLE_MONTH,2024-01-01,2024-12-31,2025-11-18 17:41:38.967184 UTC
WY,2024-02-01,21.100000381469727,39.939998626708984,29.149999618530273,1231961,4152,SINGLE_MONTH,2024-01-01,2024-12-31,2025-11-18 17:41:38.967184 UTC
NH,2024-02-01,19.700000762939453,43.540000915527344,29.649999618530273,1065388,4420,SINGLE_MONTH,2024-01-01,2024-12-31,2025-11-18 17:41:38.967184 UTC
CT,2024-02-01,18.780000686645508,37.900001525878906,25.899999618530273,1008337,3832,SINGLE_MONTH,2024-01-01,2024-12-31,2025-11-18 17:41:38.967184 UTC
DE,2024-02-01,6.869999885559082,19.540000915527344,10.989999771118164,822854,2522,SINGLE_MONTH,2024-01-01,2024-12-31,2025-11-18 17:41:38.967184 UTC
ME,2024-02-01,20.3799991607666,42.159999847412109,29.239999771118164,699498,2527,SINGLE_MONTH,2024-01-01,2024-12-31,2025-11-18 17:41:38.967184 UTC
VT,2024-02-01,15.670000076293945,30.889999389648438,22.110000610351562,693680,2472,SINGLE_MONTH,2024-01-01,2024-12-31,2025-11-18 17:41:38.967184 UTC
RI,2024-02-01,14.760000228881836,31.229999542236328,20.8700008392334,300890,1005,ROLLING_3MO,2024-01-01,2024-12-31,2025-11-18 17:41:38.967184 UTC
XX,2024-02-01,7.5199999809265137,14.069999694824219,9.9300003051757812,16348,16,EXCLUDE,2024-01-01,2024-12-31,2025-11-18 17:41:38.967184 UTC
FL,2024-03-01,22.909999847412109,46.330001831054688,32.680000305175781,31427678,87614,SINGLE_MONTH,2024-01-01,2024-12-31,2025-11-18 17:41:38.967184 UTC
TX,2024-03-01,20.829999923706055,40.590000152587891,29.229999542236328,29813538,85932,SINGLE_MONTH,2024-01-01,2024-12-31,2025-11-18 17:41:38.967184 UTC
CA,2024-03-01,19.739999771118164,41.270000457763672,28.319999694824219,24922463,80835,SINGLE_MONTH,2024-01-01,2024-12-31,2025-11-18 17:41:38.967184 UTC
TN,2024-03-01,22.700000762939453,42.090000152587891,31.75,16774978,47271,SINGLE_MONTH,2024-01-01,2024-12-31,2025-11-18 17:41:38.967184 UTC
AZ,2024-03-01,21.760000228881836,43.150001525878906,31.159999847412109,11940663,32436,SINGLE_MONTH,2024-01-01,2024-12-31,2025-11-18 17:41:38.967184 UTC
VA,2024-03-01,18.850000381469727,36.720001220703125,26.209999084472656,11905370,27880,SINGLE_MONTH,2024-01-01,2024-12-31,2025-11-18 17:41:38.967184 UTC
OK,2024-03-01,15.420000076293945,31.309999465942383,21.709999084472656,11113294,28934,SINGLE_MONTH,2024-01-01,2024-12-31,2025-11-18 17:41:38.967184 UTC
CO,2024-03-01,19.389999389648438,38.049999237060547,26.920000076293945,10790865,32632,SINGLE_MONTH,2024-01-01,2024-12-31,2025-11-18 17:41:38.967184 UTC
GA,2024-03-01,19.069999694824219,36.4900016784668,26.3700008392334,10666303,37122,SINGLE_MONTH,2024-01-01,2024-12-31,2025-11-18 17:41:38.967184 UTC
NV,2024-03-01,23.8700008392334,46.860000610351562,33.2400016784668,10620916,26529,SINGLE_MONTH,2024-01-01,2024-12-31,2025-11-18 17:41:38.967184 UTC
IL,2024-03-01,17.950000762939453,35.919998168945312,25.1200008392334,9753122,39419,SINGLE_MONTH,2024-01-01,2024-12-31,2025-11-18 17:41:38.967184 UTC
LA,2024-03-01,22.430000305175781,42.979999542236328,31.489999771118164,9550252,26710,SINGLE_MONTH,2024-01-01,2024-12-31,2025-11-18 17:41:38.967184 UTC
AK,2024-03-01,23.360000610351562,46.0099983215332,33.430000305175781,8847554,17366,SINGLE_MONTH,2024-01-01,2024-12-31,2025-11-18 17:41:38.967184 UTC
MS,2024-03-01,18.700000762939453,36.7599983215332,26.430000305175781,8175510,21070,SINGLE_MONTH,2024-01-01,2024-12-31,2025-11-18 17:41:38.967184 UTC
NC,2024-03-01,21.110000610351562,39.770000457763672,29.059999465942383,8065389,24672,SINGLE_MONTH,2024-01-01,2024-12-31,2025-11-18 17:41:38.967184 UTC
WI,2024-03-01,17.309999465942383,34.720001220703125,24.639999389648438,8009507,27535,SINGLE_MONTH,2024-01-01,2024-12-31,2025-11-18 17:41:38.967184 UTC
KS,2024-03-01,18.5,36.330001831054688,26.190000534057617,7674031,22410,SINGLE_MONTH,2024-01-01,2024-12-31,2025-11-18 17:41:38.967184 UTC
PA,2024-03-01,17.3799991607666,34.029998779296875,24.3700008392334,7390518,27634,SINGLE_MONTH,2024-01-01,2024-12-31,2025-11-18 17:41:38.967184 UTC
MO,2024-03-01,19.739999771118164,39.020000457763672,27.840000152587891,7161924,24420,SINGLE_MONTH,2024-01-01,2024-12-31,2025-11-18 17:41:38.967184 UTC
KY,2024-03-01,21.0,39.959999084472656,29.389999389648438,6170476,21087,SINGLE_MONTH,2024-01-01,2024-12-31,2025-11-18 17:41:38.967184 UTC
HI,2024-03-01,21.469999313354492,44.229999542236328,30.610000610351562,6004934,14118,SINGLE_MONTH,2024-01-01,2024-12-31,2025-11-18 17:41:38.967184 UTC
SC,2024-03-01,20.610000610351562,40.919998168945312,29.280000686645508,5929937,17989,SINGLE_MONTH,2024-01-01,2024-12-31,2025-11-18 17:41:38.967184 UTC
NY,2024-03-01,16.170000076293945,33.880001068115234,22.780000686645508,5856928,21533,SINGLE_MONTH,2024-01-01,2024-12-31,2025-11-18 17:41:38.967184 UTC
NM,2024-03-01,24.139999389648438,45.430000305175781,33.790000915527344,5818462,16723,SINGLE_MONTH,2024-01-01,2024-12-31,2025-11-18 17:41:38.967184 UTC
AL,2024-03-01,21.959999084472656,42.689998626708984,30.440000534057617,5629403,18215,SINGLE_MONTH,2024-01-01,2024-12-31,2025-11-18 17:41:38.967184 UTC
WA,2024-03-01,20.180000305175781,38.790000915527344,27.530000686645508,5410787,17083,SINGLE_MONTH,2024-01-01,2024-12-31,2025-11-18 17:41:38.967184 UTC
MN,2024-03-01,19.1200008392334,37.930000305175781,26.950000762939453,5225806,18423,SINGLE_MONTH,2024-01-01,2024-12-31,2025-11-18 17:41:38.967184 UTC
AR,2024-03-01,21.799999237060547,41.310001373291016,30.469999313354492,4928156,15692,SINGLE_MONTH,2024-01-01,2024-12-31,2025-11-18 17:41:38.967184 UTC
OH,2024-03-01,18.829999923706055,36.189998626708984,26.1299991607666,4766741,18521,SINGLE_MONTH,2024-01-01,2024-12-31,2025-11-18 17:41:38.967184 UTC
IN,2024-03-01,18.389999389648438,35.299999237060547,25.25,4738386,16002,SINGLE_MONTH,2024-01-01,2024-12-31,2025-11-18 17:41:38.967184 UTC
MI,2024-03-01,18.360000610351562,36.380001068115234,26.159999847412109,4549376,15644,SINGLE_MONTH,2024-01-01,2024-12-31,2025-11-18 17:41:38.967184 UTC
UT,2024-03-01,16.549999237060547,32.7400016784668,23.020000457763672,4225005,17918,SINGLE_MONTH,2024-01-01,2024-12-31,2025-11-18 17:41:38.967184 UTC
IA,2024-03-01,14.930000305175781,30.079999923706055,20.959999084472656,4005638,12691,SINGLE_MONTH,2024-01-01,2024-12-31,2025-11-18 17:41:38.967184 UTC
WV,2024-03-01,17.510000228881836,34.599998474121094,24.75,3506098,10177,SINGLE_MONTH,2024-01-01,2024-12-31,2025-11-18 17:41:38.967184 UTC
MA,2024-03-01,14.100000381469727,27.489999771118164,19.350000381469727,3415564,24923,SINGLE_MONTH,2024-01-01,2024-12-31,2025-11-18 17:41:38.967184 UTC
OR,2024-03-01,17.819999694824219,35.889999389648438,25.090000152587891,2930460,9667,SINGLE_MONTH,2024-01-01,2024-12-31,2025-11-18 17:41:38.967184 UTC
MD,2024-03-01,21.180000305175781,42.650001525878906,30.290000915527344,2779387,11033,SINGLE_MONTH,2024-01-01,2024-12-31,2025-11-18 17:41:38.967184 UTC
SD,2024-03-01,19.690000534057617,39.540000915527344,28.299999237060547,2708666,8293,SINGLE_MONTH,2024-01-01,2024-12-31,2025-11-18 17:41:38.967184 UTC
ID,2024-03-01,18.530000686645508,37.349998474121094,26.680000305175781,2421143,6683,SINGLE_MONTH,2024-01-01,2024-12-31,2025-11-18 17:41:38.967184 UTC
NE,2024-03-01,18.979999542236328,37.459999084472656,26.909999847412109,2167640,8004,SINGLE_MONTH,2024-01-01,2024-12-31,2025-11-18 17:41:38.967184 UTC
MT,2024-03-01,21.079999923706055,40.590000152587891,29.420000076293945,1825588,4992,SINGLE_MONTH,2024-01-01,2024-12-31,2025-11-18 17:41:38.967184 UTC
DC,2024-03-01,17.719999313354492,37.060001373291016,24.719999313354492,1822011,6673,SINGLE_MONTH,2024-01-01,2024-12-31,2025-11-18 17:41:38.967184 UTC
NJ,2024-03-01,19.090000152587891,37.5,26.440000534057617,1626913,6975,SINGLE_MONTH,2024-01-01,2024-12-31,2025-11-18 17:41:38.967184 UTC
WY,2024-03-01,22.229999542236328,41.040000915527344,30.399999618530273,1360928,4592,SINGLE_MONTH,2024-01-01,2024-12-31,2025-11-18 17:41:38.967184 UTC
ND,2024-03-01,19.780000686645508,38.770000457763672,28.219999313354492,1349280,4296,SINGLE_MONTH,2024-01-01,2024-12-31,2025-11-18 17:41:38.967184 UTC
CT,2024-03-01,19.229999542236328,39.090000152587891,27.010000228881836,1041666,4156,SINGLE_MONTH,2024-01-01,2024-12-31,2025-11-18 17:41:38.967184 UTC
DE,2024-03-01,7.4499998092651367,22.420000076293945,12.760000228881836,1014345,3215,SINGLE_MONTH,2024-01-01,2024-12-31,2025-11-18 17:41:38.967184 UTC
NH,2024-03-01,18.909999847412109,41.099998474121094,28.020000457763672,694566,3175,SINGLE_MONTH,2024-01-01,2024-12-31,2025-11-18 17:41:38.967184 UTC
ME,2024-03-01,19.889999389648438,41.369998931884766,29.229999542236328,595166,2178,SINGLE_MONTH,2024-01-01,2024-12-31,2025-11-18 17:41:38.967184 UTC
VT,2024-03-01,15.359999656677246,29.979999542236328,21.440000534057617,567200,2074,SINGLE_MONTH,2024-01-01,2024-12-31,2025-11-18 17:41:38.967184 UTC
RI,2024-03-01,16.700000762939453,37.930000305175781,24.340000152587891,328663,1193,ROLLING_3MO,2024-01-01,2024-12-31,2025-11-18 17:41:38.967184 UTC
XX,2024-03-01,9.0299997329711914,15.220000267028809,11.390000343322754,15233,16,EXCLUDE,2024-01-01,2024-12-31,2025-11-18 17:41:38.967184 UTC
TX,2024-04-01,19.809999465942383,37.849998474121094,27.309999465942383,26224053,75561,SINGLE_MONTH,2024-01-01,2024-12-31,2025-11-18 17:41:38.967184 UTC
FL,2024-04-01,24.559999465942383,48.810001373291016,34.720001220703125,23384379,68125,SINGLE_MONTH,2024-01-01,2024-12-31,2025-11-18 17:41:38.967184 UTC
CA,2024-04-01,19.420000076293945,40.040000915527344,27.610000610351562,23274668,76995,SINGLE_MONTH,2024-01-01,2024-12-31,2025-11-18 17:41:38.967184 UTC
TN,2024-04-01,21.909999847412109,40.650001525878906,30.729999542236328,15153824,42641,SINGLE_MONTH,2024-01-01,2024-12-31,2025-11-18 17:41:38.967184 UTC
VA,2024-04-01,18.530000686645508,35.689998626708984,25.579999923706055,12199035,28064,SINGLE_MONTH,2024-01-01,2024-12-31,2025-11-18 17:41:38.967184 UTC
GA,2024-04-01,18.6200008392334,35.099998474121094,25.590000152587891,10269772,35569,SINGLE_MONTH,2024-01-01,2024-12-31,2025-11-18 17:41:38.967184 UTC
OK,2024-04-01,14.319999694824219,28.659999847412109,19.909999847412109,10241342,25853,SINGLE_MONTH,2024-01-01,2024-12-31,2025-11-18 17:41:38.967184 UTC
AZ,2024-04-01,20.430000305175781,40.209999084472656,29.059999465942383,10077232,27098,SINGLE_MONTH,2024-01-01,2024-12-31,2025-11-18 17:41:38.967184 UTC
NV,2024-04-01,24.0,46.139999389648438,33.2599983215332,9704307,24606,SINGLE_MONTH,2024-01-01,2024-12-31,2025-11-18 17:41:38.967184 UTC
IL,2024-04-01,17.020000457763672,33.389999389648438,23.6299991607666,9679895,38753,SINGLE_MONTH,2024-01-01,2024-12-31,2025-11-18 17:41:38.967184 UTC
CO,2024-04-01,18.989999771118164,36.779998779296875,26.149999618530273,9305159,28805,SINGLE_MONTH,2024-01-01,2024-12-31,2025-11-18 17:41:38.967184 UTC
LA,2024-04-01,21.25,40.650001525878906,29.540000915527344,8688125,23927,SINGLE_MONTH,2024-01-01,2024-12-31,2025-11-18 17:41:38.967184 UTC
NC,2024-04-01,20.819999694824219,39.549999237060547,28.809999465942383,8305294,25164,SINGLE_MONTH,2024-01-01,2024-12-31,2025-11-18 17:41:38.967184 UTC
WI,2024-04-01,16.569999694824219,32.709999084472656,23.309999465942383,8202446,27293,SINGLE_MONTH,2024-01-01,2024-12-31,2025-11-18 17:41:38.967184 UTC
MS,2024-04-01,17.260000228881836,33.229999542236328,23.819999694824219,8054898,19603,SINGLE_MONTH,2024-01-01,2024-12-31,2025-11-18 17:41:38.967184 UTC
PA,2024-04-01,16.600000381469727,32.409999847412109,23.209999084472656,7905355,29081,SINGLE_MONTH,2024-01-01,2024-12-31,2025-11-18 17:41:38.967184 UTC
AK,2024-04-01,22.180000305175781,42.689998626708984,30.829999923706055,7689941,16428,SINGLE_MONTH,2024-01-01,2024-12-31,2025-11-18 17:41:38.967184 UTC
KS,2024-04-01,17.319999694824219,33.2599983215332,24.049999237060547,7088744,20455,SINGLE_MONTH,2024-01-01,2024-12-31,2025-11-18 17:41:38.967184 UTC
MO,2024-04-01,18.680000305175781,35.810001373291016,26.090000152587891,6587699,22497,SINGLE_MONTH,2024-01-01,2024-12-31,2025-11-18 17:41:38.967184 UTC
KY,2024-04-01,19.790000915527344,36.979999542236328,27.209999084472656,5933948,20540,SINGLE_MONTH,2024-01-01,2024-12-31,2025-11-18 17:41:38.967184 UTC
SC,2024-04-01,21.270000457763672,42.590000152587891,30.340000152587891,5843995,18441,SINGLE_MONTH,2024-01-01,2024-12-31,2025-11-18 17:41:38.967184 UTC
MA,2024-04-01,10.699999809265137,22.610000610351562,15.079999923706055,5756216,40194,SINGLE_MONTH,2024-01-01,2024-12-31,2025-11-18 17:41:38.967184 UTC
NY,2024-04-01,16.1299991607666,34.020000457763672,23.319999694824219,5718750,21747,SINGLE_MONTH,2024-01-01,2024-12-31,2025-11-18 17:41:38.967184 UTC
WA,2024-04-01,19.940000534057617,38.080001831054688,27.290000915527344,5463738,17721,SINGLE_MONTH,2024-01-01,2024-12-31,2025-11-18 17:41:38.967184 UTC
IN,2024-04-01,17.340000152587891,32.830001831054688,23.569999694824219,5324157,17642,SINGLE_MONTH,2024-01-01,2024-12-31,2025-11-18 17:41:38.967184 UTC
MN,2024-04-01,18.329999923706055,35.560001373291016,25.540000915527344,5322946,18299,SINGLE_MONTH,2024-01-01,2024-12-31,2025-11-18 17:41:38.967184 UTC
HI,2024-04-01,21.489999771118164,43.590000152587891,30.3700008392334,5161057,12581,SINGLE_MONTH,2024-01-01,2024-12-31,2025-11-18 17:41:38.967184 UTC
NM,2024-04-01,22.829999923706055,41.7599983215332,31.409999847412109,5095935,15073,SINGLE_MONTH,2024-01-01,2024-12-31,2025-11-18 17:41:38.967184 UTC
OH,2024-04-01,18.719999313354492,36.110000610351562,26.059999465942383,5010271,19033,SINGLE_MONTH,2024-01-01,2024-12-31,2025-11-18 17:41:38.967184 UTC
AL,2024-04-01,19.819999694824219,39.7400016784668,28.360000610351562,4954020,15552,SINGLE_MONTH,2024-01-01,2024-12-31,2025-11-18 17:41:38.967184 UTC
AR,2024-04-01,19.75,36.959999084472656,27.190000534057617,4668128,14878,SINGLE_MONTH,2024-01-01,2024-12-31,2025-11-18 17:41:38.967184 UTC
MI,2024-04-01,17.610000610351562,34.450000762939453,24.930000305175781,4660959,15925,SINGLE_MONTH,2024-01-01,2024-12-31,2025-11-18 17:41:38.967184 UTC
IA,2024-04-01,13.460000038146973,26.790000915527344,18.639999389648438,4450039,12665,SINGLE_MONTH,2024-01-01,2024-12-31,2025-11-18 17:41:38.967184 UTC
UT,2024-04-01,16.209999084472656,32.700000762939453,23.139999389648438,3658024,13268,SINGLE_MONTH,2024-01-01,2024-12-31,2025-11-18 17:41:38.967184 UTC
WV,2024-04-01,16.809999465942383,32.560001373291016,23.590000152587891,3342527,9293,SINGLE_MONTH,2024-01-01,2024-12-31,2025-11-18 17:41:38.967184 UTC
OR,2024-04-01,17.469999313354492,34.939998626708984,24.639999389648438,2978389,9949,SINGLE_MONTH,2024-01-01,2024-12-31,2025-11-18 17:41:38.967184 UTC
MD,2024-04-01,21.739999771118164,43.130001068115234,30.809999465942383,2623275,10788,SINGLE_MONTH,2024-01-01,2024-12-31,2025-11-18 17:41:38.967184 UTC
SD,2024-04-01,18.200000762939453,36.080001831054688,25.790000915527344,2429828,7692,SINGLE_MONTH,2024-01-01,2024-12-31,2025-11-18 17:41:38.967184 UTC
ID,2024-04-01,18.569999694824219,37.0099983215332,26.590000152587891,2283242,6610,SINGLE_MONTH,2024-01-01,2024-12-31,2025-11-18 17:41:38.967184 UTC
NE,2024-04-01,18.219999313354492,34.040000915527344,24.639999389648438,2072235,7533,SINGLE_MONTH,2024-01-01,2024-12-31,2025-11-18 17:41:38.967184 UTC
MT,2024-04-01,20.709999084472656,38.4900016784668,28.739999771118164,1647274,4839,SINGLE_MONTH,2024-01-01,2024-12-31,2025-11-18 17:41:38.967184 UTC
NJ,2024-04-01,20.0,38.520000457763672,27.760000228881836,1615684,6948,SINGLE_MONTH,2024-01-01,2024-12-31,2025-11-18 17:41:38.967184 UTC
DC,2024-04-01,17.350000381469727,35.680000305175781,24.079999923706055,1605143,6077,SINGLE_MONTH,2024-01-01,2024-12-31,2025-11-18 17:41:38.967184 UTC
ND,2024-04-01,19.0,36.110000610351562,26.170000076293945,1385116,4476,SINGLE_MONTH,2024-01-01,2024-12-31,2025-11-18 17:41:38.967184 UTC
WY,2024-04-01,21.559999465942383,39.130001068115234,29.6299991607666,1340843,4514,SINGLE_MONTH,2024-01-01,2024-12-31,2025-11-18 17:41:38.967184 UTC
CT,2024-04-01,17.559999465942383,36.7599983215332,24.860000610351562,1166374,4371,SINGLE_MONTH,2024-01-01,2024-12-31,2025-11-18 17:41:38.967184 UTC
DE,2024-04-01,8.5,25.709999084472656,14.460000038146973,1051741,3526,SINGLE_MONTH,2024-01-01,2024-12-31,2025-11-18 17:41:38.967184 UTC
ME,2024-04-01,19.840000152587891,42.200000762939453,29.700000762939453,687056,2654,SINGLE_MONTH,2024-01-01,2024-12-31,2025-11-18 17:41:38.967184 UTC
NH,2024-04-01,18.840000152587891,40.540000915527344,27.670000076293945,651198,3045,SINGLE_MONTH,2024-01-01,2024-12-31,2025-11-18 17:41:38.967184 UTC
VT,2024-04-01,15.069999694824219,30.700000762939453,20.799999237060547,453592,1828,ROLLING_3MO,2024-01-01,2024-12-31,2025-11-18 17:41:38.967184 UTC
RI,2024-04-01,14.550000190734863,33.169998168945312,21.649999618530273,396580,1334,ROLLING_3MO,2024-01-01,2024-12-31,2025-11-18 17:41:38.967184 UTC
XX,2024-04-01,11.729999542236328,15.930000305175781,14.699999809265137,15706,15,EXCLUDE,2024-01-01,2024-12-31,2025-11-18 17:41:38.967184 UTC
TX,2024-05-01,20.549999237060547,39.729999542236328,28.680000305175781,26137178,76488,SINGLE_MONTH,2024-01-01,2024-12-31,2025-11-18 17:41:38.967184 UTC
CA,2024-05-01,19.889999389648438,40.930000305175781,28.260000228881836,24151495,82516,SINGLE_MONTH,2024-01-01,2024-12-31,2025-11-18 17:41:38.967184 UTC
FL,2024-05-01,24.540000915527344,49.180000305175781,34.869998931884766,23216530,68373,SINGLE_MONTH,2024-01-01,2024-12-31,2025-11-18 17:41:38.967184 UTC
TN,2024-05-01,22.969999313354492,42.029998779296875,32.040000915527344,14991292,43777,SINGLE_MONTH,2024-01-01,2024-12-31,2025-11-18 17:41:38.967184 UTC
VA,2024-05-01,19.840000152587891,38.5,27.420000076293945,11795146,29422,SINGLE_MONTH,2024-01-01,2024-12-31,2025-11-18 17:41:38.967184 UTC
OK,2024-05-01,15.100000381469727,30.6299991607666,21.309999465942383,10420268,27765,SINGLE_MONTH,2024-01-01,2024-12-31,2025-11-18 17:41:38.967184 UTC
GA,2024-05-01,19.399999618530273,36.790000915527344,26.680000305175781,9982385,36284,SINGLE_MONTH,2024-01-01,2024-12-31,2025-11-18 17:41:38.967184 UTC
CO,2024-05-01,20.340000152587891,39.380001068115234,28.280000686645508,9863969,33112,SINGLE_MONTH,2024-01-01,2024-12-31,2025-11-18 17:41:38.967184 UTC
IL,2024-05-01,18.200000762939453,35.7599983215332,25.239999771118164,9843968,41403,SINGLE_MONTH,2024-01-01,2024-12-31,2025-11-18 17:41:38.967184 UTC
NV,2024-05-01,23.659999847412109,45.849998474121094,32.650001525878906,9735889,25688,SINGLE_MONTH,2024-01-01,2024-12-31,2025-11-18 17:41:38.967184 UTC
NC,2024-05-01,22.1200008392334,41.619998931884766,30.360000610351562,9195880,28568,SINGLE_MONTH,2024-01-01,2024-12-31,2025-11-18 17:41:38.967184 UTC
WI,2024-05-01,18.319999694824219,35.840000152587891,26.010000228881836,9043710,32323,SINGLE_MONTH,2024-01-01,2024-12-31,2025-11-18 17:41:38.967184 UTC
AZ,2024-05-01,21.100000381469727,41.450000762939453,29.989999771118164,8540671,25794,SINGLE_MONTH,2024-01-01,2024-12-31,2025-11-18 17:41:38.967184 UTC
AK,2024-05-01,23.549999237060547,45.150001525878906,33.0099983215332,8479577,20347,SINGLE_MONTH,2024-01-01,2024-12-31,2025-11-18 17:41:38.967184 UTC
LA,2024-05-01,22.180000305175781,42.040000915527344,30.610000610351562,8380379,23953,SINGLE_MONTH,2024-01-01,2024-12-31,2025-11-18 17:41:38.967184 UTC
PA,2024-05-01,18.200000762939453,34.900001525878906,25.209999084472656,7298114,28487,SINGLE_MONTH,2024-01-01,2024-12-31,2025-11-18 17:41:38.967184 UTC
MS,2024-05-01,19.360000610351562,37.299999237060547,27.299999237060547,7243269,19882,SINGLE_MONTH,2024-01-01,2024-12-31,2025-11-18 17:41:38.967184 UTC
KS,2024-05-01,18.819999694824219,36.209999084472656,26.350000381469727,7137947,21851,SINGLE_MONTH,2024-01-01,2024-12-31,2025-11-18 17:41:38.967184 UTC
MO,2024-05-01,20.170000076293945,39.049999237060547,28.340000152587891,6997432,25226,SINGLE_MONTH,2024-01-01,2024-12-31,2025-11-18 17:41:38.967184 UTC
SC,2024-05-01,22.899999618530273,45.229999542236328,32.419998168945312,6192104,19184,SINGLE_MONTH,2024-01-01,2024-12-31,2025-11-18 17:41:38.967184 UTC
MA,2024-05-01,11.090000152587891,23.6299991607666,15.390000343322754,6074427,42234,SINGLE_MONTH,2024-01-01,2024-12-31,2025-11-18 17:41:38.967184 UTC
NY,2024-05-01,16.829999923706055,35.279998779296875,24.190000534057617,5905838,24048,SINGLE_MONTH,2024-01-01,2024-12-31,2025-11-18 17:41:38.967184 UTC
WA,2024-05-01,20.639999389648438,38.900001525878906,28.090000152587891,5806949,19521,SINGLE_MONTH,2024-01-01,2024-12-31,2025-11-18 17:41:38.967184 UTC
KY,2024-05-01,21.079999923706055,39.180000305175781,29.1200008392334,5656500,20714,SINGLE_MONTH,2024-01-01,2024-12-31,2025-11-18 17:41:38.967184 UTC
MN,2024-05-01,19.459999084472656,37.779998779296875,27.280000686645508,5596858,20264,SINGLE_MONTH,2024-01-01,2024-12-31,2025-11-18 17:41:38.967184 UTC
NM,2024-05-01,23.6299991607666,43.2400016784668,32.569999694824219,5421549,16376,SINGLE_MONTH,2024-01-01,2024-12-31,2025-11-18 17:41:38.967184 UTC
AL,2024-05-01,23.6299991607666,45.450000762939453,32.939998626708984,5235904,18053,SINGLE_MONTH,2024-01-01,2024-12-31,2025-11-18 17:41:38.967184 UTC
HI,2024-05-01,22.049999237060547,43.849998474121094,30.850000381469727,5148575,12823,SINGLE_MONTH,2024-01-01,2024-12-31,2025-11-18 17:41:38.967184 UTC
MI,2024-05-01,20.680000305175781,38.400001525878906,28.520000457763672,4758119,18466,SINGLE_MONTH,2024-01-01,2024-12-31,2025-11-18 17:41:38.967184 UTC
IN,2024-05-01,19.590000152587891,37.169998168945312,27.110000610351562,4751416,16857,SINGLE_MONTH,2024-01-01,2024-12-31,2025-11-18 17:41:38.967184 UTC
AR,2024-05-01,21.549999237060547,39.950000762939453,29.739999771118164,4727895,15674,SINGLE_MONTH,2024-01-01,2024-12-31,2025-11-18 17:41:38.967184 UTC
OH,2024-05-01,20.489999771118164,38.139999389648438,28.209999084472656,4623421,18814,SINGLE_MONTH,2024-01-01,2024-12-31,2025-11-18 17:41:38.967184 UTC
IA,2024-05-01,16.030000686645508,32.200000762939453,22.579999923706055,4049056,13884,SINGLE_MONTH,2024-01-01,2024-12-31,2025-11-18 17:41:38.967184 UTC
UT,2024-05-01,16.549999237060547,32.689998626708984,23.090000152587891,3635338,13635,SINGLE_MONTH,2024-01-01,2024-12-31,2025-11-18 17:41:38.967184 UTC
MD,2024-05-01,22.389999389648438,44.020000457763672,31.510000228881836,3310081,13561,SINGLE_MONTH,2024-01-01,2024-12-31,2025-11-18 17:41:38.967184 UTC
WV,2024-05-01,18.540000915527344,35.849998474121094,26.280000686645508,3111861,9599,SINGLE_MONTH,2024-01-01,2024-12-31,2025-11-18 17:41:38.967184 UTC
OR,2024-05-01,18.549999237060547,36.799999237060547,26.030000686645508,3097493,10796,SINGLE_MONTH,2024-01-01,2024-12-31,2025-11-18 17:41:38.967184 UTC
SD,2024-05-01,20.399999618530273,39.2599983215332,28.520000457763672,2654349,8916,SINGLE_MONTH,2024-01-01,2024-12-31,2025-11-18 17:41:38.967184 UTC
ID,2024-05-01,19.950000762939453,38.409999847412109,28.219999313354492,2399998,7281,SINGLE_MONTH,2024-01-01,2024-12-31,2025-11-18 17:41:38.967184 UTC
NE,2024-05-01,19.530000686645508,37.25,27.149999618530273,2143537,8347,SINGLE_MONTH,2024-01-01,2024-12-31,2025-11-18 17:41:38.967184 UTC
NJ,2024-05-01,19.479999542236328,39.430000305175781,27.510000228881836,2022313,9066,SINGLE_MONTH,2024-01-01,2024-12-31,2025-11-18 17:41:38.967184 UTC
MT,2024-05-01,21.639999389648438,40.560001373291016,30.049999237060547,1915769,5975,SINGLE_MONTH,2024-01-01,2024-12-31,2025-11-18 17:41:38.967184 UTC
WY,2024-05-01,22.559999465942383,41.080001831054688,31.059999465942383,1624218,5926,SINGLE_MONTH,2024-01-01,2024-12-31,2025-11-18 17:41:38.967184 UTC
DC,2024-05-01,17.100000381469727,36.220001220703125,24.1200008392334,1461458,5796,SINGLE_MONTH,2024-01-01,2024-12-31,2025-11-18 17:41:38.967184 UTC
ND,2024-05-01,19.680000305175781,38.049999237060547,27.6200008392334,1436352,4700,SINGLE_MONTH,2024-01-01,2024-12-31,2025-11-18 17:41:38.967184 UTC
DE,2024-05-01,10.079999923706055,28.569999694824219,16.639999389648438,1345104,4803,SINGLE_MONTH,2024-01-01,2024-12-31,2025-11-18 17:41:38.967184 UTC
CT,2024-05-01,19.420000076293945,39.130001068115234,27.719999313354492,1118570,4451,SINGLE_MONTH,2024-01-01,2024-12-31,2025-11-18 17:41:38.967184 UTC
ME,2024-05-01,23.149999618530273,48.099998474121094,33.549999237060547,762986,3551,SINGLE_MONTH,2024-01-01,2024-12-31,2025-11-18 17:41:38.967184 UTC
NH,2024-05-01,22.239999771118164,44.979999542236328,32.650001525878906,658229,3561,SINGLE_MONTH,2024-01-01,2024-12-31,2025-11-18 17:41:38.967184 UTC
VT,2024-05-01,15.609999656677246,32.369998931884766,21.829999923706055,377865,1514,ROLLING_3MO,2024-01-01,2024-12-31,2025-11-18 17:41:38.967184 UTC
RI,2024-05-01,17.979999542236328,38.790000915527344,26.510000228881836,364960,1469,ROLLING_3MO,2024-01-01,2024-12-31,2025-11-18 17:41:38.967184 UTC
XX,2024-05-01,8.15999984741211,14.289999961853027,10.350000381469727,15818,18,EXCLUDE,2024-01-01,2024-12-31,2025-11-18 17:41:38.967184 UTC
TX,2024-06-01,21.010000228881836,41.080001831054688,29.469999313354492,26962140,77996,SINGLE_MONTH,2024-01-01,2024-12-31,2025-11-18 17:41:38.967184 UTC
FL,2024-06-01,25.559999465942383,52.75,36.9900016784668,25654797,75745,SINGLE_MONTH,2024-01-01,2024-12-31,2025-11-18 17:41:38.967184 UTC
CA,2024-06-01,20.790000915527344,42.790000915527344,29.850000381469727,25166697,86906,SINGLE_MONTH,2024-01-01,2024-12-31,2025-11-18 17:41:38.967184 UTC
TN,2024-06-01,24.270000457763672,43.970001220703125,33.720001220703125,15939324,47627,SINGLE_MONTH,2024-01-01,2024-12-31,2025-11-18 17:41:38.967184 UTC
VA,2024-06-01,21.690000534057617,41.669998168945312,30.479999542236328,12316731,32908,SINGLE_MONTH,2024-01-01,2024-12-31,2025-11-18 17:41:38.967184 UTC
NC,2024-06-01,23.579999923706055,45.2599983215332,32.720001220703125,11608194,35666,SINGLE_MONTH,2024-01-01,2024-12-31,2025-11-18 17:41:38.967184 UTC
CO,2024-06-01,20.799999237060547,40.830001831054688,29.329999923706055,11193814,38307,SINGLE_MONTH,2024-01-01,2024-12-31,2025-11-18 17:41:38.967184 UTC
GA,2024-06-01,20.319999694824219,38.770000457763672,28.149999618530273,10511632,38632,SINGLE_MONTH,2024-01-01,2024-12-31,2025-11-18 17:41:38.967184 UTC
OK,2024-06-01,15.649999618530273,31.600000381469727,22.069999694824219,10294362,27854,SINGLE_MONTH,2024-01-01,2024-12-31,2025-11-18 17:41:38.967184 UTC
IL,2024-06-01,18.690000534057617,37.090000152587891,25.989999771118164,10191229,44724,SINGLE_MONTH,2024-01-01,2024-12-31,2025-11-18 17:41:38.967184 UTC
WI,2024-06-01,19.389999389648438,37.869998931884766,27.3799991607666,9896117,37585,SINGLE_MONTH,2024-01-01,2024-12-31,2025-11-18 17:41:38.967184 UTC
NV,2024-06-01,23.520000457763672,46.119998931884766,32.590000152587891,9384743,24854,SINGLE_MONTH,2024-01-01,2024-12-31,2025-11-18 17:41:38.967184 UTC
SC,2024-06-01,24.840000152587891,51.450000762939453,35.779998779296875,8732516,25477,SINGLE_MONTH,2024-01-01,2024-12-31,2025-11-18 17:41:38.967184 UTC
AK,2024-06-01,22.969999313354492,44.0099983215332,32.369998931884766,8433133,22154,SINGLE_MONTH,2024-01-01,2024-12-31,2025-11-18 17:41:38.967184 UTC
LA,2024-06-01,22.909999847412109,43.849998474121094,32.150001525878906,7895011,23034,SINGLE_MONTH,2024-01-01,2024-12-31,2025-11-18 17:41:38.967184 UTC
PA,2024-06-01,18.920000076293945,36.169998168945312,26.170000076293945,7733067,30525,SINGLE_MONTH,2024-01-01,2024-12-31,2025-11-18 17:41:38.967184 UTC
MS,2024-06-01,20.350000381469727,39.569999694824219,28.8700008392334,7589408,20626,SINGLE_MONTH,2024-01-01,2024-12-31,2025-11-18 17:41:38.967184 UTC
MO,2024-06-01,21.489999771118164,41.360000610351562,30.360000610351562,7574944,27796,SINGLE_MONTH,2024-01-01,2024-12-31,2025-11-18 17:41:38.967184 UTC
AZ,2024-06-01,21.340000152587891,42.180000305175781,30.479999542236328,7436840,22198,SINGLE_MONTH,2024-01-01,2024-12-31,2025-11-18 17:41:38.967184 UTC
KS,2024-06-01,19.329999923706055,37.090000152587891,27.0,6770776,21032,SINGLE_MONTH,2024-01-01,2024-12-31,2025-11-18 17:41:38.967184 UTC
NY,2024-06-01,17.950000762939453,37.090000152587891,25.729999542236328,6433104,27252,SINGLE_MONTH,2024-01-01,2024-12-31,2025-11-18 17:41:38.967184 UTC
MN,2024-06-01,20.440000534057617,39.209999084472656,28.479999542236328,6389280,23932,SINGLE_MONTH,2024-01-01,2024-12-31,2025-11-18 17:41:38.967184 UTC
WA,2024-06-01,20.639999389648438,40.029998779296875,28.440000534057617,6257146,21328,SINGLE_MONTH,2024-01-01,2024-12-31,2025-11-18 17:41:38.967184 UTC
MA,2024-06-01,11.909999847412109,24.569999694824219,16.1299991607666,6155051,43117,SINGLE_MONTH,2024-01-01,2024-12-31,2025-11-18 17:41:38.967184 UTC
AL,2024-06-01,26.969999313354492,52.790000915527344,37.720001220703125,5963653,20417,SINGLE_MONTH,2024-01-01,2024-12-31,2025-11-18 17:41:38.967184 UTC
MI,2024-06-01,21.799999237060547,40.029998779296875,30.010000228881836,5651989,22609,SINGLE_MONTH,2024-01-01,2024-12-31,2025-11-18 17:41:38.967184 UTC
KY,2024-06-01,21.790000915527344,40.099998474121094,29.959999084472656,5575564,20962,SINGLE_MONTH,2024-01-01,2024-12-31,2025-11-18 17:41:38.967184 UTC
NM,2024-06-01,23.559999465942383,43.169998168945312,32.580001831054688,5307162,16356,SINGLE_MONTH,2024-01-01,2024-12-31,2025-11-18 17:41:38.967184 UTC
HI,2024-06-01,21.850000381469727,43.450000762939453,30.270000457763672,5253622,13222,SINGLE_MONTH,2024-01-01,2024-12-31,2025-11-18 17:41:38.967184 UTC
OH,2024-06-01,20.680000305175781,38.869998931884766,28.75,5248438,21622,SINGLE_MONTH,2024-01-01,2024-12-31,2025-11-18 17:41:38.967184 UTC
AR,2024-06-01,22.219999313354492,41.200000762939453,30.579999923706055,4849317,15773,SINGLE_MONTH,2024-01-01,2024-12-31,2025-11-18 17:41:38.967184 UTC
IN,2024-06-01,20.479999542236328,38.400001525878906,28.170000076293945,4667075,17286,SINGLE_MONTH,2024-01-01,2024-12-31,2025-11-18 17:41:38.967184 UTC
MD,2024-06-01,22.159999847412109,46.430000305175781,31.950000762939453,4505895,18382,SINGLE_MONTH,2024-01-01,2024-12-31,2025-11-18 17:41:38.967184 UTC
IA,2024-06-01,18.389999389648438,36.150001525878906,25.950000762939453,3786639,14079,SINGLE_MONTH,2024-01-01,2024-12-31,2025-11-18 17:41:38.967184 UTC
UT,2024-06-01,17.430000305175781,34.830001831054688,24.639999389648438,3693903,13828,SINGLE_MONTH,2024-01-01,2024-12-31,2025-11-18 17:41:38.967184 UTC
OR,2024-06-01,18.979999542236328,38.400001525878906,26.899999618530273,3486324,12466,SINGLE_MONTH,2024-01-01,2024-12-31,2025-11-18 17:41:38.967184 UTC
WV,2024-06-01,18.420000076293945,36.150001525878906,26.209999084472656,3118892,10029,SINGLE_MONTH,2024-01-01,2024-12-31,2025-11-18 17:41:38.967184 UTC
SD,2024-06-01,21.209999084472656,41.119998931884766,30.1299991607666,3017585,10401,SINGLE_MONTH,2024-01-01,2024-12-31,2025-11-18 17:41:38.967184 UTC
NJ,2024-06-01,20.389999389648438,42.069999694824219,29.170000076293945,2874909,13736,SINGLE_MONTH,2024-01-01,2024-12-31,2025-11-18 17:41:38.967184 UTC
ID,2024-06-01,20.290000915527344,38.889999389648438,28.920000076293945,2551997,8138,SINGLE_MONTH,2024-01-01,2024-12-31,2025-11-18 17:41:38.967184 UTC
MT,2024-06-01,22.030000686645508,41.900001525878906,30.940000534057617,2312049,7527,SINGLE_MONTH,2024-01-01,2024-12-31,2025-11-18 17:41:38.967184 UTC
NE,2024-06-01,20.239999771118164,38.819999694824219,28.069999694824219,2261836,8996,SINGLE_MONTH,2024-01-01,2024-12-31,2025-11-18 17:41:38.967184 UTC
WY,2024-06-01,22.920000076293945,41.319999694824219,31.180000305175781,1942616,7165,SINGLE_MONTH,2024-01-01,2024-12-31,2025-11-18 17:41:38.967184 UTC
DE,2024-06-01,10.930000305175781,32.209999084472656,19.520000457763672,1855539,7340,SINGLE_MONTH,2024-01-01,2024-12-31,2025-11-18 17:41:38.967184 UTC
DC,2024-06-01,16.149999618530273,32.340000152587891,22.209999084472656,1638396,6102,SINGLE_MONTH,2024-01-01,2024-12-31,2025-11-18 17:41:38.967184 UTC
ND,2024-06-01,20.6200008392334,38.459999084472656,28.420000076293945,1491368,4993,SINGLE_MONTH,2024-01-01,2024-12-31,2025-11-18 17:41:38.967184 UTC
CT,2024-06-01,22.010000228881836,43.220001220703125,30.420000076293945,1098185,4843,SINGLE_MONTH,2024-01-01,2024-12-31,2025-11-18 17:41:38.967184 UTC
ME,2024-06-01,25.590000152587891,51.610000610351562,36.5,1034391,5026,SINGLE_MONTH,2024-01-01,2024-12-31,2025-11-18 17:41:38.967184 UTC
NH,2024-06-01,26.360000610351562,51.659999847412109,37.290000915527344,805921,4400,SINGLE_MONTH,2024-01-01,2024-12-31,2025-11-18 17:41:38.967184 UTC
RI,2024-06-01,20.950000762939453,44.319999694824219,31.010000228881836,442039,2038,SINGLE_MONTH,2024-01-01,2024-12-31,2025-11-18 17:41:38.967184 UTC
VT,2024-06-01,17.159999847412109,34.569999694824219,24.360000610351562,413762,1779,ROLLING_3MO,2024-01-01,2024-12-31,2025-11-18 17:41:38.967184 UTC
XX,2024-06-01,7.8899998664855957,17.270000457763672,13.340000152587891,15667,30,EXCLUDE,2024-01-01,2024-12-31,2025-11-18 17:41:38.967184 UTC
CA,2024-07-01,20.850000381469727,43.040000915527344,29.790000915527344,26305071,91284,SINGLE_MONTH,2024-01-01,2024-12-31,2025-11-18 17:41:38.967184 UTC
TX,2024-07-01,20.979999542236328,40.849998474121094,29.350000381469727,26114956,76680,SINGLE_MONTH,2024-01-01,2024-12-31,2025-11-18 17:41:38.967184 UTC
FL,2024-07-01,25.75,54.159999847412109,37.569999694824219,25340668,76180,SINGLE_MONTH,2024-01-01,2024-12-31,2025-11-18 17:41:38.967184 UTC
TN,2024-07-01,24.75,44.840000152587891,34.2400016784668,15393614,46140,SINGLE_MONTH,2024-01-01,2024-12-31,2025-11-18 17:41:38.967184 UTC
CO,2024-07-01,20.780000686645508,41.349998474121094,29.450000762939453,12185764,41746,SINGLE_MONTH,2024-01-01,2024-12-31,2025-11-18 17:41:38.967184 UTC
VA,2024-07-01,21.979999542236328,42.560001373291016,30.780000686645508,11985743,32170,SINGLE_MONTH,2024-01-01,2024-12-31,2025-11-18 17:41:38.967184 UTC
NC,2024-07-01,23.6200008392334,46.470001220703125,33.040000915527344,11906661,36211,SINGLE_MONTH,2024-01-01,2024-12-31,2025-11-18 17:41:38.967184 UTC
WI,2024-07-01,19.729999542236328,39.0,28.190000534057617,10908352,42475,SINGLE_MONTH,2024-01-01,2024-12-31,2025-11-18 17:41:38.967184 UTC
GA,2024-07-01,20.159999847412109,38.950000762939453,28.209999084472656,10120306,38028,SINGLE_MONTH,2024-01-01,2024-12-31,2025-11-18 17:41:38.967184 UTC
OK,2024-07-01,15.5600004196167,31.760000228881836,22.030000686645508,9971129,27233,SINGLE_MONTH,2024-01-01,2024-12-31,2025-11-18 17:41:38.967184 UTC
IL,2024-07-01,19.010000228881836,37.090000152587891,26.309999465942383,9909635,45242,SINGLE_MONTH,2024-01-01,2024-12-31,2025-11-18 17:41:38.967184 UTC
NV,2024-07-01,23.760000228881836,46.619998931884766,33.080001831054688,9541477,25207,SINGLE_MONTH,2024-01-01,2024-12-31,2025-11-18 17:41:38.967184 UTC
SC,2024-07-01,25.030000686645508,54.340000152587891,36.909999847412109,9439343,27677,SINGLE_MONTH,2024-01-01,2024-12-31,2025-11-18 17:41:38.967184 UTC
AK,2024-07-01,23.389999389648438,45.299999237060547,33.130001068115234,8680062,23587,SINGLE_MONTH,2024-01-01,2024-12-31,2025-11-18 17:41:38.967184 UTC
PA,2024-07-01,18.75,35.720001220703125,26.010000228881836,8161206,31837,SINGLE_MONTH,2024-01-01,2024-12-31,2025-11-18 17:41:38.967184 UTC
LA,2024-07-01,22.559999465942383,43.430000305175781,31.600000381469727,7777895,22852,SINGLE_MONTH,2024-01-01,2024-12-31,2025-11-18 17:41:38.967184 UTC
MO,2024-07-01,21.799999237060547,42.340000152587891,30.700000762939453,7734033,28691,SINGLE_MONTH,2024-01-01,2024-12-31,2025-11-18 17:41:38.967184 UTC
MS,2024-07-01,20.579999923706055,39.909999847412109,29.110000610351562,6980504,19636,SINGLE_MONTH,2024-01-01,2024-12-31,2025-11-18 17:41:38.967184 UTC
AZ,2024-07-01,20.819999694824219,41.130001068115234,29.520000457763672,6965870,22070,SINGLE_MONTH,2024-01-01,2024-12-31,2025-11-18 17:41:38.967184 UTC
NY,2024-07-01,18.0,37.619998931884766,25.760000228881836,6743641,28812,SINGLE_MONTH,2024-01-01,2024-12-31,2025-11-18 17:41:38.967184 UTC
MA,2024-07-01,12.829999923706055,25.239999771118164,17.450000762939453,6712704,44865,SINGLE_MONTH,2024-01-01,2024-12-31,2025-11-18 17:41:38.967184 UTC
MI,2024-07-01,21.959999084472656,41.270000457763672,30.610000610351562,6551793,26328,SINGLE_MONTH,2024-01-01,2024-12-31,2025-11-18 17:41:38.967184 UTC
MN,2024-07-01,20.770000457763672,40.520000457763672,29.290000915527344,6484900,24526,SINGLE_MONTH,2024-01-01,2024-12-31,2025-11-18 17:41:38.967184 UTC
WA,2024-07-01,20.8799991607666,40.659999847412109,28.989999771118164,6318350,22278,SINGLE_MONTH,2024-01-01,2024-12-31,2025-11-18 17:41:38.967184 UTC
KS,2024-07-01,19.319999694824219,36.639999389648438,26.950000762939453,6268748,19979,SINGLE_MONTH,2024-01-01,2024-12-31,2025-11-18 17:41:38.967184 UTC
AL,2024-07-01,26.479999542236328,53.139999389648438,37.540000915527344,6006511,21075,SINGLE_MONTH,2024-01-01,2024-12-31,2025-11-18 17:41:38.967184 UTC
KY,2024-07-01,21.680000305175781,40.099998474121094,29.809999465942383,5630944,21219,SINGLE_MONTH,2024-01-01,2024-12-31,2025-11-18 17:41:38.967184 UTC
HI,2024-07-01,21.819999694824219,44.029998779296875,30.579999923706055,5243523,13394,SINGLE_MONTH,2024-01-01,2024-12-31,2025-11-18 17:41:38.967184 UTC
NM,2024-07-01,23.420000076293945,43.810001373291016,32.880001068115234,5103462,16439,SINGLE_MONTH,2024-01-01,2024-12-31,2025-11-18 17:41:38.967184 UTC
OH,2024-07-01,21.399999618530273,40.389999389648438,29.889999389648438,4943721,20845,SINGLE_MONTH,2024-01-01,2024-12-31,2025-11-18 17:41:38.967184 UTC
MD,2024-07-01,22.450000762939453,47.930000305175781,33.130001068115234,4835067,19273,SINGLE_MONTH,2024-01-01,2024-12-31,2025-11-18 17:41:38.967184 UTC
IN,2024-07-01,20.709999084472656,39.119998931884766,28.680000305175781,4798365,17803,SINGLE_MONTH,2024-01-01,2024-12-31,2025-11-18 17:41:38.967184 UTC
AR,2024-07-01,22.350000381469727,41.860000610351562,30.979999542236328,4746851,15723,SINGLE_MONTH,2024-01-01,2024-12-31,2025-11-18 17:41:38.967184 UTC
OR,2024-07-01,20.110000610351562,39.840000152587891,28.450000762939453,3574199,12715,SINGLE_MONTH,2024-01-01,2024-12-31,2025-11-18 17:41:38.967184 UTC
UT,2024-07-01,17.360000610351562,34.310001373291016,24.389999389648438,3550242,13665,SINGLE_MONTH,2024-01-01,2024-12-31,2025-11-18 17:41:38.967184 UTC
IA,2024-07-01,19.110000610351562,37.279998779296875,26.899999618530273,3415474,13377,SINGLE_MONTH,2024-01-01,2024-12-31,2025-11-18 17:41:38.967184 UTC
NJ,2024-07-01,20.409999847412109,42.090000152587891,29.0,3252575,15082,SINGLE_MONTH,2024-01-01,2024-12-31,2025-11-18 17:41:38.967184 UTC
WV,2024-07-01,18.180000305175781,35.389999389648438,25.739999771118164,3088683,9727,SINGLE_MONTH,2024-01-01,2024-12-31,2025-11-18 17:41:38.967184 UTC
SD,2024-07-01,21.049999237060547,41.229999542236328,30.0,2986669,10488,SINGLE_MONTH,2024-01-01,2024-12-31,2025-11-18 17:41:38.967184 UTC
ID,2024-07-01,19.940000534057617,39.619998931884766,28.889999389648438,2736999,8783,SINGLE_MONTH,2024-01-01,2024-12-31,2025-11-18 17:41:38.967184 UTC
MT,2024-07-01,22.110000610351562,42.430000305175781,30.799999237060547,2457970,8474,SINGLE_MONTH,2024-01-01,2024-12-31,2025-11-18 17:41:38.967184 UTC
DE,2024-07-01,11.010000228881836,33.430000305175781,19.829999923706055,2263973,9131,SINGLE_MONTH,2024-01-01,2024-12-31,2025-11-18 17:41:38.967184 UTC
WY,2024-07-01,23.299999237060547,42.560001373291016,32.049999237060547,2144214,7952,SINGLE_MONTH,2024-01-01,2024-12-31,2025-11-18 17:41:38.967184 UTC
NE,2024-07-01,20.690000534057617,39.049999237060547,28.659999847412109,1988996,8291,SINGLE_MONTH,2024-01-01,2024-12-31,2025-11-18 17:41:38.967184 UTC
DC,2024-07-01,16.149999618530273,32.889999389648438,22.219999313354492,1584801,5746,SINGLE_MONTH,2024-01-01,2024-12-31,2025-11-18 17:41:38.967184 UTC
ND,2024-07-01,20.1299991607666,38.590000152587891,28.069999694824219,1548798,5171,SINGLE_MONTH,2024-01-01,2024-12-31,2025-11-18 17:41:38.967184 UTC
ME,2024-07-01,26.139999389648438,54.290000915527344,38.389999389648438,1415744,7274,SINGLE_MONTH,2024-01-01,2024-12-31,2025-11-18 17:41:38.967184 UTC
CT,2024-07-01,21.690000534057617,42.340000152587891,30.280000686645508,1098491,4994,SINGLE_MONTH,2024-01-01,2024-12-31,2025-11-18 17:41:38.967184 UTC
NH,2024-07-01,27.649999618530273,55.569999694824219,39.380001068115234,1069310,6208,SINGLE_MONTH,2024-01-01,2024-12-31,2025-11-18 17:41:38.967184 UTC
RI,2024-07-01,22.590000152587891,51.270000457763672,33.849998474121094,531699,2625,SINGLE_MONTH,2024-01-01,2024-12-31,2025-11-18 17:41:38.967184 UTC
VT,2024-07-01,17.389999389648438,36.150001525878906,24.600000381469727,484913,2170,SINGLE_MONTH,2024-01-01,2024-12-31,2025-11-18 17:41:38.967184 UTC
XX,2024-07-01,11.779999732971191,16.0,14.229999542236328,15042,36,EXCLUDE,2024-01-01,2024-12-31,2025-11-18 17:41:38.967184 UTC
TX,2024-08-01,20.3700008392334,39.180000305175781,28.280000686645508,24285555,72369,SINGLE_MONTH,2024-01-01,2024-12-31,2025-11-18 17:41:38.967184 UTC
CA,2024-08-01,20.479999542236328,41.689998626708984,29.219999313354492,23553499,82767,SINGLE_MONTH,2024-01-01,2024-12-31,2025-11-18 17:41:38.967184 UTC
FL,2024-08-01,23.889999389648438,48.919998168945312,34.349998474121094,17967163,55839,SINGLE_MONTH,2024-01-01,2024-12-31,2025-11-18 17:41:38.967184 UTC
TN,2024-08-01,22.760000228881836,42.349998474121094,32.080001831054688,14218845,42341,SINGLE_MONTH,2024-01-01,2024-12-31,2025-11-18 17:41:38.967184 UTC
VA,2024-08-01,20.729999542236328,40.2400016784668,29.069999694824219,11816562,31785,SINGLE_MONTH,2024-01-01,2024-12-31,2025-11-18 17:41:38.967184 UTC
CO,2024-08-01,19.8799991607666,39.2400016784668,27.979999542236328,11581670,39689,SINGLE_MONTH,2024-01-01,2024-12-31,2025-11-18 17:41:38.967184 UTC
WI,2024-08-01,19.739999771118164,38.840000152587891,27.909999847412109,11045317,42706,SINGLE_MONTH,2024-01-01,2024-12-31,2025-11-18 17:41:38.967184 UTC
IL,2024-08-01,18.059999465942383,35.639999389648438,25.180000305175781,10223796,46226,SINGLE_MONTH,2024-01-01,2024-12-31,2025-11-18 17:41:38.967184 UTC
OK,2024-08-01,14.640000343322754,29.340000152587891,20.409999847412109,10118188,27226,SINGLE_MONTH,2024-01-01,2024-12-31,2025-11-18 17:41:38.967184 UTC
NC,2024-08-01,22.559999465942383,43.729999542236328,31.520000457763672,9957363,31808,SINGLE_MONTH,2024-01-01,2024-12-31,2025-11-18 17:41:38.967184 UTC
GA,2024-08-01,18.780000686645508,35.549999237060547,25.6299991607666,9381079,34000,SINGLE_MONTH,2024-01-01,2024-12-31,2025-11-18 17:41:38.967184 UTC
NV,2024-08-01,23.799999237060547,46.340000152587891,33.0099983215332,8875784,24614,SINGLE_MONTH,2024-01-01,2024-12-31,2025-11-18 17:41:38.967184 UTC
AK,2024-08-01,23.920000076293945,46.0099983215332,33.5099983215332,8755015,22810,SINGLE_MONTH,2024-01-01,2024-12-31,2025-11-18 17:41:38.967184 UTC
PA,2024-08-01,18.540000915527344,35.330001831054688,25.670000076293945,8122696,33794,SINGLE_MONTH,2024-01-01,2024-12-31,2025-11-18 17:41:38.967184 UTC
LA,2024-08-01,21.459999084472656,40.919998168945312,29.899999618530273,7490242,21655,SINGLE_MONTH,2024-01-01,2024-12-31,2025-11-18 17:41:38.967184 UTC
MO,2024-08-01,20.649999618530273,40.020000457763672,29.260000228881836,7255871,26722,SINGLE_MONTH,2024-01-01,2024-12-31,2025-11-18 17:41:38.967184 UTC
AZ,2024-08-01,20.110000610351562,39.950000762939453,28.530000686645508,7149667,22343,SINGLE_MONTH,2024-01-01,2024-12-31,2025-11-18 17:41:38.967184 UTC
MS,2024-08-01,18.3799991607666,35.520000457763672,25.860000610351562,6919094,18845,SINGLE_MONTH,2024-01-01,2024-12-31,2025-11-18 17:41:38.967184 UTC
KS,2024-08-01,18.459999084472656,35.549999237060547,25.729999542236328,6780468,21467,SINGLE_MONTH,2024-01-01,2024-12-31,2025-11-18 17:41:38.967184 UTC
MA,2024-08-01,12.890000343322754,25.299999237060547,17.530000686645508,6756933,45226,SINGLE_MONTH,2024-01-01,2024-12-31,2025-11-18 17:41:38.967184 UTC
MN,2024-08-01,20.229999542236328,38.799999237060547,28.3799991607666,6645450,26415,SINGLE_MONTH,2024-01-01,2024-12-31,2025-11-18 17:41:38.967184 UTC
SC,2024-08-01,24.180000305175781,49.970001220703125,35.110000610351562,6547532,20299,SINGLE_MONTH,2024-01-01,2024-12-31,2025-11-18 17:41:38.967184 UTC
WA,2024-08-01,21.030000686645508,40.419998168945312,29.049999237060547,6452185,22931,SINGLE_MONTH,2024-01-01,2024-12-31,2025-11-18 17:41:38.967184 UTC
MI,2024-08-01,21.290000915527344,40.0,29.559999465942383,6368019,25448,SINGLE_MONTH,2024-01-01,2024-12-31,2025-11-18 17:41:38.967184 UTC
NY,2024-08-01,18.159999847412109,37.419998168945312,25.920000076293945,6281923,27867,SINGLE_MONTH,2024-01-01,2024-12-31,2025-11-18 17:41:38.967184 UTC
KY,2024-08-01,21.059999465942383,39.220001220703125,29.239999771118164,5500933,20627,SINGLE_MONTH,2024-01-01,2024-12-31,2025-11-18 17:41:38.967184 UTC
NM,2024-08-01,23.639999389648438,43.630001068115234,32.819999694824219,5148046,16332,SINGLE_MONTH,2024-01-01,2024-12-31,2025-11-18 17:41:38.967184 UTC
OH,2024-08-01,20.3700008392334,38.290000915527344,28.079999923706055,5033206,21706,SINGLE_MONTH,2024-01-01,2024-12-31,2025-11-18 17:41:38.967184 UTC
IN,2024-08-01,18.649999618530273,35.590000152587891,25.670000076293945,4855861,17480,SINGLE_MONTH,2024-01-01,2024-12-31,2025-11-18 17:41:38.967184 UTC
AL,2024-08-01,22.549999237060547,44.689998626708984,31.889999389648438,4855576,16804,SINGLE_MONTH,2024-01-01,2024-12-31,2025-11-18 17:41:38.967184 UTC
HI,2024-08-01,21.360000610351562,42.369998931884766,29.700000762939453,4753334,12277,SINGLE_MONTH,2024-01-01,2024-12-31,2025-11-18 17:41:38.967184 UTC
AR,2024-08-01,20.690000534057617,39.549999237060547,29.409999847412109,4506516,14628,SINGLE_MONTH,2024-01-01,2024-12-31,2025-11-18 17:41:38.967184 UTC
MD,2024-08-01,22.020000457763672,46.349998474121094,32.220001220703125,4442415,17842,SINGLE_MONTH,2024-01-01,2024-12-31,2025-11-18 17:41:38.967184 UTC
IA,2024-08-01,16.579999923706055,33.729999542236328,23.6200008392334,4017161,14708,SINGLE_MONTH,2024-01-01,2024-12-31,2025-11-18 17:41:38.967184 UTC
UT,2024-08-01,16.610000610351562,32.979999542236328,23.239999771118164,3537798,13590,SINGLE_MONTH,2024-01-01,2024-12-31,2025-11-18 17:41:38.967184 UTC
OR,2024-08-01,19.920000076293945,39.540000915527344,28.190000534057617,3495324,12504,SINGLE_MONTH,2024-01-01,2024-12-31,2025-11-18 17:41:38.967184 UTC
WV,2024-08-01,18.420000076293945,35.779998779296875,26.049999237060547,3299032,10551,SINGLE_MONTH,2024-01-01,2024-12-31,2025-11-18 17:41:38.967184 UTC
SD,2024-08-01,21.350000381469727,41.529998779296875,30.229999542236328,3133669,11030,SINGLE_MONTH,2024-01-01,2024-12-31,2025-11-18 17:41:38.967184 UTC
NJ,2024-08-01,20.899999618530273,42.849998474121094,29.959999084472656,2821596,13302,SINGLE_MONTH,2024-01-01,2024-12-31,2025-11-18 17:41:38.967184 UTC
ID,2024-08-01,19.979999542236328,39.900001525878906,28.659999847412109,2723119,8867,SINGLE_MONTH,2024-01-01,2024-12-31,2025-11-18 17:41:38.967184 UTC
MT,2024-08-01,22.510000228881836,42.290000915527344,31.139999389648438,2339971,8255,SINGLE_MONTH,2024-01-01,2024-12-31,2025-11-18 17:41:38.967184 UTC
DE,2024-08-01,10.399999618530273,31.389999389648438,17.489999771118164,2164497,8320,SINGLE_MONTH,2024-01-01,2024-12-31,2025-11-18 17:41:38.967184 UTC
NE,2024-08-01,19.850000381469727,37.7400016784668,27.159999847412109,2022568,8426,SINGLE_MONTH,2024-01-01,2024-12-31,2025-11-18 17:41:38.967184 UTC
WY,2024-08-01,22.989999771118164,41.7400016784668,31.3799991607666,1999974,7449,SINGLE_MONTH,2024-01-01,2024-12-31,2025-11-18 17:41:38.967184 UTC
ND,2024-08-01,20.909999847412109,38.889999389648438,28.930000305175781,1525187,5312,SINGLE_MONTH,2024-01-01,2024-12-31,2025-11-18 17:41:38.967184 UTC
DC,2024-08-01,16.549999237060547,33.209999084472656,22.680000305175781,1357925,5476,SINGLE_MONTH,2024-01-01,2024-12-31,2025-11-18 17:41:38.967184 UTC
ME,2024-08-01,28.010000228881836,56.4900016784668,40.369998931884766,1335475,7095,SINGLE_MONTH,2024-01-01,2024-12-31,2025-11-18 17:41:38.967184 UTC
NH,2024-08-01,27.110000610351562,55.450000762939453,39.270000457763672,1166473,6459,SINGLE_MONTH,2024-01-01,2024-12-31,2025-11-18 17:41:38.967184 UTC
CT,2024-08-01,21.049999237060547,41.880001068115234,29.329999923706055,1144469,5234,SINGLE_MONTH,2024-01-01,2024-12-31,2025-11-18 17:41:38.967184 UTC
VT,2024-08-01,17.479999542236328,36.709999084472656,25.079999923706055,519902,2311,SINGLE_MONTH,2024-01-01,2024-12-31,2025-11-18 17:41:38.967184 UTC
RI,2024-08-01,21.729999542236328,46.290000915527344,31.959999084472656,497025,2506,SINGLE_MONTH,2024-01-01,2024-12-31,2025-11-18 17:41:38.967184 UTC
XX,2024-08-01,10.489999771118164,17.590000152587891,13.359999656677246,10514,20,EXCLUDE,2024-01-01,2024-12-31,2025-11-18 17:41:38.967184 UTC
TX,2024-09-01,19.799999237060547,38.200000762939453,27.290000915527344,23342546,70080,SINGLE_MONTH,2024-01-01,2024-12-31,2025-11-18 17:41:38.967184 UTC
CA,2024-09-01,20.319999694824219,41.119998931884766,28.780000686645508,21732533,75781,SINGLE_MONTH,2024-01-01,2024-12-31,2025-11-18 17:41:38.967184 UTC
FL,2024-09-01,23.0,46.279998779296875,32.830001831054688,16082335,49965,SINGLE_MONTH,2024-01-01,2024-12-31,2025-11-18 17:41:38.967184 UTC
TN,2024-09-01,22.6299991607666,41.340000152587891,31.540000915527344,13815938,40254,SINGLE_MONTH,2024-01-01,2024-12-31,2025-11-18 17:41:38.967184 UTC
VA,2024-09-01,19.0,37.090000152587891,26.569999694824219,11907081,29795,SINGLE_MONTH,2024-01-01,2024-12-31,2025-11-18 17:41:38.967184 UTC
CO,2024-09-01,19.450000762939453,38.310001373291016,27.200000762939453,10832228,37239,SINGLE_MONTH,2024-01-01,2024-12-31,2025-11-18 17:41:38.967184 UTC
OK,2024-09-01,14.430000305175781,28.680000305175781,20.069999694824219,9928780,27100,SINGLE_MONTH,2024-01-01,2024-12-31,2025-11-18 17:41:38.967184 UTC
WI,2024-09-01,17.549999237060547,35.069999694824219,25.190000534057617,9804454,35579,SINGLE_MONTH,2024-01-01,2024-12-31,2025-11-18 17:41:38.967184 UTC
IL,2024-09-01,17.690000534057617,34.700000762939453,24.430000305175781,9681687,40827,SINGLE_MONTH,2024-01-01,2024-12-31,2025-11-18 17:41:38.967184 UTC
NC,2024-09-01,22.409999847412109,42.340000152587891,31.040000915527344,9028663,28373,SINGLE_MONTH,2024-01-01,2024-12-31,2025-11-18 17:41:38.967184 UTC
GA,2024-09-01,18.559999465942383,35.209999084472656,25.569999694824219,8747684,30594,SINGLE_MONTH,2024-01-01,2024-12-31,2025-11-18 17:41:38.967184 UTC
PA,2024-09-01,15.720000267028809,31.180000305175781,22.020000457763672,8386763,32481,SINGLE_MONTH,2024-01-01,2024-12-31,2025-11-18 17:41:38.967184 UTC
NV,2024-09-01,24.520000457763672,47.5099983215332,34.180000305175781,8333578,23573,SINGLE_MONTH,2024-01-01,2024-12-31,2025-11-18 17:41:38.967184 UTC
AZ,2024-09-01,19.280000686645508,38.319999694824219,27.25,7591953,22081,SINGLE_MONTH,2024-01-01,2024-12-31,2025-11-18 17:41:38.967184 UTC
LA,2024-09-01,21.209999084472656,40.090000152587891,29.309999465942383,7264820,21392,SINGLE_MONTH,2024-01-01,2024-12-31,2025-11-18 17:41:38.967184 UTC
MS,2024-09-01,17.420000076293945,33.860000610351562,24.139999389648438,7062515,18512,SINGLE_MONTH,2024-01-01,2024-12-31,2025-11-18 17:41:38.967184 UTC
AK,2024-09-01,23.690000534057617,44.25,32.720001220703125,6954377,17948,SINGLE_MONTH,2024-01-01,2024-12-31,2025-11-18 17:41:38.967184 UTC
KS,2024-09-01,17.180000305175781,32.950000762939453,23.610000610351562,6939085,21427,SINGLE_MONTH,2024-01-01,2024-12-31,2025-11-18 17:41:38.967184 UTC
MO,2024-09-01,19.549999237060547,37.540000915527344,27.540000915527344,6608599,23869,SINGLE_MONTH,2024-01-01,2024-12-31,2025-11-18 17:41:38.967184 UTC
MA,2024-09-01,11.25,24.049999237060547,15.609999656677246,6370217,44348,SINGLE_MONTH,2024-01-01,2024-12-31,2025-11-18 17:41:38.967184 UTC
NY,2024-09-01,16.930000305175781,34.930000305175781,24.059999465942383,5900596,24993,SINGLE_MONTH,2024-01-01,2024-12-31,2025-11-18 17:41:38.967184 UTC
SC,2024-09-01,22.25,45.130001068115234,31.850000381469727,5891900,17748,SINGLE_MONTH,2024-01-01,2024-12-31,2025-11-18 17:41:38.967184 UTC
MN,2024-09-01,18.760000228881836,37.110000610351562,26.440000534057617,5812812,22308,SINGLE_MONTH,2024-01-01,2024-12-31,2025-11-18 17:41:38.967184 UTC
WA,2024-09-01,20.899999618530273,39.959999084472656,28.639999389648438,5695697,20670,SINGLE_MONTH,2024-01-01,2024-12-31,2025-11-18 17:41:38.967184 UTC
MI,2024-09-01,19.5,36.979999542236328,27.180000305175781,5527920,20751,SINGLE_MONTH,2024-01-01,2024-12-31,2025-11-18 17:41:38.967184 UTC
KY,2024-09-01,20.510000228881836,38.069999694824219,28.399999618530273,5422204,19922,SINGLE_MONTH,2024-01-01,2024-12-31,2025-11-18 17:41:38.967184 UTC
IN,2024-09-01,17.729999542236328,33.4900016784668,24.299999237060547,5095772,17868,SINGLE_MONTH,2024-01-01,2024-12-31,2025-11-18 17:41:38.967184 UTC
NM,2024-09-01,23.219999313354492,42.520000457763672,31.969999313354492,4836313,15406,SINGLE_MONTH,2024-01-01,2024-12-31,2025-11-18 17:41:38.967184 UTC
OH,2024-09-01,18.780000686645508,35.689998626708984,25.780000686645508,4683705,18952,SINGLE_MONTH,2024-01-01,2024-12-31,2025-11-18 17:41:38.967184 UTC
AL,2024-09-01,21.170000076293945,41.729999542236328,30.059999465942383,4516082,15021,SINGLE_MONTH,2024-01-01,2024-12-31,2025-11-18 17:41:38.967184 UTC
HI,2024-09-01,21.469999313354492,42.639999389648438,30.020000457763672,4372373,11250,SINGLE_MONTH,2024-01-01,2024-12-31,2025-11-18 17:41:38.967184 UTC
AR,2024-09-01,20.010000228881836,38.0099983215332,27.940000534057617,4370674,14234,SINGLE_MONTH,2024-01-01,2024-12-31,2025-11-18 17:41:38.967184 UTC
IA,2024-09-01,13.579999923706055,27.829999923706055,18.989999771118164,4319191,13776,SINGLE_MONTH,2024-01-01,2024-12-31,2025-11-18 17:41:38.967184 UTC
MD,2024-09-01,22.319999694824219,44.520000457763672,31.610000610351562,3392579,14053,SINGLE_MONTH,2024-01-01,2024-12-31,2025-11-18 17:41:38.967184 UTC
UT,2024-09-01,16.219999313354492,32.020000457763672,22.610000610351562,3298561,12556,SINGLE_MONTH,2024-01-01,2024-12-31,2025-11-18 17:41:38.967184 UTC
OR,2024-09-01,19.770000457763672,38.639999389648438,27.770000457763672,3193540,11427,SINGLE_MONTH,2024-01-01,2024-12-31,2025-11-18 17:41:38.967184 UTC
WV,2024-09-01,17.239999771118164,33.7400016784668,24.170000076293945,3174711,9952,SINGLE_MONTH,2024-01-01,2024-12-31,2025-11-18 17:41:38.967184 UTC
SD,2024-09-01,19.040000915527344,38.419998168945312,27.5,2690439,9378,SINGLE_MONTH,2024-01-01,2024-12-31,2025-11-18 17:41:38.967184 UTC
ID,2024-09-01,19.700000762939453,38.279998779296875,27.709999084472656,2355790,7593,SINGLE_MONTH,2024-01-01,2024-12-31,2025-11-18 17:41:38.967184 UTC
NJ,2024-09-01,20.680000305175781,41.810001373291016,29.340000152587891,2205128,10534,SINGLE_MONTH,2024-01-01,2024-12-31,2025-11-18 17:41:38.967184 UTC
MT,2024-09-01,22.260000228881836,41.560001373291016,31.0,1968209,6916,SINGLE_MONTH,2024-01-01,2024-12-31,2025-11-18 17:41:38.967184 UTC
NE,2024-09-01,18.840000152587891,36.569999694824219,26.040000915527344,1953827,8067,SINGLE_MONTH,2024-01-01,2024-12-31,2025-11-18 17:41:38.967184 UTC
WY,2024-09-01,22.569999694824219,40.7599983215332,30.819999694824219,1874895,6649,SINGLE_MONTH,2024-01-01,2024-12-31,2025-11-18 17:41:38.967184 UTC
DE,2024-09-01,7.940000057220459,23.75,12.399999618530273,1676691,5767,SINGLE_MONTH,2024-01-01,2024-12-31,2025-11-18 17:41:38.967184 UTC
ND,2024-09-01,19.860000610351562,38.029998779296875,27.760000228881836,1435798,4849,SINGLE_MONTH,2024-01-01,2024-12-31,2025-11-18 17:41:38.967184 UTC
DC,2024-09-01,16.239999771118164,34.580001831054688,23.059999465942383,1314869,4912,SINGLE_MONTH,2024-01-01,2024-12-31,2025-11-18 17:41:38.967184 UTC
CT,2024-09-01,17.8700008392334,36.400001525878906,25.440000534057617,1139037,4693,SINGLE_MONTH,2024-01-01,2024-12-31,2025-11-18 17:41:38.967184 UTC
ME,2024-09-01,26.590000152587891,52.869998931884766,37.75,1033670,4928,SINGLE_MONTH,2024-01-01,2024-12-31,2025-11-18 17:41:38.967184 UTC
NH,2024-09-01,23.420000076293945,47.0,33.860000610351562,794530,4182,SINGLE_MONTH,2024-01-01,2024-12-31,2025-11-18 17:41:38.967184 UTC
VT,2024-09-01,17.100000381469727,35.299999237060547,24.290000915527344,502530,2209,SINGLE_MONTH,2024-01-01,2024-12-31,2025-11-18 17:41:38.967184 UTC
RI,2024-09-01,18.040000915527344,37.950000762939453,25.8700008392334,436265,1886,ROLLING_3MO,2024-01-01,2024-12-31,2025-11-18 17:41:38.967184 UTC
XX,2024-09-01,7.9099998474121094,14.979999542236328,11.1899995803833,12874,35,EXCLUDE,2024-01-01,2024-12-31,2025-11-18 17:41:38.967184 UTC
TX,2024-10-01,19.719999313354492,38.049999237060547,27.209999084472656,24865494,74379,SINGLE_MONTH,2024-01-01,2024-12-31,2025-11-18 17:41:38.967184 UTC
CA,2024-10-01,20.049999237060547,40.880001068115234,28.430000305175781,22757087,76458,SINGLE_MONTH,2024-01-01,2024-12-31,2025-11-18 17:41:38.967184 UTC
FL,2024-10-01,23.239999771118164,46.270000457763672,32.909999847412109,16649785,50121,SINGLE_MONTH,2024-01-01,2024-12-31,2025-11-18 17:41:38.967184 UTC
TN,2024-10-01,22.530000686645508,41.75,31.590000152587891,15299266,44724,SINGLE_MONTH,2024-01-01,2024-12-31,2025-11-18 17:41:38.967184 UTC
VA,2024-10-01,19.139999389648438,36.659999847412109,26.479999542236328,11609033,29187,SINGLE_MONTH,2024-01-01,2024-12-31,2025-11-18 17:41:38.967184 UTC
OK,2024-10-01,14.489999771118164,29.1200008392334,20.329999923706055,10049354,26717,SINGLE_MONTH,2024-01-01,2024-12-31,2025-11-18 17:41:38.967184 UTC
CO,2024-10-01,19.200000762939453,37.909999847412109,26.799999237060547,9870114,33769,SINGLE_MONTH,2024-01-01,2024-12-31,2025-11-18 17:41:38.967184 UTC
GA,2024-10-01,18.909999847412109,35.819999694824219,25.959999084472656,9771038,33291,SINGLE_MONTH,2024-01-01,2024-12-31,2025-11-18 17:41:38.967184 UTC
IL,2024-10-01,17.6299991607666,34.540000915527344,24.440000534057617,9425014,40213,SINGLE_MONTH,2024-01-01,2024-12-31,2025-11-18 17:41:38.967184 UTC
WI,2024-10-01,17.680000305175781,35.229999542236328,25.219999313354492,9318227,32935,SINGLE_MONTH,2024-01-01,2024-12-31,2025-11-18 17:41:38.967184 UTC
NV,2024-10-01,24.1200008392334,47.080001831054688,33.810001373291016,9254402,25912,SINGLE_MONTH,2024-01-01,2024-12-31,2025-11-18 17:41:38.967184 UTC
AZ,2024-10-01,20.290000915527344,39.979999542236328,28.739999771118164,8557976,24683,SINGLE_MONTH,2024-01-01,2024-12-31,2025-11-18 17:41:38.967184 UTC
LA,2024-10-01,21.3700008392334,40.529998779296875,29.649999618530273,8277124,23840,SINGLE_MONTH,2024-01-01,2024-12-31,2025-11-18 17:41:38.967184 UTC
NC,2024-10-01,21.319999694824219,40.049999237060547,29.3700008392334,8229051,25723,SINGLE_MONTH,2024-01-01,2024-12-31,2025-11-18 17:41:38.967184 UTC
AK,2024-10-01,24.75,46.880001068115234,34.580001831054688,8223251,17501,SINGLE_MONTH,2024-01-01,2024-12-31,2025-11-18 17:41:38.967184 UTC
PA,2024-10-01,17.340000152587891,33.430000305175781,24.030000686645508,7754531,29353,SINGLE_MONTH,2024-01-01,2024-12-31,2025-11-18 17:41:38.967184 UTC
MS,2024-10-01,18.239999771118164,34.939998626708984,25.290000915527344,7618757,19728,SINGLE_MONTH,2024-01-01,2024-12-31,2025-11-18 17:41:38.967184 UTC
KS,2024-10-01,17.729999542236328,33.7599983215332,24.340000152587891,6916192,21292,SINGLE_MONTH,2024-01-01,2024-12-31,2025-11-18 17:41:38.967184 UTC
MO,2024-10-01,19.3700008392334,37.419998168945312,26.979999542236328,6695498,24063,SINGLE_MONTH,2024-01-01,2024-12-31,2025-11-18 17:41:38.967184 UTC
NY,2024-10-01,17.079999923706055,35.049999237060547,24.190000534057617,6169318,25054,SINGLE_MONTH,2024-01-01,2024-12-31,2025-11-18 17:41:38.967184 UTC
KY,2024-10-01,20.209999084472656,37.659999847412109,27.719999313354492,5759934,21336,SINGLE_MONTH,2024-01-01,2024-12-31,2025-11-18 17:41:38.967184 UTC
MN,2024-10-01,18.780000686645508,36.75,26.340000152587891,5656992,21298,SINGLE_MONTH,2024-01-01,2024-12-31,2025-11-18 17:41:38.967184 UTC
WA,2024-10-01,20.3700008392334,39.080001831054688,27.530000686645508,5401248,19249,SINGLE_MONTH,2024-01-01,2024-12-31,2025-11-18 17:41:38.967184 UTC
SC,2024-10-01,21.340000152587891,41.599998474121094,29.790000915527344,5332455,16239,SINGLE_MONTH,2024-01-01,2024-12-31,2025-11-18 17:41:38.967184 UTC
MI,2024-10-01,19.540000915527344,37.130001068115234,27.420000076293945,5312427,19724,SINGLE_MONTH,2024-01-01,2024-12-31,2025-11-18 17:41:38.967184 UTC
IN,2024-10-01,17.909999847412109,33.139999389648438,24.069999694824219,5173811,18166,SINGLE_MONTH,2024-01-01,2024-12-31,2025-11-18 17:41:38.967184 UTC
NM,2024-10-01,23.5,43.25,32.520000457763672,5037508,15997,SINGLE_MONTH,2024-01-01,2024-12-31,2025-11-18 17:41:38.967184 UTC
AR,2024-10-01,20.440000534057617,38.689998626708984,28.459999084472656,4757247,15538,SINGLE_MONTH,2024-01-01,2024-12-31,2025-11-18 17:41:38.967184 UTC
HI,2024-10-01,21.780000686645508,44.090000152587891,30.780000686645508,4746381,11882,SINGLE_MONTH,2024-01-01,2024-12-31,2025-11-18 17:41:38.967184 UTC
OH,2024-10-01,19.389999389648438,36.849998474121094,26.649999618530273,4698462,19034,SINGLE_MONTH,2024-01-01,2024-12-31,2025-11-18 17:41:38.967184 UTC
AL,2024-10-01,20.8700008392334,41.069999694824219,29.600000381469727,4577349,15222,SINGLE_MONTH,2024-01-01,2024-12-31,2025-11-18 17:41:38.967184 UTC
IA,2024-10-01,13.699999809265137,27.6299991607666,19.010000228881836,4358850,13778,SINGLE_MONTH,2024-01-01,2024-12-31,2025-11-18 17:41:38.967184 UTC
MA,2024-10-01,16.520000457763672,35.580001831054688,24.049999237060547,3621684,18680,SINGLE_MONTH,2024-01-01,2024-12-31,2025-11-18 17:41:38.967184 UTC
UT,2024-10-01,16.170000076293945,32.349998474121094,22.579999923706055,3621056,13183,SINGLE_MONTH,2024-01-01,2024-12-31,2025-11-18 17:41:38.967184 UTC
WV,2024-10-01,17.6200008392334,34.049999237060547,24.780000686645508,3286922,10308,SINGLE_MONTH,2024-01-01,2024-12-31,2025-11-18 17:41:38.967184 UTC
OR,2024-10-01,18.590000152587891,37.2599983215332,26.610000610351562,3108280,10822,SINGLE_MONTH,2024-01-01,2024-12-31,2025-11-18 17:41:38.967184 UTC
MD,2024-10-01,22.030000686645508,43.630001068115234,31.3799991607666,2806821,12038,SINGLE_MONTH,2024-01-01,2024-12-31,2025-11-18 17:41:38.967184 UTC
SD,2024-10-01,18.409999847412109,36.939998626708984,26.149999618530273,2733598,9017,SINGLE_MONTH,2024-01-01,2024-12-31,2025-11-18 17:41:38.967184 UTC
ID,2024-10-01,19.719999313354492,38.840000152587891,28.139999389648438,2237670,7293,SINGLE_MONTH,2024-01-01,2024-12-31,2025-11-18 17:41:38.967184 UTC
NE,2024-10-01,19.25,36.560001373291016,26.680000305175781,1896285,7592,SINGLE_MONTH,2024-01-01,2024-12-31,2025-11-18 17:41:38.967184 UTC
NJ,2024-10-01,20.190000534057617,40.430000305175781,28.670000076293945,1772622,8023,SINGLE_MONTH,2024-01-01,2024-12-31,2025-11-18 17:41:38.967184 UTC
MT,2024-10-01,23.389999389648438,42.950000762939453,31.860000610351562,1694722,5792,SINGLE_MONTH,2024-01-01,2024-12-31,2025-11-18 17:41:38.967184 UTC
WY,2024-10-01,22.590000152587891,41.069999694824219,30.8799991607666,1569855,5373,SINGLE_MONTH,2024-01-01,2024-12-31,2025-11-18 17:41:38.967184 UTC
DE,2024-10-01,7.070000171661377,16.209999084472656,10.229999542236328,1537978,4703,SINGLE_MONTH,2024-01-01,2024-12-31,2025-11-18 17:41:38.967184 UTC
ND,2024-10-01,19.579999923706055,37.380001068115234,27.049999237060547,1521384,5250,SINGLE_MONTH,2024-01-01,2024-12-31,2025-11-18 17:41:38.967184 UTC
DC,2024-10-01,15.050000190734863,31.319999694824219,20.930000305175781,1265718,4598,SINGLE_MONTH,2024-01-01,2024-12-31,2025-11-18 17:41:38.967184 UTC
CT,2024-10-01,18.459999084472656,37.319999694824219,25.459999084472656,1185598,4719,SINGLE_MONTH,2024-01-01,2024-12-31,2025-11-18 17:41:38.967184 UTC
ME,2024-10-01,25.950000762939453,52.840000152587891,37.900001525878906,960239,4371,SINGLE_MONTH,2024-01-01,2024-12-31,2025-11-18 17:41:38.967184 UTC
NH,2024-10-01,24.3700008392334,49.590000152587891,35.779998779296875,845711,4521,SINGLE_MONTH,2024-01-01,2024-12-31,2025-11-18 17:41:38.967184 UTC
VT,2024-10-01,17.680000305175781,36.529998779296875,25.239999771118164,569324,2417,SINGLE_MONTH,2024-01-01,2024-12-31,2025-11-18 17:41:38.967184 UTC
RI,2024-10-01,17.270000457763672,38.819999694824219,25.920000076293945,425952,1731,ROLLING_3MO,2024-01-01,2024-12-31,2025-11-18 17:41:38.967184 UTC
XX,2024-10-01,8.6400003433227539,14.229999542236328,12.229999542236328,10163,21,EXCLUDE,2024-01-01,2024-12-31,2025-11-18 17:41:38.967184 UTC
TX,2024-11-01,20.280000686645508,39.330001831054688,28.229999542236328,22135402,68151,SINGLE_MONTH,2024-01-01,2024-12-31,2025-11-18 17:41:38.967184 UTC
CA,2024-11-01,20.389999389648438,41.919998168945312,29.030000686645508,18794031,65742,SINGLE_MONTH,2024-01-01,2024-12-31,2025-11-18 17:41:38.967184 UTC
FL,2024-11-01,23.979999542236328,47.400001525878906,33.889999389648438,14955124,47517,SINGLE_MONTH,2024-01-01,2024-12-31,2025-11-18 17:41:38.967184 UTC
TN,2024-11-01,23.520000457763672,43.580001831054688,33.439998626708984,13519497,40615,SINGLE_MONTH,2024-01-01,2024-12-31,2025-11-18 17:41:38.967184 UTC
VA,2024-11-01,18.979999542236328,37.020000457763672,26.360000610351562,9961324,24833,SINGLE_MONTH,2024-01-01,2024-12-31,2025-11-18 17:41:38.967184 UTC
OK,2024-11-01,14.850000381469727,29.969999313354492,20.739999771118164,9279453,24985,SINGLE_MONTH,2024-01-01,2024-12-31,2025-11-18 17:41:38.967184 UTC
GA,2024-11-01,19.5,36.479999542236328,26.700000762939453,8354914,29880,SINGLE_MONTH,2024-01-01,2024-12-31,2025-11-18 17:41:38.967184 UTC
IL,2024-11-01,18.340000152587891,36.290000915527344,25.420000076293945,8223050,36509,SINGLE_MONTH,2024-01-01,2024-12-31,2025-11-18 17:41:38.967184 UTC
AZ,2024-11-01,20.649999618530273,40.680000305175781,29.270000457763672,8215498,23842,SINGLE_MONTH,2024-01-01,2024-12-31,2025-11-18 17:41:38.967184 UTC
WI,2024-11-01,17.1200008392334,33.909999847412109,24.190000534057617,7690151,26843,SINGLE_MONTH,2024-01-01,2024-12-31,2025-11-18 17:41:38.967184 UTC
CO,2024-11-01,18.8799991607666,36.799999237060547,25.930000305175781,7657106,26875,SINGLE_MONTH,2024-01-01,2024-12-31,2025-11-18 17:41:38.967184 UTC
NV,2024-11-01,24.459999084472656,48.330001831054688,34.389999389648438,7450106,21893,SINGLE_MONTH,2024-01-01,2024-12-31,2025-11-18 17:41:38.967184 UTC
LA,2024-11-01,21.989999771118164,42.029998779296875,30.770000457763672,7177666,21605,SINGLE_MONTH,2024-01-01,2024-12-31,2025-11-18 17:41:38.967184 UTC
NC,2024-11-01,21.069999694824219,39.450000762939453,29.0,6693657,21359,SINGLE_MONTH,2024-01-01,2024-12-31,2025-11-18 17:41:38.967184 UTC
PA,2024-11-01,17.600000381469727,33.939998626708984,24.440000534057617,6604911,26588,SINGLE_MONTH,2024-01-01,2024-12-31,2025-11-18 17:41:38.967184 UTC
MS,2024-11-01,18.260000228881836,34.819999694824219,25.270000457763672,6552153,17490,SINGLE_MONTH,2024-01-01,2024-12-31,2025-11-18 17:41:38.967184 UTC
KS,2024-11-01,18.059999465942383,34.560001373291016,24.969999313354492,6311957,19883,SINGLE_MONTH,2024-01-01,2024-12-31,2025-11-18 17:41:38.967184 UTC
MO,2024-11-01,19.950000762939453,38.590000152587891,28.059999465942383,5855489,21826,SINGLE_MONTH,2024-01-01,2024-12-31,2025-11-18 17:41:38.967184 UTC
AK,2024-11-01,23.940000534057617,45.069999694824219,33.369998931884766,5651858,12683,SINGLE_MONTH,2024-01-01,2024-12-31,2025-11-18 17:41:38.967184 UTC
NY,2024-11-01,17.170000076293945,36.159999847412109,24.559999465942383,5467352,21965,SINGLE_MONTH,2024-01-01,2024-12-31,2025-11-18 17:41:38.967184 UTC
KY,2024-11-01,21.139999389648438,38.939998626708984,28.860000610351562,4916224,18208,SINGLE_MONTH,2024-01-01,2024-12-31,2025-11-18 17:41:38.967184 UTC
MN,2024-11-01,18.569999694824219,36.709999084472656,26.079999923706055,4604606,17966,SINGLE_MONTH,2024-01-01,2024-12-31,2025-11-18 17:41:38.967184 UTC
IN,2024-11-01,18.25,34.150001525878906,24.709999084472656,4408665,15972,SINGLE_MONTH,2024-01-01,2024-12-31,2025-11-18 17:41:38.967184 UTC
HI,2024-11-01,21.860000610351562,43.569999694824219,30.389999389648438,4328669,11166,SINGLE_MONTH,2024-01-01,2024-12-31,2025-11-18 17:41:38.967184 UTC
WA,2024-11-01,20.399999618530273,39.450000762939453,27.809999465942383,4288187,15172,SINGLE_MONTH,2024-01-01,2024-12-31,2025-11-18 17:41:38.967184 UTC
AR,2024-11-01,20.649999618530273,39.169998168945312,28.8799991607666,4115861,13324,SINGLE_MONTH,2024-01-01,2024-12-31,2025-11-18 17:41:38.967184 UTC
NM,2024-11-01,23.590000152587891,43.770000457763672,32.659999847412109,4059841,12631,SINGLE_MONTH,2024-01-01,2024-12-31,2025-11-18 17:41:38.967184 UTC
OH,2024-11-01,19.239999771118164,36.950000762939453,26.590000152587891,4048758,16431,SINGLE_MONTH,2024-01-01,2024-12-31,2025-11-18 17:41:38.967184 UTC
MI,2024-11-01,18.819999694824219,36.270000457763672,26.219999313354492,4017036,15111,SINGLE_MONTH,2024-01-01,2024-12-31,2025-11-18 17:41:38.967184 UTC
SC,2024-11-01,20.549999237060547,40.419998168945312,28.930000305175781,3911990,12543,SINGLE_MONTH,2024-01-01,2024-12-31,2025-11-18 17:41:38.967184 UTC
IA,2024-11-01,14.5600004196167,28.940000534057617,20.260000228881836,3624340,11793,SINGLE_MONTH,2024-01-01,2024-12-31,2025-11-18 17:41:38.967184 UTC
AL,2024-11-01,20.239999771118164,38.939998626708984,28.3700008392334,3543727,12085,SINGLE_MONTH,2024-01-01,2024-12-31,2025-11-18 17:41:38.967184 UTC
UT,2024-11-01,16.530000686645508,33.119998931884766,23.239999771118164,2993674,10997,SINGLE_MONTH,2024-01-01,2024-12-31,2025-11-18 17:41:38.967184 UTC
MA,2024-11-01,16.149999618530273,34.119998931884766,22.780000686645508,2550031,9518,SINGLE_MONTH,2024-01-01,2024-12-31,2025-11-18 17:41:38.967184 UTC
WV,2024-11-01,18.200000762939453,35.7400016784668,25.469999313354492,2513368,8146,SINGLE_MONTH,2024-01-01,2024-12-31,2025-11-18 17:41:38.967184 UTC
OR,2024-11-01,18.469999313354492,37.099998474121094,26.3799991607666,2386925,8529,SINGLE_MONTH,2024-01-01,2024-12-31,2025-11-18 17:41:38.967184 UTC
SD,2024-11-01,18.510000228881836,37.970001220703125,26.850000381469727,2285718,7821,SINGLE_MONTH,2024-01-01,2024-12-31,2025-11-18 17:41:38.967184 UTC
MD,2024-11-01,21.639999389648438,43.560001373291016,30.850000381469727,2081491,9166,SINGLE_MONTH,2024-01-01,2024-12-31,2025-11-18 17:41:38.967184 UTC
ID,2024-11-01,20.159999847412109,40.200000762939453,28.420000076293945,1788960,5797,SINGLE_MONTH,2024-01-01,2024-12-31,2025-11-18 17:41:38.967184 UTC
NE,2024-11-01,19.110000610351562,37.189998626708984,26.700000762939453,1729287,6798,SINGLE_MONTH,2024-01-01,2024-12-31,2025-11-18 17:41:38.967184 UTC
NJ,2024-11-01,20.290000915527344,39.709999084472656,28.200000762939453,1442482,6592,SINGLE_MONTH,2024-01-01,2024-12-31,2025-11-18 17:41:38.967184 UTC
ND,2024-11-01,20.170000076293945,38.0,27.649999618530273,1270162,4381,SINGLE_MONTH,2024-01-01,2024-12-31,2025-11-18 17:41:38.967184 UTC
MT,2024-11-01,22.899999618530273,43.119998931884766,31.459999084472656,1268027,4247,SINGLE_MONTH,2024-01-01,2024-12-31,2025-11-18 17:41:38.967184 UTC
DE,2024-11-01,6.75,13.109999656677246,8.6700000762939453,1251713,3832,SINGLE_MONTH,2024-01-01,2024-12-31,2025-11-18 17:41:38.967184 UTC
WY,2024-11-01,22.969999313354492,42.099998474121094,31.6299991607666,1157848,4077,SINGLE_MONTH,2024-01-01,2024-12-31,2025-11-18 17:41:38.967184 UTC
DC,2024-11-01,15.600000381469727,32.060001373291016,21.3700008392334,978072,3701,SINGLE_MONTH,2024-01-01,2024-12-31,2025-11-18 17:41:38.967184 UTC
CT,2024-11-01,18.110000610351562,37.349998474121094,25.469999313354492,976901,4076,SINGLE_MONTH,2024-01-01,2024-12-31,2025-11-18 17:41:38.967184 UTC
NH,2024-11-01,22.709999084472656,47.040000915527344,33.520000457763672,518543,2705,SINGLE_MONTH,2024-01-01,2024-12-31,2025-11-18 17:41:38.967184 UTC
ME,2024-11-01,22.3799991607666,46.419998168945312,32.369998931884766,503187,2162,SINGLE_MONTH,2024-01-01,2024-12-31,2025-11-18 17:41:38.967184 UTC
RI,2024-11-01,15.6899995803833,35.229999542236328,23.100000381469727,351260,1285,ROLLING_3MO,2024-01-01,2024-12-31,2025-11-18 17:41:38.967184 UTC
VT,2024-11-01,17.909999847412109,34.610000610351562,24.399999618530273,315972,1423,ROLLING_3MO,2024-01-01,2024-12-31,2025-11-18 17:41:38.967184 UTC
XX,2024-11-01,11.979999542236328,16.469999313354492,12.609999656677246,10511,17,EXCLUDE,2024-01-01,2024-12-31,2025-11-18 17:41:38.967184 UTC
TX,2024-12-01,21.200000762939453,41.5,29.760000228881836,19230921,62286,SINGLE_MONTH,2024-01-01,2024-12-31,2025-11-18 17:41:38.967184 UTC
CA,2024-12-01,20.510000228881836,42.950000762939453,29.6200008392334,16702676,61147,SINGLE_MONTH,2024-01-01,2024-12-31,2025-11-18 17:41:38.967184 UTC
FL,2024-12-01,25.1200008392334,50.330001831054688,35.650001525878906,13986405,47669,SINGLE_MONTH,2024-01-01,2024-12-31,2025-11-18 17:41:38.967184 UTC
TN,2024-12-01,26.25,46.630001068115234,36.319999694824219,11056294,35335,SINGLE_MONTH,2024-01-01,2024-12-31,2025-11-18 17:41:38.967184 UTC
VA,2024-12-01,20.3700008392334,39.330001831054688,28.209999084472656,8008519,21045,SINGLE_MONTH,2024-01-01,2024-12-31,2025-11-18 17:41:38.967184 UTC
OK,2024-12-01,15.369999885559082,31.299999237060547,21.549999237060547,7669600,21775,SINGLE_MONTH,2024-01-01,2024-12-31,2025-11-18 17:41:38.967184 UTC
CO,2024-12-01,19.159999847412109,38.150001525878906,26.680000305175781,7542648,26964,SINGLE_MONTH,2024-01-01,2024-12-31,2025-11-18 17:41:38.967184 UTC
IL,2024-12-01,19.219999313354492,38.349998474121094,26.899999618530273,7276156,35825,SINGLE_MONTH,2024-01-01,2024-12-31,2025-11-18 17:41:38.967184 UTC
NV,2024-12-01,24.469999313354492,49.229999542236328,34.639999389648438,7165209,20721,SINGLE_MONTH,2024-01-01,2024-12-31,2025-11-18 17:41:38.967184 UTC
AZ,2024-12-01,21.680000305175781,42.950000762939453,30.989999771118164,6948570,21426,SINGLE_MONTH,2024-01-01,2024-12-31,2025-11-18 17:41:38.967184 UTC
GA,2024-12-01,20.450000762939453,38.709999084472656,28.540000915527344,6853842,27236,SINGLE_MONTH,2024-01-01,2024-12-31,2025-11-18 17:41:38.967184 UTC
LA,2024-12-01,22.969999313354492,43.669998168945312,31.8700008392334,6132041,19203,SINGLE_MONTH,2024-01-01,2024-12-31,2025-11-18 17:41:38.967184 UTC
AK,2024-12-01,25.420000076293945,49.020000457763672,36.189998626708984,5882799,13101,SINGLE_MONTH,2024-01-01,2024-12-31,2025-11-18 17:41:38.967184 UTC
WI,2024-12-01,17.590000152587891,35.930000305175781,25.260000228881836,5679346,21014,SINGLE_MONTH,2024-01-01,2024-12-31,2025-11-18 17:41:38.967184 UTC
PA,2024-12-01,18.579999923706055,36.599998474121094,26.1200008392334,5466681,22972,SINGLE_MONTH,2024-01-01,2024-12-31,2025-11-18 17:41:38.967184 UTC
NC,2024-12-01,22.010000228881836,41.270000457763672,30.280000686645508,5465358,18442,SINGLE_MONTH,2024-01-01,2024-12-31,2025-11-18 17:41:38.967184 UTC
NY,2024-12-01,19.3700008392334,40.840000152587891,27.940000534057617,5442973,23441,SINGLE_MONTH,2024-01-01,2024-12-31,2025-11-18 17:41:38.967184 UTC
MS,2024-12-01,20.459999084472656,38.650001525878906,28.719999313354492,5128029,15071,SINGLE_MONTH,2024-01-01,2024-12-31,2025-11-18 17:41:38.967184 UTC
KS,2024-12-01,18.860000610351562,36.560001373291016,26.510000228881836,5094872,16717,SINGLE_MONTH,2024-01-01,2024-12-31,2025-11-18 17:41:38.967184 UTC
MO,2024-12-01,22.180000305175781,43.349998474121094,31.420000076293945,4704931,18668,SINGLE_MONTH,2024-01-01,2024-12-31,2025-11-18 17:41:38.967184 UTC
HI,2024-12-01,22.270000457763672,44.75,31.1299991607666,4000358,10896,SINGLE_MONTH,2024-01-01,2024-12-31,2025-11-18 17:41:38.967184 UTC
KY,2024-12-01,22.659999847412109,42.200000762939453,31.3799991607666,3915989,15071,SINGLE_MONTH,2024-01-01,2024-12-31,2025-11-18 17:41:38.967184 UTC
WA,2024-12-01,21.049999237060547,41.110000610351562,28.8700008392334,3831600,14065,SINGLE_MONTH,2024-01-01,2024-12-31,2025-11-18 17:41:38.967184 UTC
NM,2024-12-01,25.059999465942383,46.380001068115234,34.7400016784668,3807836,12283,SINGLE_MONTH,2024-01-01,2024-12-31,2025-11-18 17:41:38.967184 UTC
MN,2024-12-01,19.610000610351562,39.479999542236328,28.239999771118164,3748060,15663,SINGLE_MONTH,2024-01-01,2024-12-31,2025-11-18 17:41:38.967184 UTC
IN,2024-12-01,18.899999618530273,35.669998168945312,25.920000076293945,3211294,12401,SINGLE_MONTH,2024-01-01,2024-12-31,2025-11-18 17:41:38.967184 UTC
OH,2024-12-01,20.690000534057617,39.409999847412109,28.590000152587891,3169604,13502,SINGLE_MONTH,2024-01-01,2024-12-31,2025-11-18 17:41:38.967184 UTC
AR,2024-12-01,21.840000152587891,41.080001831054688,30.319999694824219,3156889,10839,SINGLE_MONTH,2024-01-01,2024-12-31,2025-11-18 17:41:38.967184 UTC
MI,2024-12-01,20.139999389648438,38.139999389648438,27.8700008392334,2955362,11792,SINGLE_MONTH,2024-01-01,2024-12-31,2025-11-18 17:41:38.967184 UTC
SC,2024-12-01,22.1200008392334,42.430000305175781,30.899999618530273,2849292,10519,SINGLE_MONTH,2024-01-01,2024-12-31,2025-11-18 17:41:38.967184 UTC
AL,2024-12-01,21.760000228881836,42.5,30.860000610351562,2654260,10236,SINGLE_MONTH,2024-01-01,2024-12-31,2025-11-18 17:41:38.967184 UTC
IA,2024-12-01,14.279999732971191,29.159999847412109,20.049999237060547,2624279,9134,SINGLE_MONTH,2024-01-01,2024-12-31,2025-11-18 17:41:38.967184 UTC
UT,2024-12-01,16.840000152587891,33.700000762939453,23.770000457763672,2600237,10546,SINGLE_MONTH,2024-01-01,2024-12-31,2025-11-18 17:41:38.967184 UTC
WV,2024-12-01,18.690000534057617,37.020000457763672,26.690000534057617,2084603,6691,SINGLE_MONTH,2024-01-01,2024-12-31,2025-11-18 17:41:38.967184 UTC
SD,2024-12-01,20.1200008392334,41.020000457763672,29.399999618530273,1997575,6790,SINGLE_MONTH,2024-01-01,2024-12-31,2025-11-18 17:41:38.967184 UTC
MA,2024-12-01,16.950000762939453,36.169998168945312,24.139999389648438,1811528,7340,SINGLE_MONTH,2024-01-01,2024-12-31,2025-11-18 17:41:38.967184 UTC
OR,2024-12-01,19.450000762939453,39.900001525878906,27.969999313354492,1793535,7206,SINGLE_MONTH,2024-01-01,2024-12-31,2025-11-18 17:41:38.967184 UTC
MD,2024-12-01,22.899999618530273,45.310001373291016,32.580001831054688,1629889,7381,SINGLE_MONTH,2024-01-01,2024-12-31,2025-11-18 17:41:38.967184 UTC
ID,2024-12-01,19.819999694824219,40.349998474121094,28.959999084472656,1544434,5010,SINGLE_MONTH,2024-01-01,2024-12-31,2025-11-18 17:41:38.967184 UTC
NE,2024-12-01,19.799999237060547,37.459999084472656,27.25,1295430,5358,SINGLE_MONTH,2024-01-01,2024-12-31,2025-11-18 17:41:38.967184 UTC
NJ,2024-12-01,20.399999618530273,40.979999542236328,28.860000610351562,1249602,5948,SINGLE_MONTH,2024-01-01,2024-12-31,2025-11-18 17:41:38.967184 UTC
DE,2024-12-01,6.7399997711181641,11.850000381469727,8.5799999237060547,1129089,3566,SINGLE_MONTH,2024-01-01,2024-12-31,2025-11-18 17:41:38.967184 UTC
MT,2024-12-01,22.440000534057617,43.880001068115234,31.700000762939453,1037619,3665,SINGLE_MONTH,2024-01-01,2024-12-31,2025-11-18 17:41:38.967184 UTC
ND,2024-12-01,19.25,37.599998474121094,26.8799991607666,1027394,3635,SINGLE_MONTH,2024-01-01,2024-12-31,2025-11-18 17:41:38.967184 UTC
WY,2024-12-01,22.860000610351562,42.180000305175781,31.229999542236328,979165,3549,SINGLE_MONTH,2024-01-01,2024-12-31,2025-11-18 17:41:38.967184 UTC
DC,2024-12-01,17.270000457763672,36.360000610351562,23.989999771118164,894523,3691,SINGLE_MONTH,2024-01-01,2024-12-31,2025-11-18 17:41:38.967184 UTC
CT,2024-12-01,20.229999542236328,40.9900016784668,28.809999465942383,776477,3465,SINGLE_MONTH,2024-01-01,2024-12-31,2025-11-18 17:41:38.967184 UTC
NH,2024-12-01,23.059999465942383,48.830001831054688,34.459999084472656,477005,2583,SINGLE_MONTH,2024-01-01,2024-12-31,2025-11-18 17:41:38.967184 UTC
ME,2024-12-01,21.110000610351562,44.580001831054688,31.139999389648438,432167,1867,ROLLING_3MO,2024-01-01,2024-12-31,2025-11-18 17:41:38.967184 UTC
VT,2024-12-01,16.6299991607666,34.950000762939453,24.159999847412109,376476,1634,ROLLING_3MO,2024-01-01,2024-12-31,2025-11-18 17:41:38.967184 UTC
RI,2024-12-01,17.469999313354492,39.360000610351562,26.260000228881836,267481,1052,ROLLING_3MO,2024-01-01,2024-12-31,2025-11-18 17:41:38.967184 UTC
XX,2024-12-01,7.690000057220459,13.449999809265137,9.619999885559082,9699,15,EXCLUDE,2024-01-01,2024-12-31,2025-11-18 17:41:38.967184 UTC