merch_state,month_date,accommodation_cost,transaction_count,unique_visitors,min_cost,max_cost,q25,q75,data_quality_flag,period_start,period_end,calculation_timestamp
FL,2025-01-01,218.57000732421875,2656777,11305,57.849998474121094,3443.68994140625,118.76000213623047,471.94000244140625,SINGLE_MONTH,2025-01-01,2025-10-31,2025-11-18 17:26:31.003650 UTC
CA,2025-01-01,214.69999694824219,2253011,9785,60.9900016784668,1846.52001953125,118.83999633789062,413.76998901367188,SINGLE_MONTH,2025-01-01,2025-10-31,2025-11-18 17:26:31.003650 UTC
TX,2025-01-01,188.49000549316406,2112430,9397,55.959999084472656,1337.6800537109375,118.08999633789062,356.98001098632812,SINGLE_MONTH,2025-01-01,2025-10-31,2025-11-18 17:26:31.003650 UTC
NV,2025-01-01,203.52000427246094,1992325,7577,60.310001373291016,1568.530029296875,113.83999633789062,379.42999267578125,SINGLE_MONTH,2025-01-01,2025-10-31,2025-11-18 17:26:31.003650 UTC
TN,2025-01-01,182.47000122070312,894095,3755,56.020000457763672,1462.4599609375,112.61000061035156,345.510009765625,SINGLE_MONTH,2025-01-01,2025-10-31,2025-11-18 17:26:31.003650 UTC
CO,2025-01-01,187.80000305175781,817827,3648,57.709999084472656,1417.239990234375,118.26999664306641,361.6099853515625,SINGLE_MONTH,2025-01-01,2025-10-31,2025-11-18 17:26:31.003650 UTC
WI,2025-01-01,184.67999267578125,806714,3477,61.549999237060547,1014.260009765625,120.40000152587891,292.77999877929688,SINGLE_MONTH,2025-01-01,2025-10-31,2025-11-18 17:26:31.003650 UTC
GA,2025-01-01,191.99000549316406,797500,3666,58.889999389648438,1579.050048828125,121.65000152587891,362.510009765625,SINGLE_MONTH,2025-01-01,2025-10-31,2025-11-18 17:26:31.003650 UTC
VA,2025-01-01,180.78999328613281,770533,2835,59.959999084472656,1303.06005859375,115.59999847412109,329.8800048828125,SINGLE_MONTH,2025-01-01,2025-10-31,2025-11-18 17:26:31.003650 UTC
IL,2025-01-01,187.71000671386719,747990,3095,56.819999694824219,1108.68994140625,118.87999725341797,311.8699951171875,SINGLE_MONTH,2025-01-01,2025-10-31,2025-11-18 17:26:31.003650 UTC
LA,2025-01-01,175.6300048828125,731491,2753,53.590000152587891,1345.93994140625,108.61000061035156,307.52999877929688,SINGLE_MONTH,2025-01-01,2025-10-31,2025-11-18 17:26:31.003650 UTC
AZ,2025-01-01,216.91999816894531,710156,3216,60.869998931884766,2172.719970703125,122.01999664306641,450.32998657226562,SINGLE_MONTH,2025-01-01,2025-10-31,2025-11-18 17:26:31.003650 UTC
PA,2025-01-01,196.91999816894531,702719,2874,59.369998931884766,1050.530029296875,123.5,331.8599853515625,SINGLE_MONTH,2025-01-01,2025-10-31,2025-11-18 17:26:31.003650 UTC
OK,2025-01-01,155.19999694824219,684419,2633,53.430000305175781,771.239990234375,108.66000366210938,256.1300048828125,SINGLE_MONTH,2025-01-01,2025-10-31,2025-11-18 17:26:31.003650 UTC
MO,2025-01-01,175.92999267578125,632081,2588,62.560001373291016,1005.780029296875,118.75,280.17001342773438,SINGLE_MONTH,2025-01-01,2025-10-31,2025-11-18 17:26:31.003650 UTC
OH,2025-01-01,193.30999755859375,598304,2481,60.810001373291016,991.78997802734375,129.44000244140625,349.5,SINGLE_MONTH,2025-01-01,2025-10-31,2025-11-18 17:26:31.003650 UTC
IN,2025-01-01,187.44000244140625,569757,2154,57.080001831054688,1113.4200439453125,127.79000091552734,322.80999755859375,SINGLE_MONTH,2025-01-01,2025-10-31,2025-11-18 17:26:31.003650 UTC
KS,2025-01-01,166.3699951171875,546505,2056,66.790000915527344,740.65997314453125,116.65000152587891,261.67999267578125,SINGLE_MONTH,2025-01-01,2025-10-31,2025-11-18 17:26:31.003650 UTC
NC,2025-01-01,196.30999755859375,538631,2699,56.9900016784668,1775.3299560546875,128.08999633789062,367.35000610351562,SINGLE_MONTH,2025-01-01,2025-10-31,2025-11-18 17:26:31.003650 UTC
KY,2025-01-01,176.69999694824219,514119,2000,61.540000915527344,1038.239990234375,124.98999786376953,295.8599853515625,SINGLE_MONTH,2025-01-01,2025-10-31,2025-11-18 17:26:31.003650 UTC
WA,2025-01-01,191.35000610351562,510633,2199,56.639999389648438,1153.280029296875,115.23000335693359,343.08999633789062,SINGLE_MONTH,2025-01-01,2025-10-31,2025-11-18 17:26:31.003650 UTC
NM,2025-01-01,160.97999572753906,510332,2226,53.349998474121094,799.6099853515625,102.76000213623047,233.88999938964844,SINGLE_MONTH,2025-01-01,2025-10-31,2025-11-18 17:26:31.003650 UTC
MN,2025-01-01,191.10000610351562,506155,2371,54.900001525878906,1018.030029296875,126.88999938964844,325.33999633789062,SINGLE_MONTH,2025-01-01,2025-10-31,2025-11-18 17:26:31.003650 UTC
MS,2025-01-01,141.27999877929688,487513,1880,53.330001831054688,752.760009765625,97.389999389648438,221.25999450683594,ROLLING_3MO,2025-01-01,2025-10-31,2025-11-18 17:26:31.003650 UTC
OR,2025-01-01,234.57000732421875,471164,1853,68.550003051757812,2454.8701171875,146.74000549316406,448.17999267578125,ROLLING_3MO,2025-01-01,2025-10-31,2025-11-18 17:26:31.003650 UTC
NY,2025-01-01,208.91000366210938,456939,2496,56.340000152587891,1833.3499755859375,135.3699951171875,395.52999877929688,SINGLE_MONTH,2025-01-01,2025-10-31,2025-11-18 17:26:31.003650 UTC
AK,2025-01-01,173.83000183105469,452349,1562,52.630001068115234,1175.550048828125,102.73000335693359,285.85000610351562,ROLLING_3MO,2025-01-01,2025-10-31,2025-11-18 17:26:31.003650 UTC
MI,2025-01-01,181.21000671386719,425560,2098,59.220001220703125,973.010009765625,118.36000061035156,302.8900146484375,SINGLE_MONTH,2025-01-01,2025-10-31,2025-11-18 17:26:31.003650 UTC
IA,2025-01-01,177.66000366210938,415620,1747,57.830001831054688,911.46002197265625,128.35000610351562,279.41000366210938,ROLLING_3MO,2025-01-01,2025-10-31,2025-11-18 17:26:31.003650 UTC
AR,2025-01-01,159.07000732421875,350246,1469,59.349998474121094,783.969970703125,113.68000030517578,252.92999267578125,ROLLING_3MO,2025-01-01,2025-10-31,2025-11-18 17:26:31.003650 UTC
MT,2025-01-01,185.27000427246094,349136,1170,79.2300033569336,1169.25,132.1199951171875,298.14999389648438,ROLLING_3MO,2025-01-01,2025-10-31,2025-11-18 17:26:31.003650 UTC
HI,2025-01-01,269.45999145507812,348269,1312,61.819999694824219,4516.52001953125,128.5,615.94000244140625,ROLLING_3MO,2025-01-01,2025-10-31,2025-11-18 17:26:31.003650 UTC
AL,2025-01-01,184.47999572753906,322343,1544,58.150001525878906,1229.6099853515625,121.08000183105469,297.1099853515625,ROLLING_3MO,2025-01-01,2025-10-31,2025-11-18 17:26:31.003650 UTC
SC,2025-01-01,194.57000732421875,297446,1600,55.790000915527344,1448.8199462890625,120.75,394.32998657226562,ROLLING_3MO,2025-01-01,2025-10-31,2025-11-18 17:26:31.003650 UTC
SD,2025-01-01,155.46000671386719,296538,1252,55.830001831054688,1073.31005859375,109.33000183105469,254.74000549316406,ROLLING_3MO,2025-01-01,2025-10-31,2025-11-18 17:26:31.003650 UTC
MD,2025-01-01,198.66999816894531,280996,1278,54.340000152587891,1391.8800048828125,121.13999938964844,342.39999389648438,ROLLING_3MO,2025-01-01,2025-10-31,2025-11-18 17:26:31.003650 UTC
UT,2025-01-01,172.3800048828125,264774,1442,53.560001373291016,1262.5,108.63999938964844,290.6300048828125,ROLLING_3MO,2025-01-01,2025-10-31,2025-11-18 17:26:31.003650 UTC
NJ,2025-01-01,173.69999694824219,253404,1174,60.150001525878906,984.3699951171875,115.16000366210938,292.98001098632812,ROLLING_3MO,2025-01-01,2025-10-31,2025-11-18 17:26:31.003650 UTC
WY,2025-01-01,177.92999267578125,245352,938,72.540000915527344,1080.6099853515625,125.84999847412109,328.989990234375,ROLLING_3MO,2025-01-01,2025-10-31,2025-11-18 17:26:31.003650 UTC
WV,2025-01-01,161.72000122070312,238138,945,64.4000015258789,883.97998046875,114.15000152587891,267.17999267578125,ROLLING_3MO,2025-01-01,2025-10-31,2025-11-18 17:26:31.003650 UTC
NE,2025-01-01,165.44000244140625,211165,981,58.880001068115234,868.66998291015625,114.45999908447266,252.13999938964844,ROLLING_3MO,2025-01-01,2025-10-31,2025-11-18 17:26:31.003650 UTC
ID,2025-01-01,162.97000122070312,202347,830,59.909999847412109,937.41998291015625,119.90000152587891,279.1199951171875,ROLLING_3MO,2025-01-01,2025-10-31,2025-11-18 17:26:31.003650 UTC
MA,2025-01-01,202.03999328613281,189185,927,56.869998931884766,1219.1400146484375,115.06999969482422,342.64999389648438,ROLLING_3MO,2025-01-01,2025-10-31,2025-11-18 17:26:31.003650 UTC
DC,2025-01-01,352.55999755859375,147397,659,60.909999847412109,2642.25,164.78999328613281,755.1300048828125,ROLLING_3MO,2025-01-01,2025-10-31,2025-11-18 17:26:31.003650 UTC
ND,2025-01-01,177.08999633789062,144956,690,68.889999389648438,807.69000244140625,122.41999816894531,287.48001098632812,ROLLING_3MO,2025-01-01,2025-10-31,2025-11-18 17:26:31.003650 UTC
CT,2025-01-01,202.30000305175781,97814,694,58.669998168945312,1016.0999755859375,104.33999633789062,347.05999755859375,ROLLING_3MO,2025-01-01,2025-10-31,2025-11-18 17:26:31.003650 UTC
NH,2025-01-01,219.1199951171875,48611,359,56.119998931884766,1369.4300537109375,138.44999694824219,404.08999633789062,EXCLUDE,2025-01-01,2025-10-31,2025-11-18 17:26:31.003650 UTC
VT,2025-01-01,244.0,36488,218,67.389999389648438,1279.1400146484375,154.75999450683594,560.0,EXCLUDE,2025-01-01,2025-10-31,2025-11-18 17:26:31.003650 UTC
ME,2025-01-01,166.66999816894531,33255,252,54.0099983215332,1528.31005859375,106.30000305175781,342.6300048828125,EXCLUDE,2025-01-01,2025-10-31,2025-11-18 17:26:31.003650 UTC
DE,2025-01-01,170.47000122070312,32153,211,58.659999847412109,1394.0400390625,107.68000030517578,286.48001098632812,EXCLUDE,2025-01-01,2025-10-31,2025-11-18 17:26:31.003650 UTC
RI,2025-01-01,226.85000610351562,15962,87,61.869998931884766,1132.0699462890625,159.16999816894531,320.04000854492188,EXCLUDE,2025-01-01,2025-10-31,2025-11-18 17:26:31.003650 UTC
FL,2025-02-01,242.71000671386719,2399154,10598,59.060001373291016,3876.8798828125,129.91999816894531,532.3800048828125,SINGLE_MONTH,2025-01-01,2025-10-31,2025-11-18 17:26:31.003650 UTC
TX,2025-02-01,199.52999877929688,2134531,9675,56.290000915527344,1691.719970703125,122.33000183105469,394.42999267578125,SINGLE_MONTH,2025-01-01,2025-10-31,2025-11-18 17:26:31.003650 UTC
CA,2025-02-01,228.24000549316406,2069472,9576,62.5,2001.0400390625,123.73000335693359,446.44000244140625,SINGLE_MONTH,2025-01-01,2025-10-31,2025-11-18 17:26:31.003650 UTC
NV,2025-02-01,196.67999267578125,1811180,7061,60.889999389648438,1434.530029296875,111.11000061035156,356.58999633789062,SINGLE_MONTH,2025-01-01,2025-10-31,2025-11-18 17:26:31.003650 UTC
TN,2025-02-01,190.83999633789062,906632,4008,54.939998626708984,1390.8199462890625,108.31999969482422,328.3800048828125,SINGLE_MONTH,2025-01-01,2025-10-31,2025-11-18 17:26:31.003650 UTC
LA,2025-02-01,195.99000549316406,818182,3089,54.330001831054688,1448.6199951171875,112.12000274658203,357.55999755859375,SINGLE_MONTH,2025-01-01,2025-10-31,2025-11-18 17:26:31.003650 UTC
GA,2025-02-01,208.28999328613281,811613,3865,60.049999237060547,1409.5400390625,133.60000610351562,370.04998779296875,SINGLE_MONTH,2025-01-01,2025-10-31,2025-11-18 17:26:31.003650 UTC
WI,2025-02-01,186.55000305175781,809466,3447,59.459999084472656,984.77001953125,122.43000030517578,304.47000122070312,SINGLE_MONTH,2025-01-01,2025-10-31,2025-11-18 17:26:31.003650 UTC
IL,2025-02-01,195.13999938964844,807169,3301,57.2599983215332,973.3900146484375,126.76999664306641,320.80999755859375,SINGLE_MONTH,2025-01-01,2025-10-31,2025-11-18 17:26:31.003650 UTC
CO,2025-02-01,189.27000427246094,742374,3438,57.270000457763672,2095.800048828125,113.93000030517578,373.79998779296875,SINGLE_MONTH,2025-01-01,2025-10-31,2025-11-18 17:26:31.003650 UTC
VA,2025-02-01,186.02000427246094,741211,2926,59.580001831054688,1544.3900146484375,120.11000061035156,328.29998779296875,SINGLE_MONTH,2025-01-01,2025-10-31,2025-11-18 17:26:31.003650 UTC
AZ,2025-02-01,243.46000671386719,737115,3189,59.540000915527344,2104.6298828125,128.55000305175781,515.55999755859375,SINGLE_MONTH,2025-01-01,2025-10-31,2025-11-18 17:26:31.003650 UTC
PA,2025-02-01,203.49000549316406,692690,2910,56.5099983215332,1165.52001953125,130.8699951171875,355.64999389648438,SINGLE_MONTH,2025-01-01,2025-10-31,2025-11-18 17:26:31.003650 UTC
MO,2025-02-01,189.75,658436,2761,62.150001525878906,1115.0400390625,123.02999877929688,329.17001342773438,SINGLE_MONTH,2025-01-01,2025-10-31,2025-11-18 17:26:31.003650 UTC
OK,2025-02-01,155.22000122070312,634290,2517,55.810001373291016,820.280029296875,109.87000274658203,251.78999328613281,SINGLE_MONTH,2025-01-01,2025-10-31,2025-11-18 17:26:31.003650 UTC
KY,2025-02-01,186.05999755859375,620884,2363,62.830001831054688,1201.449951171875,129.35000610351562,334.1300048828125,SINGLE_MONTH,2025-01-01,2025-10-31,2025-11-18 17:26:31.003650 UTC
IN,2025-02-01,207.33999633789062,602495,2373,56.9900016784668,1216.5999755859375,139.52000427246094,357.260009765625,SINGLE_MONTH,2025-01-01,2025-10-31,2025-11-18 17:26:31.003650 UTC
KS,2025-02-01,173.44000244140625,598192,2235,62.380001068115234,918.8699951171875,124.06999969482422,289.20001220703125,SINGLE_MONTH,2025-01-01,2025-10-31,2025-11-18 17:26:31.003650 UTC
OH,2025-02-01,193.47000122070312,573694,2606,60.569999694824219,1014.0900268554688,128.44000244140625,327.27999877929688,SINGLE_MONTH,2025-01-01,2025-10-31,2025-11-18 17:26:31.003650 UTC
NC,2025-02-01,201.28999328613281,573310,2836,58.470001220703125,1869.1600341796875,129.83000183105469,364.91000366210938,SINGLE_MONTH,2025-01-01,2025-10-31,2025-11-18 17:26:31.003650 UTC
MS,2025-02-01,153.47999572753906,572005,2287,54.340000152587891,776.75,100.62999725341797,231.14999389648438,SINGLE_MONTH,2025-01-01,2025-10-31,2025-11-18 17:26:31.003650 UTC
OR,2025-02-01,289.22000122070312,545020,2023,74.419998168945312,2506.260009765625,167.6199951171875,564.03997802734375,SINGLE_MONTH,2025-01-01,2025-10-31,2025-11-18 17:26:31.003650 UTC
WA,2025-02-01,216.1300048828125,486769,2138,58.529998779296875,1303.8900146484375,131.66000366210938,386.8699951171875,SINGLE_MONTH,2025-01-01,2025-10-31,2025-11-18 17:26:31.003650 UTC
MN,2025-02-01,189.28999328613281,480594,2388,54.669998168945312,1071.31005859375,125.30000305175781,324.6300048828125,SINGLE_MONTH,2025-01-01,2025-10-31,2025-11-18 17:26:31.003650 UTC
NM,2025-02-01,167.52999877929688,469778,2122,53.520000457763672,843.1500244140625,104.72000122070312,252.86000061035156,SINGLE_MONTH,2025-01-01,2025-10-31,2025-11-18 17:26:31.003650 UTC
IA,2025-02-01,185.92999267578125,453844,1843,60.790000915527344,936.54998779296875,133.6199951171875,318.39999389648438,ROLLING_3MO,2025-01-01,2025-10-31,2025-11-18 17:26:31.003650 UTC
AK,2025-02-01,206.41999816894531,440701,1556,52.799999237060547,1350.18994140625,108.13999938964844,359.42999267578125,ROLLING_3MO,2025-01-01,2025-10-31,2025-11-18 17:26:31.003650 UTC
MI,2025-02-01,179.71000671386719,419381,2156,57.209999084472656,1076.18994140625,121.88999938964844,298.1099853515625,SINGLE_MONTH,2025-01-01,2025-10-31,2025-11-18 17:26:31.003650 UTC
NY,2025-02-01,212.08999633789062,416719,2259,56.040000915527344,1827.4599609375,128.27000427246094,404.77999877929688,SINGLE_MONTH,2025-01-01,2025-10-31,2025-11-18 17:26:31.003650 UTC
AL,2025-02-01,196.13999938964844,372823,1789,57.169998168945312,1204.010009765625,128.50999450683594,319.20001220703125,ROLLING_3MO,2025-01-01,2025-10-31,2025-11-18 17:26:31.003650 UTC
SC,2025-02-01,201.91000366210938,341026,1861,63.099998474121094,1598.010009765625,132.21000671386719,382.32998657226562,ROLLING_3MO,2025-01-01,2025-10-31,2025-11-18 17:26:31.003650 UTC
HI,2025-02-01,271.30999755859375,334467,1277,60.560001373291016,3742.18994140625,134.11000061035156,536.47998046875,ROLLING_3MO,2025-01-01,2025-10-31,2025-11-18 17:26:31.003650 UTC
AR,2025-02-01,166.50999450683594,323163,1454,61.310001373291016,804.8699951171875,119.84999847412109,266.35000610351562,ROLLING_3MO,2025-01-01,2025-10-31,2025-11-18 17:26:31.003650 UTC
MT,2025-02-01,188.17999267578125,303881,1075,73.5999984741211,1097.199951171875,137.72999572753906,322.08999633789062,ROLLING_3MO,2025-01-01,2025-10-31,2025-11-18 17:26:31.003650 UTC
SD,2025-02-01,158.44000244140625,286457,1330,55.770000457763672,1029.52001953125,108.01000213623047,261.33999633789062,ROLLING_3MO,2025-01-01,2025-10-31,2025-11-18 17:26:31.003650 UTC
MD,2025-02-01,199.3699951171875,283611,1286,56.409999847412109,1915.81005859375,116.62999725341797,368.89999389648438,ROLLING_3MO,2025-01-01,2025-10-31,2025-11-18 17:26:31.003650 UTC
UT,2025-02-01,180.5,280225,1526,54.360000610351562,1644.9300537109375,108.73999786376953,321.67999267578125,ROLLING_3MO,2025-01-01,2025-10-31,2025-11-18 17:26:31.003650 UTC
WV,2025-02-01,168.0,274020,982,65.040000915527344,851.27001953125,123.94999694824219,262.510009765625,ROLLING_3MO,2025-01-01,2025-10-31,2025-11-18 17:26:31.003650 UTC
WY,2025-02-01,166.85000610351562,247908,941,67.389999389648438,1131.6700439453125,124.98000335693359,291.07998657226562,ROLLING_3MO,2025-01-01,2025-10-31,2025-11-18 17:26:31.003650 UTC
NE,2025-02-01,189.75,233910,1048,56.099998474121094,983.55999755859375,125.05000305175781,308.07000732421875,ROLLING_3MO,2025-01-01,2025-10-31,2025-11-18 17:26:31.003650 UTC
NJ,2025-02-01,183.44000244140625,222570,1130,60.360000610351562,1095.800048828125,127.09999847412109,300.82998657226562,ROLLING_3MO,2025-01-01,2025-10-31,2025-11-18 17:26:31.003650 UTC
DC,2025-02-01,426.6400146484375,220893,845,61.669998168945312,2539.570068359375,204.11000061035156,1072.68994140625,ROLLING_3MO,2025-01-01,2025-10-31,2025-11-18 17:26:31.003650 UTC
MA,2025-02-01,228.96000671386719,193074,895,57.069999694824219,1355.18994140625,131.42999267578125,405.29000854492188,ROLLING_3MO,2025-01-01,2025-10-31,2025-11-18 17:26:31.003650 UTC
ID,2025-02-01,179.6199951171875,173543,761,55.419998168945312,992.54998779296875,115.76999664306641,299.95999145507812,ROLLING_3MO,2025-01-01,2025-10-31,2025-11-18 17:26:31.003650 UTC
ND,2025-02-01,174.52000427246094,142421,706,71.9000015258789,845.55999755859375,122.41999816894531,281.85000610351562,ROLLING_3MO,2025-01-01,2025-10-31,2025-11-18 17:26:31.003650 UTC
CT,2025-02-01,185.83999633789062,76886,694,63.979999542236328,1138.5699462890625,106.93000030517578,314.6400146484375,ROLLING_3MO,2025-01-01,2025-10-31,2025-11-18 17:26:31.003650 UTC
NH,2025-02-01,242.28999328613281,49659,345,70.199996948242188,1073.8599853515625,148.53999328613281,388.83999633789062,EXCLUDE,2025-01-01,2025-10-31,2025-11-18 17:26:31.003650 UTC
DE,2025-02-01,163.97000122070312,37260,231,72.5999984741211,870.05999755859375,101.91999816894531,248.88999938964844,EXCLUDE,2025-01-01,2025-10-31,2025-11-18 17:26:31.003650 UTC
ME,2025-02-01,182.44999694824219,36680,257,54.889999389648438,1050.1600341796875,116.5,291.6099853515625,EXCLUDE,2025-01-01,2025-10-31,2025-11-18 17:26:31.003650 UTC
VT,2025-02-01,254.57000732421875,36413,205,61.139999389648438,1120.6300048828125,161.38999938964844,547.02001953125,EXCLUDE,2025-01-01,2025-10-31,2025-11-18 17:26:31.003650 UTC
RI,2025-02-01,308.8900146484375,15619,86,56.930000305175781,1348.5999755859375,167.82000732421875,569.280029296875,EXCLUDE,2025-01-01,2025-10-31,2025-11-18 17:26:31.003650 UTC
FL,2025-03-01,234.27999877929688,2834919,12209,56.599998474121094,3533.4599609375,123.31999969482422,491.23001098632812,SINGLE_MONTH,2025-01-01,2025-10-31,2025-11-18 17:26:31.003650 UTC
TX,2025-03-01,200.83000183105469,2425842,11265,56.150001525878906,1509.2099609375,123.54000091552734,370.5,SINGLE_MONTH,2025-01-01,2025-10-31,2025-11-18 17:26:31.003650 UTC
CA,2025-03-01,224.30999755859375,2374614,11099,61.080001831054688,2002.010009765625,118.90000152587891,447.47000122070312,SINGLE_MONTH,2025-01-01,2025-10-31,2025-11-18 17:26:31.003650 UTC
NV,2025-03-01,199.08000183105469,2002125,7651,62.159999847412109,1605.93994140625,114.08999633789062,376.01998901367188,SINGLE_MONTH,2025-01-01,2025-10-31,2025-11-18 17:26:31.003650 UTC
TN,2025-03-01,197.69999694824219,1433527,5973,56.069999694824219,1696.699951171875,114.12999725341797,367.3699951171875,SINGLE_MONTH,2025-01-01,2025-10-31,2025-11-18 17:26:31.003650 UTC
IL,2025-03-01,210.1199951171875,1061304,4423,58.0099983215332,1402.0799560546875,135.33999633789062,359.239990234375,SINGLE_MONTH,2025-01-01,2025-10-31,2025-11-18 17:26:31.003650 UTC
GA,2025-03-01,208.27999877929688,1008826,4723,59.590000152587891,1524.219970703125,128.92999267578125,361.8699951171875,SINGLE_MONTH,2025-01-01,2025-10-31,2025-11-18 17:26:31.003650 UTC
VA,2025-03-01,196.25999450683594,993346,3939,60.069999694824219,1421.5400390625,124.29000091552734,340.35000610351562,SINGLE_MONTH,2025-01-01,2025-10-31,2025-11-18 17:26:31.003650 UTC
MO,2025-03-01,197.41999816894531,979214,4199,59.360000610351562,1263.3499755859375,125.27999877929688,336.0,SINGLE_MONTH,2025-01-01,2025-10-31,2025-11-18 17:26:31.003650 UTC
WI,2025-03-01,193.97999572753906,972909,4091,58.119998931884766,1175.5999755859375,127.72000122070312,317.3699951171875,SINGLE_MONTH,2025-01-01,2025-10-31,2025-11-18 17:26:31.003650 UTC
LA,2025-03-01,193.08999633789062,950634,3820,54.200000762939453,1431.6500244140625,111.52999877929688,337.52999877929688,SINGLE_MONTH,2025-01-01,2025-10-31,2025-11-18 17:26:31.003650 UTC
CO,2025-03-01,197.39999389648438,949018,4522,58.130001068115234,1437.449951171875,120.13999938964844,389.17999267578125,SINGLE_MONTH,2025-01-01,2025-10-31,2025-11-18 17:26:31.003650 UTC
PA,2025-03-01,210.10000610351562,894467,3680,59.590000152587891,1115.699951171875,131.72999572753906,386.02999877929688,SINGLE_MONTH,2025-01-01,2025-10-31,2025-11-18 17:26:31.003650 UTC
OK,2025-03-01,167.6300048828125,865408,3580,54.599998474121094,1001.75,112.44000244140625,284.29998779296875,SINGLE_MONTH,2025-01-01,2025-10-31,2025-11-18 17:26:31.003650 UTC
KS,2025-03-01,195.28999328613281,798937,3181,59.2400016784668,1013.969970703125,132.91999816894531,314.69000244140625,SINGLE_MONTH,2025-01-01,2025-10-31,2025-11-18 17:26:31.003650 UTC
AZ,2025-03-01,242.19999694824219,793754,3658,59.7400016784668,2246.260009765625,129.80999755859375,481.25,SINGLE_MONTH,2025-01-01,2025-10-31,2025-11-18 17:26:31.003650 UTC
KY,2025-03-01,186.53999328613281,759219,3136,62.389999389648438,1116.1800537109375,129.08999633789062,316.19000244140625,SINGLE_MONTH,2025-01-01,2025-10-31,2025-11-18 17:26:31.003650 UTC
OH,2025-03-01,207.1199951171875,734744,3379,61.540000915527344,1133.3599853515625,144.19000244140625,356.32998657226562,SINGLE_MONTH,2025-01-01,2025-10-31,2025-11-18 17:26:31.003650 UTC
NC,2025-03-01,196.3800048828125,722558,3423,55.790000915527344,1449.3599853515625,131.35000610351562,349.07998657226562,SINGLE_MONTH,2025-01-01,2025-10-31,2025-11-18 17:26:31.003650 UTC
IN,2025-03-01,203.52999877929688,697953,3089,56.7599983215332,1208.0899658203125,135.75999450683594,364.02999877929688,SINGLE_MONTH,2025-01-01,2025-10-31,2025-11-18 17:26:31.003650 UTC
MS,2025-03-01,156.58999633789062,651441,2690,54.0099983215332,718.32000732421875,99.9800033569336,247.64999389648438,SINGLE_MONTH,2025-01-01,2025-10-31,2025-11-18 17:26:31.003650 UTC
OR,2025-03-01,305.0,618925,2397,70.239997863769531,2398.47998046875,164.6300048828125,618.1300048828125,SINGLE_MONTH,2025-01-01,2025-10-31,2025-11-18 17:26:31.003650 UTC
NM,2025-03-01,170.85000610351562,608368,2892,53.380001068115234,899.46002197265625,102.58999633789062,249.16000366210938,SINGLE_MONTH,2025-01-01,2025-10-31,2025-11-18 17:26:31.003650 UTC
WA,2025-03-01,198.78999328613281,606775,2671,54.2599983215332,1309.75,116.43000030517578,348.3900146484375,SINGLE_MONTH,2025-01-01,2025-10-31,2025-11-18 17:26:31.003650 UTC
MN,2025-03-01,204.78999328613281,579676,2783,56.380001068115234,1080.739990234375,132.75,357.16000366210938,SINGLE_MONTH,2025-01-01,2025-10-31,2025-11-18 17:26:31.003650 UTC
IA,2025-03-01,187.94000244140625,563834,2395,61.689998626708984,1050.8599853515625,134.47999572753906,311.32000732421875,SINGLE_MONTH,2025-01-01,2025-10-31,2025-11-18 17:26:31.003650 UTC
MI,2025-03-01,182.69000244140625,503062,2505,57.400001525878906,986.58001708984375,120.58000183105469,312.27999877929688,SINGLE_MONTH,2025-01-01,2025-10-31,2025-11-18 17:26:31.003650 UTC
AK,2025-03-01,201.32000732421875,488082,1863,53.849998474121094,1334.469970703125,112.26999664306641,348.20001220703125,ROLLING_3MO,2025-01-01,2025-10-31,2025-11-18 17:26:31.003650 UTC
NY,2025-03-01,229.83999633789062,483532,2689,57.639999389648438,1860.530029296875,132.22000122070312,426.58999633789062,SINGLE_MONTH,2025-01-01,2025-10-31,2025-11-18 17:26:31.003650 UTC
AR,2025-03-01,162.67999267578125,474594,2022,58.970001220703125,834.20001220703125,115.08999633789062,262.89999389648438,SINGLE_MONTH,2025-01-01,2025-10-31,2025-11-18 17:26:31.003650 UTC
AL,2025-03-01,207.60000610351562,469937,2295,56.439998626708984,1508.719970703125,133.46000671386719,356.3599853515625,SINGLE_MONTH,2025-01-01,2025-10-31,2025-11-18 17:26:31.003650 UTC
SC,2025-03-01,217.47999572753906,443769,2444,66.970001220703125,1751.6099853515625,138.94999694824219,420.20001220703125,SINGLE_MONTH,2025-01-01,2025-10-31,2025-11-18 17:26:31.003650 UTC
MT,2025-03-01,204.72000122070312,420373,1482,78.209999084472656,959.8499755859375,138.82000732421875,343.44000244140625,ROLLING_3MO,2025-01-01,2025-10-31,2025-11-18 17:26:31.003650 UTC
HI,2025-03-01,254.69999694824219,367362,1451,59.650001525878906,3537.60009765625,129.82000732421875,536.53997802734375,ROLLING_3MO,2025-01-01,2025-10-31,2025-11-18 17:26:31.003650 UTC
MD,2025-03-01,204.22000122070312,345257,1624,57.340000152587891,1685.9000244140625,129.77999877929688,363.70001220703125,ROLLING_3MO,2025-01-01,2025-10-31,2025-11-18 17:26:31.003650 UTC
SD,2025-03-01,171.58000183105469,343408,1496,59.979999542236328,955.5999755859375,119.41999816894531,268.75,ROLLING_3MO,2025-01-01,2025-10-31,2025-11-18 17:26:31.003650 UTC
WV,2025-03-01,180.61000061035156,333651,1383,65.779998779296875,888.04998779296875,120.87000274658203,302.3699951171875,ROLLING_3MO,2025-01-01,2025-10-31,2025-11-18 17:26:31.003650 UTC
UT,2025-03-01,174.55000305175781,308043,1853,56.080001831054688,1098.1199951171875,110.01999664306641,277.1099853515625,ROLLING_3MO,2025-01-01,2025-10-31,2025-11-18 17:26:31.003650 UTC
NE,2025-03-01,172.28999328613281,302429,1384,60.040000915527344,835.3499755859375,123.93000030517578,273.92999267578125,ROLLING_3MO,2025-01-01,2025-10-31,2025-11-18 17:26:31.003650 UTC
NJ,2025-03-01,183.14999389648438,268922,1391,60.529998779296875,1025.8299560546875,122.90000152587891,313.72000122070312,ROLLING_3MO,2025-01-01,2025-10-31,2025-11-18 17:26:31.003650 UTC
WY,2025-03-01,171.64999389648438,261145,1100,68.580001831054688,1536.989990234375,126.77999877929688,277.76998901367188,ROLLING_3MO,2025-01-01,2025-10-31,2025-11-18 17:26:31.003650 UTC
DC,2025-03-01,525.219970703125,244581,1044,64.970001220703125,2721.27001953125,221.64999389648438,1326.5,ROLLING_3MO,2025-01-01,2025-10-31,2025-11-18 17:26:31.003650 UTC
ID,2025-03-01,193.92999267578125,231590,957,59.709999084472656,1089.6300048828125,127.97000122070312,351.97000122070312,ROLLING_3MO,2025-01-01,2025-10-31,2025-11-18 17:26:31.003650 UTC
MA,2025-03-01,253.66000366210938,216427,1130,57.680000305175781,2010.260009765625,128.44000244140625,464.35000610351562,ROLLING_3MO,2025-01-01,2025-10-31,2025-11-18 17:26:31.003650 UTC
ND,2025-03-01,193.99000549316406,157870,754,72.989997863769531,834.530029296875,133.77999877929688,322.16000366210938,ROLLING_3MO,2025-01-01,2025-10-31,2025-11-18 17:26:31.003650 UTC
CT,2025-03-01,213.6199951171875,109755,961,73.139999389648438,1152.4599609375,113.69999694824219,350.83999633789062,ROLLING_3MO,2025-01-01,2025-10-31,2025-11-18 17:26:31.003650 UTC
NH,2025-03-01,200.16000366210938,43269,282,53.180000305175781,960.91998291015625,143.47999572753906,289.6400146484375,EXCLUDE,2025-01-01,2025-10-31,2025-11-18 17:26:31.003650 UTC
ME,2025-03-01,201.27999877929688,41179,344,63.819999694824219,845.80999755859375,125.0,363.010009765625,EXCLUDE,2025-01-01,2025-10-31,2025-11-18 17:26:31.003650 UTC
DE,2025-03-01,198.57000732421875,40209,273,66.75,1142.949951171875,127.91999816894531,312.1300048828125,EXCLUDE,2025-01-01,2025-10-31,2025-11-18 17:26:31.003650 UTC
RI,2025-03-01,299.83999633789062,26352,161,74.94000244140625,1180.1400146484375,188.77999877929688,532.77001953125,EXCLUDE,2025-01-01,2025-10-31,2025-11-18 17:26:31.003650 UTC
VT,2025-03-01,252.75999450683594,26106,178,77.3499984741211,2029.0899658203125,163.96000671386719,411.52999877929688,EXCLUDE,2025-01-01,2025-10-31,2025-11-18 17:26:31.003650 UTC
FL,2025-04-01,220.66999816894531,2417873,10273,58.200000762939453,3045.02001953125,123.01000213623047,483.02999877929688,SINGLE_MONTH,2025-01-01,2025-10-31,2025-11-18 17:26:31.003650 UTC
CA,2025-04-01,221.88999938964844,2191310,10579,58.200000762939453,2010.56005859375,121.98999786376953,438.29998779296875,SINGLE_MONTH,2025-01-01,2025-10-31,2025-11-18 17:26:31.003650 UTC
TX,2025-04-01,204.33000183105469,1877975,8839,57.810001373291016,1724.449951171875,126.97000122070312,397.54998779296875,SINGLE_MONTH,2025-01-01,2025-10-31,2025-11-18 17:26:31.003650 UTC
NV,2025-04-01,211.33000183105469,1830303,7251,60.439998626708984,1547.22998046875,116.48999786376953,404.70001220703125,SINGLE_MONTH,2025-01-01,2025-10-31,2025-11-18 17:26:31.003650 UTC
TN,2025-04-01,206.58999633789062,1095902,4860,56.770000457763672,1579.219970703125,125.94000244140625,381.33999633789062,SINGLE_MONTH,2025-01-01,2025-10-31,2025-11-18 17:26:31.003650 UTC
IL,2025-04-01,214.44999694824219,956229,4017,59.330001831054688,1450.0799560546875,135.71000671386719,386.44000244140625,SINGLE_MONTH,2025-01-01,2025-10-31,2025-11-18 17:26:31.003650 UTC
VA,2025-04-01,194.6199951171875,891101,3721,58.549999237060547,1481.31005859375,124.47000122070312,328.55999755859375,SINGLE_MONTH,2025-01-01,2025-10-31,2025-11-18 17:26:31.003650 UTC
MO,2025-04-01,200.61000061035156,856283,3721,56.049999237060547,1168.949951171875,127.15000152587891,353.60000610351562,SINGLE_MONTH,2025-01-01,2025-10-31,2025-11-18 17:26:31.003650 UTC
LA,2025-04-01,202.63999938964844,822860,3091,53.9900016784668,1535.219970703125,118.47000122070312,362.010009765625,SINGLE_MONTH,2025-01-01,2025-10-31,2025-11-18 17:26:31.003650 UTC
WI,2025-04-01,191.85000610351562,818813,3504,59.419998168945312,1040.6400146484375,125.40000152587891,308.75,SINGLE_MONTH,2025-01-01,2025-10-31,2025-11-18 17:26:31.003650 UTC
GA,2025-04-01,210.47000122070312,818024,3961,59.630001068115234,1546.6500244140625,130.21000671386719,372.76998901367188,SINGLE_MONTH,2025-01-01,2025-10-31,2025-11-18 17:26:31.003650 UTC
PA,2025-04-01,208.14999389648438,788969,3468,60.049999237060547,1356.22998046875,136.96000671386719,369.26998901367188,SINGLE_MONTH,2025-01-01,2025-10-31,2025-11-18 17:26:31.003650 UTC
CO,2025-04-01,194.3699951171875,787850,3970,57.5099983215332,1432.0899658203125,115.73000335693359,367.64999389648438,SINGLE_MONTH,2025-01-01,2025-10-31,2025-11-18 17:26:31.003650 UTC
OH,2025-04-01,207.94000244140625,747141,3373,61.180000305175781,1173.27001953125,139.71000671386719,370.17001342773438,SINGLE_MONTH,2025-01-01,2025-10-31,2025-11-18 17:26:31.003650 UTC
AZ,2025-04-01,230.22000122070312,738503,3283,59.919998168945312,1970.3499755859375,135.28999328613281,505.8900146484375,SINGLE_MONTH,2025-01-01,2025-10-31,2025-11-18 17:26:31.003650 UTC
OK,2025-04-01,168.58999633789062,706526,2926,54.7599983215332,976.010009765625,117.06999969482422,282.8699951171875,SINGLE_MONTH,2025-01-01,2025-10-31,2025-11-18 17:26:31.003650 UTC
IN,2025-04-01,210.03999328613281,670712,2810,58.529998779296875,1529.2099609375,141.27999877929688,392.94000244140625,SINGLE_MONTH,2025-01-01,2025-10-31,2025-11-18 17:26:31.003650 UTC
NC,2025-04-01,211.50999450683594,651363,3203,59.369998931884766,1638.1500244140625,136.11000061035156,377.64999389648438,SINGLE_MONTH,2025-01-01,2025-10-31,2025-11-18 17:26:31.003650 UTC
OR,2025-04-01,293.260009765625,625991,2536,67.839996337890625,2489.18994140625,169.33000183105469,561.67999267578125,SINGLE_MONTH,2025-01-01,2025-10-31,2025-11-18 17:26:31.003650 UTC
KS,2025-04-01,188.19000244140625,622834,2580,68.129997253417969,891.71002197265625,133.07000732421875,307.41000366210938,SINGLE_MONTH,2025-01-01,2025-10-31,2025-11-18 17:26:31.003650 UTC
WA,2025-04-01,222.42999267578125,612725,2607,57.5,1407.5699462890625,136.22000122070312,398.239990234375,SINGLE_MONTH,2025-01-01,2025-10-31,2025-11-18 17:26:31.003650 UTC
KY,2025-04-01,192.21000671386719,612194,2430,59.889999389648438,1175.6700439453125,132.67999267578125,327.07998657226562,SINGLE_MONTH,2025-01-01,2025-10-31,2025-11-18 17:26:31.003650 UTC
MS,2025-04-01,153.52999877929688,570419,2256,54.040000915527344,796.41998291015625,99.800003051757812,240.74000549316406,SINGLE_MONTH,2025-01-01,2025-10-31,2025-11-18 17:26:31.003650 UTC
IA,2025-04-01,191.05999755859375,543138,2357,61.930000305175781,916.260009765625,133.42999267578125,311.69000244140625,SINGLE_MONTH,2025-01-01,2025-10-31,2025-11-18 17:26:31.003650 UTC
MN,2025-04-01,206.8800048828125,541017,2594,60.159999847412109,979.989990234375,130.99000549316406,349.989990234375,SINGLE_MONTH,2025-01-01,2025-10-31,2025-11-18 17:26:31.003650 UTC
NM,2025-04-01,172.35000610351562,507712,2290,54.799999237060547,823.8900146484375,109.06999969482422,253.72000122070312,SINGLE_MONTH,2025-01-01,2025-10-31,2025-11-18 17:26:31.003650 UTC
MI,2025-04-01,183.61000061035156,453860,2380,56.970001220703125,1052.1700439453125,121.61000061035156,309.5,SINGLE_MONTH,2025-01-01,2025-10-31,2025-11-18 17:26:31.003650 UTC
NY,2025-04-01,226.25,436455,2463,58.389999389648438,2358.1298828125,134.57000732421875,423.1400146484375,SINGLE_MONTH,2025-01-01,2025-10-31,2025-11-18 17:26:31.003650 UTC
MT,2025-04-01,211.41999816894531,434852,1439,83.209999084472656,1005.9199829101562,142.83000183105469,376.260009765625,ROLLING_3MO,2025-01-01,2025-10-31,2025-11-18 17:26:31.003650 UTC
SC,2025-04-01,217.55000305175781,402705,2257,66.55999755859375,2119.64990234375,132.80000305175781,435.04000854492188,SINGLE_MONTH,2025-01-01,2025-10-31,2025-11-18 17:26:31.003650 UTC
AK,2025-04-01,199.44000244140625,400542,1537,52.470001220703125,1336.43994140625,110.51999664306641,333.67001342773438,ROLLING_3MO,2025-01-01,2025-10-31,2025-11-18 17:26:31.003650 UTC
AL,2025-04-01,206.1199951171875,378529,1848,58.819999694824219,1224.510009765625,131.49000549316406,337.239990234375,ROLLING_3MO,2025-01-01,2025-10-31,2025-11-18 17:26:31.003650 UTC
AR,2025-04-01,168.47999572753906,360926,1739,60.200000762939453,862.20001220703125,123.48999786376953,274.20001220703125,ROLLING_3MO,2025-01-01,2025-10-31,2025-11-18 17:26:31.003650 UTC
MD,2025-04-01,212.0,328344,1600,57.549999237060547,1542.800048828125,126.69999694824219,373.23001098632812,ROLLING_3MO,2025-01-01,2025-10-31,2025-11-18 17:26:31.003650 UTC
SD,2025-04-01,167.3800048828125,321084,1368,60.770000457763672,678.8800048828125,117.87999725341797,276.29000854492188,ROLLING_3MO,2025-01-01,2025-10-31,2025-11-18 17:26:31.003650 UTC
UT,2025-04-01,194.39999389648438,293463,1784,56.560001373291016,1237.949951171875,123.19000244140625,327.8599853515625,ROLLING_3MO,2025-01-01,2025-10-31,2025-11-18 17:26:31.003650 UTC
WV,2025-04-01,176.24000549316406,283688,1119,62.529998779296875,875.45001220703125,124.48000335693359,263.3900146484375,ROLLING_3MO,2025-01-01,2025-10-31,2025-11-18 17:26:31.003650 UTC
WY,2025-04-01,166.00999450683594,279335,1110,69.760002136230469,900.1500244140625,120.86000061035156,268.1199951171875,ROLLING_3MO,2025-01-01,2025-10-31,2025-11-18 17:26:31.003650 UTC
HI,2025-04-01,274.25,275505,1148,62.610000610351562,3451.840087890625,133.3800048828125,556.239990234375,ROLLING_3MO,2025-01-01,2025-10-31,2025-11-18 17:26:31.003650 UTC
NE,2025-04-01,174.38999938964844,251688,1250,60.630001068115234,799.5999755859375,124.68000030517578,274.83999633789062,ROLLING_3MO,2025-01-01,2025-10-31,2025-11-18 17:26:31.003650 UTC
NJ,2025-04-01,184.67999267578125,250371,1311,67.4800033569336,1032.8199462890625,133.39999389648438,299.04998779296875,ROLLING_3MO,2025-01-01,2025-10-31,2025-11-18 17:26:31.003650 UTC
DC,2025-04-01,497.3900146484375,228231,1027,70.379997253417969,2802.889892578125,208.97999572753906,1129.2099609375,ROLLING_3MO,2025-01-01,2025-10-31,2025-11-18 17:26:31.003650 UTC
ID,2025-04-01,195.30000305175781,221340,929,60.049999237060547,866.80999755859375,133.53999328613281,366.51998901367188,ROLLING_3MO,2025-01-01,2025-10-31,2025-11-18 17:26:31.003650 UTC
MA,2025-04-01,241.13999938964844,211310,1117,56.330001831054688,1885.760009765625,129.6300048828125,428.54998779296875,ROLLING_3MO,2025-01-01,2025-10-31,2025-11-18 17:26:31.003650 UTC
ND,2025-04-01,182.69999694824219,167249,724,74.949996948242188,889.25,123.04000091552734,312.51998901367188,ROLLING_3MO,2025-01-01,2025-10-31,2025-11-18 17:26:31.003650 UTC
CT,2025-04-01,207.66999816894531,102629,932,60.0,1250.6600341796875,112.08999633789062,341.26998901367188,ROLLING_3MO,2025-01-01,2025-10-31,2025-11-18 17:26:31.003650 UTC
ME,2025-04-01,245.17999267578125,42693,348,58.139999389648438,1074.699951171875,150.60000610351562,387.58999633789062,EXCLUDE,2025-01-01,2025-10-31,2025-11-18 17:26:31.003650 UTC
DE,2025-04-01,192.14999389648438,40023,256,62.779998779296875,822.77001953125,107.20999908447266,306.0,EXCLUDE,2025-01-01,2025-10-31,2025-11-18 17:26:31.003650 UTC
NH,2025-04-01,178.03999328613281,37612,239,57.099998474121094,737.219970703125,129.97999572753906,325.26998901367188,EXCLUDE,2025-01-01,2025-10-31,2025-11-18 17:26:31.003650 UTC
VT,2025-04-01,229.50999450683594,21868,148,66.680000305175781,1256.75,145.02000427246094,318.20001220703125,EXCLUDE,2025-01-01,2025-10-31,2025-11-18 17:26:31.003650 UTC
RI,2025-04-01,287.97000122070312,18855,124,68.0199966430664,7059.8701171875,152.35000610351562,523.8699951171875,EXCLUDE,2025-01-01,2025-10-31,2025-11-18 17:26:31.003650 UTC
XX,2025-04-01,179.75,3,1,169.30999755859375,184.19000244140625,169.30999755859375,184.19000244140625,EXCLUDE,2025-01-01,2025-10-31,2025-11-18 17:26:31.003650 UTC
FL,2025-05-01,208.88999938964844,2238459,9951,56.439998626708984,3039.52001953125,114.54000091552734,455.489990234375,SINGLE_MONTH,2025-01-01,2025-10-31,2025-11-18 17:26:31.003650 UTC
CA,2025-05-01,233.99000549316406,2096436,10335,60.840000152587891,1921.1800537109375,126.54000091552734,437.27999877929688,SINGLE_MONTH,2025-01-01,2025-10-31,2025-11-18 17:26:31.003650 UTC
TX,2025-05-01,196.41999816894531,1917430,9269,55.5099983215332,1455.81005859375,120.70999908447266,368.54000854492188,SINGLE_MONTH,2025-01-01,2025-10-31,2025-11-18 17:26:31.003650 UTC
NV,2025-05-01,202.71000671386719,1639471,6815,59.950000762939453,1609.219970703125,113.68000030517578,381.76998901367188,SINGLE_MONTH,2025-01-01,2025-10-31,2025-11-18 17:26:31.003650 UTC
TN,2025-05-01,207.69999694824219,1075165,5036,55.529998779296875,1597.75,124.56999969482422,390.26998901367188,SINGLE_MONTH,2025-01-01,2025-10-31,2025-11-18 17:26:31.003650 UTC
IL,2025-05-01,217.58000183105469,963543,4061,57.389999389648438,1578.7099609375,136.02000427246094,400.1300048828125,SINGLE_MONTH,2025-01-01,2025-10-31,2025-11-18 17:26:31.003650 UTC
CO,2025-05-01,204.47000122070312,883576,4475,56.659999847412109,1635.97998046875,122.01999664306641,390.27999877929688,SINGLE_MONTH,2025-01-01,2025-10-31,2025-11-18 17:26:31.003650 UTC
VA,2025-05-01,204.52999877929688,882862,3835,57.110000610351562,1498.550048828125,130.33999633789062,354.75,SINGLE_MONTH,2025-01-01,2025-10-31,2025-11-18 17:26:31.003650 UTC
PA,2025-05-01,222.75,831144,3837,62.299999237060547,1374.97998046875,144.03999328613281,394.19000244140625,SINGLE_MONTH,2025-01-01,2025-10-31,2025-11-18 17:26:31.003650 UTC
WI,2025-05-01,206.19999694824219,813376,3999,63.619998931884766,1097.3800048828125,137.85000610351562,330.79000854492188,SINGLE_MONTH,2025-01-01,2025-10-31,2025-11-18 17:26:31.003650 UTC
MO,2025-05-01,196.27999877929688,807389,3857,57.520000457763672,1365.239990234375,124.87000274658203,338.07000732421875,SINGLE_MONTH,2025-01-01,2025-10-31,2025-11-18 17:26:31.003650 UTC
GA,2025-05-01,198.25999450683594,768430,3922,58.360000610351562,1372.7900390625,121.09999847412109,342.3599853515625,SINGLE_MONTH,2025-01-01,2025-10-31,2025-11-18 17:26:31.003650 UTC
LA,2025-05-01,185.53999328613281,752235,2989,55.189998626708984,1239.43994140625,112.44999694824219,325.29998779296875,SINGLE_MONTH,2025-01-01,2025-10-31,2025-11-18 17:26:31.003650 UTC
OK,2025-05-01,173.80999755859375,743316,3109,56.700000762939453,902.719970703125,119.15000152587891,280.22000122070312,SINGLE_MONTH,2025-01-01,2025-10-31,2025-11-18 17:26:31.003650 UTC
OH,2025-05-01,218.83000183105469,743178,3541,63.459999084472656,1267.3499755859375,147.41999816894531,373.42999267578125,SINGLE_MONTH,2025-01-01,2025-10-31,2025-11-18 17:26:31.003650 UTC
KS,2025-05-01,195.46000671386719,679197,2603,70.580001831054688,821.08001708984375,137.67999267578125,316.91000366210938,SINGLE_MONTH,2025-01-01,2025-10-31,2025-11-18 17:26:31.003650 UTC
KY,2025-05-01,195.33999633789062,659661,2699,64.360000610351562,1070.050048828125,136.1300048828125,322.89999389648438,SINGLE_MONTH,2025-01-01,2025-10-31,2025-11-18 17:26:31.003650 UTC
AZ,2025-05-01,210.47000122070312,629141,2930,58.0,1621.8199462890625,117.08999633789062,418.48001098632812,SINGLE_MONTH,2025-01-01,2025-10-31,2025-11-18 17:26:31.003650 UTC
OR,2025-05-01,315.6400146484375,625433,2649,74.4800033569336,2697.18994140625,181.42999267578125,619.07000732421875,SINGLE_MONTH,2025-01-01,2025-10-31,2025-11-18 17:26:31.003650 UTC
IN,2025-05-01,208.00999450683594,613413,2741,60.900001525878906,1196.530029296875,131.33000183105469,361.739990234375,SINGLE_MONTH,2025-01-01,2025-10-31,2025-11-18 17:26:31.003650 UTC
WA,2025-05-01,241.77000427246094,611815,2814,55.290000915527344,1403.8399658203125,135.99000549316406,428.17001342773438,SINGLE_MONTH,2025-01-01,2025-10-31,2025-11-18 17:26:31.003650 UTC
NC,2025-05-01,210.25,598118,3390,59.319999694824219,1631.0999755859375,129.6300048828125,370.91000366210938,SINGLE_MONTH,2025-01-01,2025-10-31,2025-11-18 17:26:31.003650 UTC
MS,2025-05-01,162.83999633789062,577841,2394,54.700000762939453,754.8699951171875,104.05999755859375,234.16000366210938,SINGLE_MONTH,2025-01-01,2025-10-31,2025-11-18 17:26:31.003650 UTC
MN,2025-05-01,205.1300048828125,557203,2885,59.110000610351562,1225.199951171875,131.17999267578125,363.55999755859375,SINGLE_MONTH,2025-01-01,2025-10-31,2025-11-18 17:26:31.003650 UTC
NM,2025-05-01,174.08999633789062,503483,2352,56.299999237060547,899.65997314453125,105.84999847412109,256.29000854492188,SINGLE_MONTH,2025-01-01,2025-10-31,2025-11-18 17:26:31.003650 UTC
MI,2025-05-01,202.1300048828125,492926,2660,60.099998474121094,1151.1400146484375,128.53999328613281,352.32998657226562,SINGLE_MONTH,2025-01-01,2025-10-31,2025-11-18 17:26:31.003650 UTC
NY,2025-05-01,241.42999267578125,479817,2780,57.049999237060547,2273.25,131.52999877929688,466.98001098632812,SINGLE_MONTH,2025-01-01,2025-10-31,2025-11-18 17:26:31.003650 UTC
IA,2025-05-01,187.96000671386719,450831,2224,61.630001068115234,1013.4400024414062,128.75999450683594,320.76998901367188,SINGLE_MONTH,2025-01-01,2025-10-31,2025-11-18 17:26:31.003650 UTC
MT,2025-05-01,206.05999755859375,437362,1546,80.699996948242188,1171.9100341796875,140.3800048828125,364.69000244140625,ROLLING_3MO,2025-01-01,2025-10-31,2025-11-18 17:26:31.003650 UTC
AL,2025-05-01,202.69000244140625,402320,2061,58.139999389648438,1370.9599609375,130.89999389648438,336.67001342773438,SINGLE_MONTH,2025-01-01,2025-10-31,2025-11-18 17:26:31.003650 UTC
MD,2025-05-01,231.66999816894531,393548,1801,59.549999237060547,1523.4599609375,132.60000610351562,425.39999389648438,ROLLING_3MO,2025-01-01,2025-10-31,2025-11-18 17:26:31.003650 UTC
SC,2025-05-01,221.1300048828125,384454,2286,60.380001068115234,3267.679931640625,135.05000305175781,436.72000122070312,SINGLE_MONTH,2025-01-01,2025-10-31,2025-11-18 17:26:31.003650 UTC
AR,2025-05-01,171.1300048828125,378560,1925,63.2400016784668,878.21002197265625,122.22000122070312,256.22000122070312,ROLLING_3MO,2025-01-01,2025-10-31,2025-11-18 17:26:31.003650 UTC
SD,2025-05-01,179.36000061035156,324092,1609,60.630001068115234,872.260009765625,123.83999633789062,278.16000366210938,ROLLING_3MO,2025-01-01,2025-10-31,2025-11-18 17:26:31.003650 UTC
AK,2025-05-01,234.72999572753906,320813,1357,53.279998779296875,2000.1099853515625,132.49000549316406,392.8599853515625,ROLLING_3MO,2025-01-01,2025-10-31,2025-11-18 17:26:31.003650 UTC
WY,2025-05-01,185.11000061035156,300903,1372,68.4800033569336,1088.06005859375,128.91000366210938,279.42001342773438,ROLLING_3MO,2025-01-01,2025-10-31,2025-11-18 17:26:31.003650 UTC
NE,2025-05-01,192.97999572753906,282208,1462,60.080001831054688,1047.6500244140625,130.72000122070312,329.05999755859375,ROLLING_3MO,2025-01-01,2025-10-31,2025-11-18 17:26:31.003650 UTC
WV,2025-05-01,176.19999694824219,280094,1242,63.25,1181.4599609375,119.48999786376953,274.67001342773438,ROLLING_3MO,2025-01-01,2025-10-31,2025-11-18 17:26:31.003650 UTC
UT,2025-05-01,185.94000244140625,278325,1722,54.400001525878906,1293.6099853515625,114.33999633789062,295.07998657226562,ROLLING_3MO,2025-01-01,2025-10-31,2025-11-18 17:26:31.003650 UTC
NJ,2025-05-01,186.44999694824219,277076,1526,61.099998474121094,1100.1800537109375,134.05000305175781,321.8800048828125,ROLLING_3MO,2025-01-01,2025-10-31,2025-11-18 17:26:31.003650 UTC
HI,2025-05-01,252.6199951171875,262792,1191,61.310001373291016,3448.389892578125,138.41000366210938,479.1300048828125,ROLLING_3MO,2025-01-01,2025-10-31,2025-11-18 17:26:31.003650 UTC
ID,2025-05-01,213.44999694824219,209676,1009,57.479999542236328,1185.6700439453125,142.10000610351562,364.82998657226562,ROLLING_3MO,2025-01-01,2025-10-31,2025-11-18 17:26:31.003650 UTC
MA,2025-05-01,253.17999267578125,205761,1127,55.419998168945312,1928.010009765625,133.02000427246094,483.97000122070312,ROLLING_3MO,2025-01-01,2025-10-31,2025-11-18 17:26:31.003650 UTC
DC,2025-05-01,515.5999755859375,174825,800,62.119998931884766,2736.830078125,198.55999755859375,1159.8499755859375,ROLLING_3MO,2025-01-01,2025-10-31,2025-11-18 17:26:31.003650 UTC
ND,2025-05-01,187.55999755859375,154748,735,79.300003051757812,774.22998046875,129.39999389648438,294.41000366210938,ROLLING_3MO,2025-01-01,2025-10-31,2025-11-18 17:26:31.003650 UTC
CT,2025-05-01,210.94000244140625,95884,928,58.520000457763672,1370.199951171875,105.55999755859375,345.6199951171875,ROLLING_3MO,2025-01-01,2025-10-31,2025-11-18 17:26:31.003650 UTC
ME,2025-05-01,233.19999694824219,51656,477,56.979999542236328,1553.5,156.72999572753906,396.67001342773438,EXCLUDE,2025-01-01,2025-10-31,2025-11-18 17:26:31.003650 UTC
DE,2025-05-01,206.83999633789062,44745,326,72.110000610351562,999.3499755859375,114.62000274658203,331.66000366210938,EXCLUDE,2025-01-01,2025-10-31,2025-11-18 17:26:31.003650 UTC
NH,2025-05-01,210.3800048828125,42864,313,82.410003662109375,1010.739990234375,142.66000366210938,363.58999633789062,EXCLUDE,2025-01-01,2025-10-31,2025-11-18 17:26:31.003650 UTC
RI,2025-05-01,305.70999145507812,23329,153,53.900001525878906,1137.260009765625,186.6300048828125,567.3900146484375,EXCLUDE,2025-01-01,2025-10-31,2025-11-18 17:26:31.003650 UTC
VT,2025-05-01,239.82000732421875,22821,170,76.930000305175781,1669.6099853515625,174.36000061035156,400.70999145507812,EXCLUDE,2025-01-01,2025-10-31,2025-11-18 17:26:31.003650 UTC
FL,2025-06-01,214.3800048828125,2939868,12802,56.330001831054688,2836.64990234375,118.40000152587891,453.70999145507812,SINGLE_MONTH,2025-01-01,2025-10-31,2025-11-18 17:26:31.003650 UTC
CA,2025-06-01,225.39999389648438,2723565,13628,60.0099983215332,2059.39990234375,118.19999694824219,429.1300048828125,SINGLE_MONTH,2025-01-01,2025-10-31,2025-11-18 17:26:31.003650 UTC
TX,2025-06-01,200.33000183105469,2711983,12911,57.610000610351562,1433.6300048828125,123.30999755859375,375.51998901367188,SINGLE_MONTH,2025-01-01,2025-10-31,2025-11-18 17:26:31.003650 UTC
NV,2025-06-01,191.97000122070312,1967424,8065,60.380001068115234,1351.8299560546875,109.37000274658203,349.05999755859375,SINGLE_MONTH,2025-01-01,2025-10-31,2025-11-18 17:26:31.003650 UTC
TN,2025-06-01,207.69999694824219,1428216,6556,56.909999847412109,1692.739990234375,122.37000274658203,390.85000610351562,SINGLE_MONTH,2025-01-01,2025-10-31,2025-11-18 17:26:31.003650 UTC
CO,2025-06-01,220.66000366210938,1252498,6493,56.060001373291016,1809.7099609375,130.61000061035156,435.42999267578125,SINGLE_MONTH,2025-01-01,2025-10-31,2025-11-18 17:26:31.003650 UTC
IL,2025-06-01,224.16999816894531,1251198,5455,60.119998931884766,1735.47998046875,137.91999816894531,414.23001098632812,SINGLE_MONTH,2025-01-01,2025-10-31,2025-11-18 17:26:31.003650 UTC
VA,2025-06-01,203.39999389648438,1205131,5092,59.340000152587891,1583.1099853515625,128.13999938964844,362.29000854492188,SINGLE_MONTH,2025-01-01,2025-10-31,2025-11-18 17:26:31.003650 UTC
WI,2025-06-01,208.42999267578125,1142622,5495,61.409999847412109,1098.3399658203125,137.72000122070312,360.29000854492188,SINGLE_MONTH,2025-01-01,2025-10-31,2025-11-18 17:26:31.003650 UTC
PA,2025-06-01,229.6300048828125,1074079,4794,62.479999542236328,1577.0699462890625,143.10000610351562,400.60000610351562,SINGLE_MONTH,2025-01-01,2025-10-31,2025-11-18 17:26:31.003650 UTC
MO,2025-06-01,201.41999816894531,1068270,5311,56.459999084472656,1240.25,124.55000305175781,366.52999877929688,SINGLE_MONTH,2025-01-01,2025-10-31,2025-11-18 17:26:31.003650 UTC
GA,2025-06-01,202.61000061035156,1034356,5270,58.150001525878906,1409.1800537109375,128.21000671386719,349.85000610351562,SINGLE_MONTH,2025-01-01,2025-10-31,2025-11-18 17:26:31.003650 UTC
LA,2025-06-01,190.97999572753906,1007312,3953,56.400001525878906,1239.1800537109375,109.44000244140625,341.760009765625,SINGLE_MONTH,2025-01-01,2025-10-31,2025-11-18 17:26:31.003650 UTC
OH,2025-06-01,222.42999267578125,945109,4734,61.950000762939453,1145.010009765625,148.05000305175781,391.25,SINGLE_MONTH,2025-01-01,2025-10-31,2025-11-18 17:26:31.003650 UTC
OK,2025-06-01,168.39999389648438,875962,3929,54.080001831054688,1104.1199951171875,114.87999725341797,282.30999755859375,SINGLE_MONTH,2025-01-01,2025-10-31,2025-11-18 17:26:31.003650 UTC
MS,2025-06-01,163.66000366210938,807286,3468,54.790000915527344,841.94000244140625,104.52999877929688,264.44000244140625,SINGLE_MONTH,2025-01-01,2025-10-31,2025-11-18 17:26:31.003650 UTC
IN,2025-06-01,200.64999389648438,803603,3610,58.270000457763672,1088.06005859375,129.85000610351562,357.69000244140625,SINGLE_MONTH,2025-01-01,2025-10-31,2025-11-18 17:26:31.003650 UTC
KY,2025-06-01,189.41000366210938,775051,3340,61.299999237060547,1156.6300048828125,133.3800048828125,327.3599853515625,SINGLE_MONTH,2025-01-01,2025-10-31,2025-11-18 17:26:31.003650 UTC
AZ,2025-06-01,201.30999755859375,774502,3526,59.709999084472656,1331.8499755859375,116.63999938964844,397.45001220703125,SINGLE_MONTH,2025-01-01,2025-10-31,2025-11-18 17:26:31.003650 UTC
KS,2025-06-01,193.22999572753906,772956,3384,67.699996948242188,925.78997802734375,134.32000732421875,319.739990234375,SINGLE_MONTH,2025-01-01,2025-10-31,2025-11-18 17:26:31.003650 UTC
NC,2025-06-01,208.47000122070312,770529,4517,60.819999694824219,1738.6300048828125,135.96000671386719,378.760009765625,SINGLE_MONTH,2025-01-01,2025-10-31,2025-11-18 17:26:31.003650 UTC
MN,2025-06-01,224.77999877929688,742530,3782,59.389999389648438,1258.31005859375,140.60000610351562,399.239990234375,SINGLE_MONTH,2025-01-01,2025-10-31,2025-11-18 17:26:31.003650 UTC
WA,2025-06-01,247.33000183105469,736906,3504,56.090000152587891,1690.52001953125,144.83999633789062,464.89999389648438,SINGLE_MONTH,2025-01-01,2025-10-31,2025-11-18 17:26:31.003650 UTC
OR,2025-06-01,344.95001220703125,707123,3175,72.5999984741211,2819.639892578125,190.82000732421875,679.82000732421875,SINGLE_MONTH,2025-01-01,2025-10-31,2025-11-18 17:26:31.003650 UTC
MI,2025-06-01,218.30000305175781,658630,3629,60.689998626708984,1161.3499755859375,139.86000061035156,373.29000854492188,SINGLE_MONTH,2025-01-01,2025-10-31,2025-11-18 17:26:31.003650 UTC
IA,2025-06-01,218.03999328613281,652226,3036,62.229999542236328,1241.8299560546875,139.80999755859375,376.1400146484375,SINGLE_MONTH,2025-01-01,2025-10-31,2025-11-18 17:26:31.003650 UTC
NY,2025-06-01,253.50999450683594,647999,3799,58.0,2483.02001953125,139.71000671386719,512.59002685546875,SINGLE_MONTH,2025-01-01,2025-10-31,2025-11-18 17:26:31.003650 UTC
NM,2025-06-01,178.52000427246094,638828,2962,54.110000610351562,902.1199951171875,110.75,264.17999267578125,SINGLE_MONTH,2025-01-01,2025-10-31,2025-11-18 17:26:31.003650 UTC
SC,2025-06-01,227.42999267578125,570307,3267,62.180000305175781,2550.469970703125,129.66999816894531,486.91000366210938,SINGLE_MONTH,2025-01-01,2025-10-31,2025-11-18 17:26:31.003650 UTC
AL,2025-06-01,212.58999633789062,566737,2890,63.569999694824219,1507.5999755859375,140.00999450683594,387.260009765625,SINGLE_MONTH,2025-01-01,2025-10-31,2025-11-18 17:26:31.003650 UTC
AR,2025-06-01,175.57000732421875,545672,2719,59.590000152587891,975.58001708984375,117.86000061035156,281.04998779296875,SINGLE_MONTH,2025-01-01,2025-10-31,2025-11-18 17:26:31.003650 UTC
MD,2025-06-01,241.97999572753906,481151,2430,59.909999847412109,1617.4200439453125,145.80000305175781,444.44000244140625,SINGLE_MONTH,2025-01-01,2025-10-31,2025-11-18 17:26:31.003650 UTC
MT,2025-06-01,249.49000549316406,480241,2031,87.169998168945312,1335.77001953125,162.80999755859375,415.17001342773438,SINGLE_MONTH,2025-01-01,2025-10-31,2025-11-18 17:26:31.003650 UTC
SD,2025-06-01,221.3699951171875,387020,2096,71.089996337890625,1527.1700439453125,154.6199951171875,388.42999267578125,SINGLE_MONTH,2025-01-01,2025-10-31,2025-11-18 17:26:31.003650 UTC
WV,2025-06-01,177.91999816894531,382688,1631,69.360000610351562,908.30999755859375,126.01000213623047,284.07000732421875,ROLLING_3MO,2025-01-01,2025-10-31,2025-11-18 17:26:31.003650 UTC
WY,2025-06-01,217.3699951171875,378251,1778,73.639999389648438,1396.81005859375,147.66000366210938,349.3599853515625,ROLLING_3MO,2025-01-01,2025-10-31,2025-11-18 17:26:31.003650 UTC
UT,2025-06-01,199.58999633789062,375184,2210,57.729999542236328,1285.8800048828125,122.27999877929688,365.25,SINGLE_MONTH,2025-01-01,2025-10-31,2025-11-18 17:26:31.003650 UTC
NJ,2025-06-01,199.03999328613281,357205,2176,58.080001831054688,1218.4100341796875,132.57000732421875,339.6099853515625,SINGLE_MONTH,2025-01-01,2025-10-31,2025-11-18 17:26:31.003650 UTC
NE,2025-06-01,205.77999877929688,356375,1879,57.590000152587891,1654.2900390625,140.07000732421875,371.32000732421875,ROLLING_3MO,2025-01-01,2025-10-31,2025-11-18 17:26:31.003650 UTC
HI,2025-06-01,246.77000427246094,338375,1485,60.810001373291016,3861.0,127.86000061035156,549.08001708984375,ROLLING_3MO,2025-01-01,2025-10-31,2025-11-18 17:26:31.003650 UTC
AK,2025-06-01,249.41000366210938,285468,1447,52.610000610351562,2126.340087890625,141.33000183105469,445.07000732421875,ROLLING_3MO,2025-01-01,2025-10-31,2025-11-18 17:26:31.003650 UTC
MA,2025-06-01,272.64999389648438,277024,1578,55.209999084472656,2109.260009765625,134.85000610351562,551.739990234375,ROLLING_3MO,2025-01-01,2025-10-31,2025-11-18 17:26:31.003650 UTC
ID,2025-06-01,226.94999694824219,274832,1305,60.790000915527344,1535.719970703125,155.66000366210938,395.54998779296875,ROLLING_3MO,2025-01-01,2025-10-31,2025-11-18 17:26:31.003650 UTC
DC,2025-06-01,357.1400146484375,219218,989,62.779998779296875,2621.81005859375,187.30000305175781,910.53997802734375,ROLLING_3MO,2025-01-01,2025-10-31,2025-11-18 17:26:31.003650 UTC
ND,2025-06-01,194.96000671386719,180058,1070,70.8499984741211,896.71002197265625,131.77000427246094,317.25,ROLLING_3MO,2025-01-01,2025-10-31,2025-11-18 17:26:31.003650 UTC
CT,2025-06-01,213.47999572753906,139663,1435,65.860000610351562,1262.6099853515625,110.75,360.25,ROLLING_3MO,2025-01-01,2025-10-31,2025-11-18 17:26:31.003650 UTC
DE,2025-06-01,235.5,68586,454,68.5199966430664,1498.8699951171875,124.48999786376953,480.42999267578125,EXCLUDE,2025-01-01,2025-10-31,2025-11-18 17:26:31.003650 UTC
ME,2025-06-01,284.489990234375,67147,665,76.300003051757812,1701.6600341796875,178.41999816894531,484.14999389648438,ROLLING_3MO,2025-01-01,2025-10-31,2025-11-18 17:26:31.003650 UTC
NH,2025-06-01,231.6199951171875,65734,520,59.279998779296875,1296.3800048828125,144.47000122070312,411.73001098632812,EXCLUDE,2025-01-01,2025-10-31,2025-11-18 17:26:31.003650 UTC
VT,2025-06-01,269.54000854492188,39930,233,96.699996948242188,1599.7099609375,164.91000366210938,422.42999267578125,EXCLUDE,2025-01-01,2025-10-31,2025-11-18 17:26:31.003650 UTC
RI,2025-06-01,334.14999389648438,36101,257,56.389999389648438,2594.22998046875,177.02000427246094,699.95001220703125,EXCLUDE,2025-01-01,2025-10-31,2025-11-18 17:26:31.003650 UTC
CA,2025-07-01,226.42999267578125,3111702,15190,60.700000762939453,2194.550048828125,116.09999847412109,440.6400146484375,SINGLE_MONTH,2025-01-01,2025-10-31,2025-11-18 17:26:31.003650 UTC
FL,2025-07-01,205.07000732421875,3029190,13473,56.310001373291016,2693.260009765625,113.88999938964844,419.16000366210938,SINGLE_MONTH,2025-01-01,2025-10-31,2025-11-18 17:26:31.003650 UTC
TX,2025-07-01,191.33999633789062,2892374,13578,56.020000457763672,1395.4300537109375,117.87000274658203,356.45999145507812,SINGLE_MONTH,2025-01-01,2025-10-31,2025-11-18 17:26:31.003650 UTC
NV,2025-07-01,200.24000549316406,2335062,9116,59.180000305175781,1485.81005859375,114.55999755859375,378.04998779296875,SINGLE_MONTH,2025-01-01,2025-10-31,2025-11-18 17:26:31.003650 UTC
TN,2025-07-01,201.53999328613281,1567855,7025,56.630001068115234,1573.969970703125,117.41999816894531,369.95001220703125,SINGLE_MONTH,2025-01-01,2025-10-31,2025-11-18 17:26:31.003650 UTC
WI,2025-07-01,223.16000366210938,1407029,6427,61.970001220703125,1470.3199462890625,146.92999267578125,396.77999877929688,SINGLE_MONTH,2025-01-01,2025-10-31,2025-11-18 17:26:31.003650 UTC
IL,2025-07-01,227.89999389648438,1378157,5989,60.310001373291016,1839.969970703125,138.78999328613281,417.95999145507812,SINGLE_MONTH,2025-01-01,2025-10-31,2025-11-18 17:26:31.003650 UTC
VA,2025-07-01,202.05999755859375,1346235,5570,57.680000305175781,1581.7099609375,125.20999908447266,382.57000732421875,SINGLE_MONTH,2025-01-01,2025-10-31,2025-11-18 17:26:31.003650 UTC
MO,2025-07-01,203.25999450683594,1248509,5742,56.919998168945312,1325.800048828125,127.44000244140625,363.29000854492188,SINGLE_MONTH,2025-01-01,2025-10-31,2025-11-18 17:26:31.003650 UTC
CO,2025-07-01,207.42999267578125,1238384,6820,55.150001525878906,1770.75,123.51999664306641,381.92999267578125,SINGLE_MONTH,2025-01-01,2025-10-31,2025-11-18 17:26:31.003650 UTC
GA,2025-07-01,208.83999633789062,1137477,5746,60.549999237060547,1523.1500244140625,130.69000244140625,377.1099853515625,SINGLE_MONTH,2025-01-01,2025-10-31,2025-11-18 17:26:31.003650 UTC
LA,2025-07-01,195.75,1129262,4380,56.389999389648438,1205.6300048828125,113.25,366.80999755859375,SINGLE_MONTH,2025-01-01,2025-10-31,2025-11-18 17:26:31.003650 UTC
PA,2025-07-01,221.99000549316406,1038376,5052,59.919998168945312,1429.75,142.33000183105469,401.77999877929688,SINGLE_MONTH,2025-01-01,2025-10-31,2025-11-18 17:26:31.003650 UTC
OH,2025-07-01,227.53999328613281,1028176,5086,62.220001220703125,1254.3900146484375,149.77999877929688,419.489990234375,SINGLE_MONTH,2025-01-01,2025-10-31,2025-11-18 17:26:31.003650 UTC
OK,2025-07-01,165.22999572753906,921684,4107,53.810001373291016,897.44000244140625,112.05999755859375,269.3800048828125,SINGLE_MONTH,2025-01-01,2025-10-31,2025-11-18 17:26:31.003650 UTC
NC,2025-07-01,215.02000427246094,866511,4857,56.799999237060547,1845.9300537109375,137.35000610351562,401.75,SINGLE_MONTH,2025-01-01,2025-10-31,2025-11-18 17:26:31.003650 UTC
KY,2025-07-01,191.27000427246094,865608,3677,64.260002136230469,1294.3800048828125,133.52999877929688,332.57000732421875,SINGLE_MONTH,2025-01-01,2025-10-31,2025-11-18 17:26:31.003650 UTC
IN,2025-07-01,218.60000610351562,864899,3988,59.689998626708984,1303.1700439453125,144.52000427246094,418.05999755859375,SINGLE_MONTH,2025-01-01,2025-10-31,2025-11-18 17:26:31.003650 UTC
MS,2025-07-01,159.5,858641,3558,54.919998168945312,803.260009765625,100.69999694824219,258.92001342773438,SINGLE_MONTH,2025-01-01,2025-10-31,2025-11-18 17:26:31.003650 UTC
WA,2025-07-01,243.08999633789062,837360,3880,56.840000152587891,1649.469970703125,142.57000732421875,448.64999389648438,SINGLE_MONTH,2025-01-01,2025-10-31,2025-11-18 17:26:31.003650 UTC
OR,2025-07-01,329.76998901367188,820063,3428,76.75,2479.9599609375,187.05999755859375,634.41998291015625,SINGLE_MONTH,2025-01-01,2025-10-31,2025-11-18 17:26:31.003650 UTC
AZ,2025-07-01,190.91000366210938,790393,3699,56.549999237060547,1353.739990234375,111.69000244140625,349.07998657226562,SINGLE_MONTH,2025-01-01,2025-10-31,2025-11-18 17:26:31.003650 UTC
MN,2025-07-01,225.96000671386719,786493,4051,59.889999389648438,1298.3199462890625,136.78999328613281,394.42001342773438,SINGLE_MONTH,2025-01-01,2025-10-31,2025-11-18 17:26:31.003650 UTC
KS,2025-07-01,185.53999328613281,768974,3251,66.05999755859375,865.55999755859375,128.55000305175781,294.95999145507812,SINGLE_MONTH,2025-01-01,2025-10-31,2025-11-18 17:26:31.003650 UTC
MI,2025-07-01,217.66000366210938,763149,4283,58.290000915527344,1302.510009765625,139.03999328613281,381.60000610351562,SINGLE_MONTH,2025-01-01,2025-10-31,2025-11-18 17:26:31.003650 UTC
NY,2025-07-01,257.79000854492188,697201,4212,62.529998779296875,2238.27001953125,144.30000305175781,481.8900146484375,SINGLE_MONTH,2025-01-01,2025-10-31,2025-11-18 17:26:31.003650 UTC
NM,2025-07-01,176.44000244140625,679409,3190,56.220001220703125,911.8599853515625,111.95999908447266,273.85000610351562,SINGLE_MONTH,2025-01-01,2025-10-31,2025-11-18 17:26:31.003650 UTC
AL,2025-07-01,210.24000549316406,627086,3105,59.220001220703125,1729.3499755859375,139.08000183105469,353.0,SINGLE_MONTH,2025-01-01,2025-10-31,2025-11-18 17:26:31.003650 UTC
SC,2025-07-01,212.10000610351562,623215,3529,61.580001831054688,2123.10009765625,124.05000305175781,419.1300048828125,SINGLE_MONTH,2025-01-01,2025-10-31,2025-11-18 17:26:31.003650 UTC
IA,2025-07-01,196.44999694824219,589115,2953,64.0999984741211,1207.8699951171875,132.66999816894531,339.33999633789062,SINGLE_MONTH,2025-01-01,2025-10-31,2025-11-18 17:26:31.003650 UTC
AR,2025-07-01,170.60000610351562,555200,2627,57.889999389648438,1012.9400024414062,120.56999969482422,282.42999267578125,SINGLE_MONTH,2025-01-01,2025-10-31,2025-11-18 17:26:31.003650 UTC
MD,2025-07-01,243.35000610351562,515576,2745,56.25,1797.97998046875,137.17999267578125,456.70999145507812,SINGLE_MONTH,2025-01-01,2025-10-31,2025-11-18 17:26:31.003650 UTC
MT,2025-07-01,253.17999267578125,491001,2154,85.379997253417969,1544.8299560546875,164.53999328613281,414.04000854492188,SINGLE_MONTH,2025-01-01,2025-10-31,2025-11-18 17:26:31.003650 UTC
SD,2025-07-01,208.6300048828125,418389,2315,69.709999084472656,1308.239990234375,144.57000732421875,351.94000244140625,SINGLE_MONTH,2025-01-01,2025-10-31,2025-11-18 17:26:31.003650 UTC
NJ,2025-07-01,196.30000305175781,410040,2596,60.580001831054688,1224.1400146484375,139.78999328613281,351.22000122070312,SINGLE_MONTH,2025-01-01,2025-10-31,2025-11-18 17:26:31.003650 UTC
UT,2025-07-01,190.53999328613281,408631,2366,55.630001068115234,1370.8399658203125,125.23000335693359,302.01998901367188,SINGLE_MONTH,2025-01-01,2025-10-31,2025-11-18 17:26:31.003650 UTC
WV,2025-07-01,189.27000427246094,401361,1625,69.050003051757812,1290.0899658203125,132.91000366210938,313.1400146484375,ROLLING_3MO,2025-01-01,2025-10-31,2025-11-18 17:26:31.003650 UTC
HI,2025-07-01,255.11000061035156,391032,1665,59.560001373291016,3545.659912109375,132.64999389648438,552.5,ROLLING_3MO,2025-01-01,2025-10-31,2025-11-18 17:26:31.003650 UTC
WY,2025-07-01,217.55000305175781,388924,1940,69.459999084472656,1879.0799560546875,145.27999877929688,358.3699951171875,ROLLING_3MO,2025-01-01,2025-10-31,2025-11-18 17:26:31.003650 UTC
NE,2025-07-01,180.85000610351562,364092,1953,55.470001220703125,968.0,127.55000305175781,284.42001342773438,ROLLING_3MO,2025-01-01,2025-10-31,2025-11-18 17:26:31.003650 UTC
ID,2025-07-01,216.08000183105469,356040,1524,63.459999084472656,1350.1800537109375,152.13999938964844,369.05999755859375,ROLLING_3MO,2025-01-01,2025-10-31,2025-11-18 17:26:31.003650 UTC
AK,2025-07-01,283.3699951171875,335511,1712,53.189998626708984,2023.739990234375,147.0,468.75,ROLLING_3MO,2025-01-01,2025-10-31,2025-11-18 17:26:31.003650 UTC
MA,2025-07-01,266.92999267578125,309893,1787,57.560001373291016,2025.989990234375,142.72999572753906,513.28997802734375,ROLLING_3MO,2025-01-01,2025-10-31,2025-11-18 17:26:31.003650 UTC
DC,2025-07-01,353.75,218100,924,59.409999847412109,2436.97998046875,158.77999877929688,784.58001708984375,ROLLING_3MO,2025-01-01,2025-10-31,2025-11-18 17:26:31.003650 UTC
ND,2025-07-01,201.39999389648438,198756,1153,73.610000610351562,1193.06005859375,129.22000122070312,337.52999877929688,ROLLING_3MO,2025-01-01,2025-10-31,2025-11-18 17:26:31.003650 UTC
CT,2025-07-01,220.38999938964844,146132,1513,63.669998168945312,1131.31005859375,111.22000122070312,356.010009765625,ROLLING_3MO,2025-01-01,2025-10-31,2025-11-18 17:26:31.003650 UTC
DE,2025-07-01,236.80999755859375,81033,600,56.599998474121094,1585.760009765625,119.36000061035156,419.67999267578125,ROLLING_3MO,2025-01-01,2025-10-31,2025-11-18 17:26:31.003650 UTC
NH,2025-07-01,239.55999755859375,76282,617,59.919998168945312,1490.719970703125,161.99000549316406,389.6300048828125,ROLLING_3MO,2025-01-01,2025-10-31,2025-11-18 17:26:31.003650 UTC
ME,2025-07-01,311.17001342773438,75013,788,55.860000610351562,2042.1199951171875,183.85000610351562,587.0999755859375,ROLLING_3MO,2025-01-01,2025-10-31,2025-11-18 17:26:31.003650 UTC
VT,2025-07-01,286.23001098632812,35438,255,64.180000305175781,2546.93994140625,177.21000671386719,588.29998779296875,EXCLUDE,2025-01-01,2025-10-31,2025-11-18 17:26:31.003650 UTC
RI,2025-07-01,341.52999877929688,30083,230,59.029998779296875,1761.9200439453125,210.50999450683594,618.17999267578125,EXCLUDE,2025-01-01,2025-10-31,2025-11-18 17:26:31.003650 UTC
XX,2025-07-01,1107.77001953125,6,1,201.69999694824219,1145.9300537109375,201.69999694824219,1145.9300537109375,EXCLUDE,2025-01-01,2025-10-31,2025-11-18 17:26:31.003650 UTC
CA,2025-08-01,217.47000122070312,2920614,14407,60.849998474121094,1732.0699462890625,120.20999908447266,400.25,SINGLE_MONTH,2025-01-01,2025-10-31,2025-11-18 17:26:31.003650 UTC
TX,2025-08-01,185.80000305175781,2639136,12527,56.669998168945312,1327.239990234375,115.09999847412109,336.55999755859375,SINGLE_MONTH,2025-01-01,2025-10-31,2025-11-18 17:26:31.003650 UTC
FL,2025-08-01,206.67999267578125,2528634,11546,56.549999237060547,2802.6201171875,116.48999786376953,405.6400146484375,SINGLE_MONTH,2025-01-01,2025-10-31,2025-11-18 17:26:31.003650 UTC
NV,2025-08-01,198.52000427246094,2160140,8949,58.830001831054688,1291.2099609375,111.09999847412109,345.94000244140625,SINGLE_MONTH,2025-01-01,2025-10-31,2025-11-18 17:26:31.003650 UTC
IL,2025-08-01,217.21000671386719,1337550,5971,59.049999237060547,1690.9300537109375,130.99000549316406,419.01998901367188,SINGLE_MONTH,2025-01-01,2025-10-31,2025-11-18 17:26:31.003650 UTC
TN,2025-08-01,189.41999816894531,1313437,6252,56.290000915527344,1456.1800537109375,117.19999694824219,346.08999633789062,SINGLE_MONTH,2025-01-01,2025-10-31,2025-11-18 17:26:31.003650 UTC
WI,2025-08-01,207.94000244140625,1299899,6238,61.970001220703125,1209.0899658203125,138.25999450683594,341.82000732421875,SINGLE_MONTH,2025-01-01,2025-10-31,2025-11-18 17:26:31.003650 UTC
CO,2025-08-01,204.86000061035156,1267114,6628,55.4900016784668,1559.0799560546875,124.83999633789062,378.1199951171875,SINGLE_MONTH,2025-01-01,2025-10-31,2025-11-18 17:26:31.003650 UTC
VA,2025-08-01,192.08999633789062,1238246,5247,56.459999084472656,1303.0,119.69999694824219,334.760009765625,SINGLE_MONTH,2025-01-01,2025-10-31,2025-11-18 17:26:31.003650 UTC
MO,2025-08-01,188.17999267578125,1070638,5243,55.270000457763672,1019.3499755859375,118.41999816894531,332.95001220703125,SINGLE_MONTH,2025-01-01,2025-10-31,2025-11-18 17:26:31.003650 UTC
PA,2025-08-01,211.67999267578125,1004706,5011,58.439998626708984,1431.6800537109375,135.5,370.32998657226562,SINGLE_MONTH,2025-01-01,2025-10-31,2025-11-18 17:26:31.003650 UTC
LA,2025-08-01,174.94999694824219,975592,3738,55.020000457763672,1065.760009765625,106.98000335693359,305.04998779296875,SINGLE_MONTH,2025-01-01,2025-10-31,2025-11-18 17:26:31.003650 UTC
OH,2025-08-01,212.83000183105469,971331,4842,59.389999389648438,1140.6600341796875,143.3699951171875,368.89999389648438,SINGLE_MONTH,2025-01-01,2025-10-31,2025-11-18 17:26:31.003650 UTC
GA,2025-08-01,196.5,963392,5079,59.130001068115234,1230.25,124.70999908447266,335.1300048828125,SINGLE_MONTH,2025-01-01,2025-10-31,2025-11-18 17:26:31.003650 UTC
OK,2025-08-01,165.24000549316406,929829,4031,53.7599983215332,891.510009765625,117.66000366210938,281.989990234375,SINGLE_MONTH,2025-01-01,2025-10-31,2025-11-18 17:26:31.003650 UTC
WA,2025-08-01,227.5,802176,3906,56.200000762939453,1711.8699951171875,137.02999877929688,413.45001220703125,SINGLE_MONTH,2025-01-01,2025-10-31,2025-11-18 17:26:31.003650 UTC
MS,2025-08-01,155.16999816894531,796232,3180,53.189998626708984,738.9000244140625,100.01999664306641,242.16999816894531,SINGLE_MONTH,2025-01-01,2025-10-31,2025-11-18 17:26:31.003650 UTC
IN,2025-08-01,199.5,785448,3578,58.869998931884766,1065.7900390625,132.13999938964844,355.42001342773438,SINGLE_MONTH,2025-01-01,2025-10-31,2025-11-18 17:26:31.003650 UTC
KY,2025-08-01,183.1199951171875,782248,3330,61.729999542236328,1127.22998046875,129.24000549316406,311.95999145507812,SINGLE_MONTH,2025-01-01,2025-10-31,2025-11-18 17:26:31.003650 UTC
OR,2025-08-01,281.42001342773438,767857,3252,72.660003662109375,1939.8599853515625,175.02000427246094,522.58001708984375,SINGLE_MONTH,2025-01-01,2025-10-31,2025-11-18 17:26:31.003650 UTC
AZ,2025-08-01,174.46000671386719,748160,3448,55.200000762939453,1204.22998046875,108.91000366210938,307.92001342773438,SINGLE_MONTH,2025-01-01,2025-10-31,2025-11-18 17:26:31.003650 UTC
NC,2025-08-01,206.96000671386719,746783,4388,57.569999694824219,1494.219970703125,134.30999755859375,369.239990234375,SINGLE_MONTH,2025-01-01,2025-10-31,2025-11-18 17:26:31.003650 UTC
MN,2025-08-01,213.57000732421875,743435,3951,56.689998626708984,1077.8800048828125,134.92999267578125,363.32000732421875,SINGLE_MONTH,2025-01-01,2025-10-31,2025-11-18 17:26:31.003650 UTC
KS,2025-08-01,173.75999450683594,702617,3154,64.3499984741211,898.53997802734375,124.12000274658203,263.69000244140625,SINGLE_MONTH,2025-01-01,2025-10-31,2025-11-18 17:26:31.003650 UTC
MI,2025-08-01,216.83999633789062,689189,4124,55.639999389648438,1182.8199462890625,137.99000549316406,361.5,SINGLE_MONTH,2025-01-01,2025-10-31,2025-11-18 17:26:31.003650 UTC
NY,2025-08-01,241.27000427246094,658455,4140,57.330001831054688,2183.22998046875,136.83000183105469,452.35000610351562,SINGLE_MONTH,2025-01-01,2025-10-31,2025-11-18 17:26:31.003650 UTC
NM,2025-08-01,175.21000671386719,643009,2981,54.169998168945312,970.75,107.12000274658203,258.23001098632812,SINGLE_MONTH,2025-01-01,2025-10-31,2025-11-18 17:26:31.003650 UTC
IA,2025-08-01,193.14999389648438,634204,3154,55.569999694824219,1037.22998046875,127.95999908447266,321.77999877929688,SINGLE_MONTH,2025-01-01,2025-10-31,2025-11-18 17:26:31.003650 UTC
AR,2025-08-01,163.72999572753906,514132,2474,58.669998168945312,915.1099853515625,116.41999816894531,264.010009765625,SINGLE_MONTH,2025-01-01,2025-10-31,2025-11-18 17:26:31.003650 UTC
AL,2025-08-01,193.49000549316406,509971,2577,54.889999389648438,1044.3599853515625,130.78999328613281,303.58999633789062,SINGLE_MONTH,2025-01-01,2025-10-31,2025-11-18 17:26:31.003650 UTC
MT,2025-08-01,248.91999816894531,497662,2068,80.05999755859375,1533.68994140625,164.22000122070312,387.20001220703125,SINGLE_MONTH,2025-01-01,2025-10-31,2025-11-18 17:26:31.003650 UTC
SC,2025-08-01,197.11000061035156,495030,2940,61.220001220703125,1764.3599853515625,113.98999786376953,364.64999389648438,SINGLE_MONTH,2025-01-01,2025-10-31,2025-11-18 17:26:31.003650 UTC
MD,2025-08-01,238.50999450683594,432626,2349,58.4900016784668,1631.010009765625,140.10000610351562,432.85000610351562,SINGLE_MONTH,2025-01-01,2025-10-31,2025-11-18 17:26:31.003650 UTC
SD,2025-08-01,199.97999572753906,408308,2183,72.300003051757812,1126.5799560546875,145.07000732421875,308.82000732421875,SINGLE_MONTH,2025-01-01,2025-10-31,2025-11-18 17:26:31.003650 UTC
UT,2025-08-01,191.14999389648438,404677,2289,55.720001220703125,1375.8900146484375,126.80999755859375,315.16000366210938,SINGLE_MONTH,2025-01-01,2025-10-31,2025-11-18 17:26:31.003650 UTC
WV,2025-08-01,186.75999450683594,398322,1596,68.739997863769531,1092.6600341796875,134.52999877929688,303.510009765625,ROLLING_3MO,2025-01-01,2025-10-31,2025-11-18 17:26:31.003650 UTC
WY,2025-08-01,209.21000671386719,397348,1935,74.540000915527344,1566.969970703125,142.11000061035156,336.32000732421875,ROLLING_3MO,2025-01-01,2025-10-31,2025-11-18 17:26:31.003650 UTC
NJ,2025-08-01,192.61000061035156,372471,2521,57.889999389648438,1235.260009765625,128.17999267578125,331.510009765625,SINGLE_MONTH,2025-01-01,2025-10-31,2025-11-18 17:26:31.003650 UTC
NE,2025-08-01,182.35000610351562,366634,1935,55.290000915527344,943.530029296875,127.30000305175781,295.01998901367188,ROLLING_3MO,2025-01-01,2025-10-31,2025-11-18 17:26:31.003650 UTC
AK,2025-08-01,277.6400146484375,366029,1779,52.680000305175781,1958.1300048828125,137.1300048828125,461.10000610351562,ROLLING_3MO,2025-01-01,2025-10-31,2025-11-18 17:26:31.003650 UTC
HI,2025-08-01,253.6300048828125,341817,1633,61.819999694824219,3265.860107421875,142.35000610351562,511.70999145507812,ROLLING_3MO,2025-01-01,2025-10-31,2025-11-18 17:26:31.003650 UTC
MA,2025-08-01,277.82000732421875,330050,1855,56.4900016784668,2215.080078125,144.33999633789062,503.14999389648438,ROLLING_3MO,2025-01-01,2025-10-31,2025-11-18 17:26:31.003650 UTC
ID,2025-08-01,217.77000427246094,319061,1480,58.049999237060547,1683.9000244140625,154.66999816894531,358.1099853515625,ROLLING_3MO,2025-01-01,2025-10-31,2025-11-18 17:26:31.003650 UTC
ND,2025-08-01,188.19000244140625,185496,1111,77.589996337890625,953.739990234375,129.5,299.94000244140625,ROLLING_3MO,2025-01-01,2025-10-31,2025-11-18 17:26:31.003650 UTC
DC,2025-08-01,305.92001342773438,157574,791,59.889999389648438,1819.8199462890625,150.21000671386719,626.010009765625,ROLLING_3MO,2025-01-01,2025-10-31,2025-11-18 17:26:31.003650 UTC
CT,2025-08-01,200.27000427246094,153166,1502,69.260002136230469,1131.739990234375,110.94000244140625,325.60000610351562,ROLLING_3MO,2025-01-01,2025-10-31,2025-11-18 17:26:31.003650 UTC
NH,2025-08-01,273.42999267578125,93267,713,66.930000305175781,1544.3199462890625,158.97999572753906,453.92001342773438,ROLLING_3MO,2025-01-01,2025-10-31,2025-11-18 17:26:31.003650 UTC
ME,2025-08-01,308.57998657226562,74835,803,61.919998168945312,1887.6300048828125,193.72999572753906,539.08001708984375,ROLLING_3MO,2025-01-01,2025-10-31,2025-11-18 17:26:31.003650 UTC
DE,2025-08-01,203.6300048828125,71648,522,62.099998474121094,1249.06005859375,116.73999786376953,331.5,EXCLUDE,2025-01-01,2025-10-31,2025-11-18 17:26:31.003650 UTC
VT,2025-08-01,350.32998657226562,42426,258,72.610000610351562,1752.6800537109375,205.8699951171875,764.94000244140625,EXCLUDE,2025-01-01,2025-10-31,2025-11-18 17:26:31.003650 UTC
RI,2025-08-01,270.23001098632812,29165,243,69.25,1990.9000244140625,174.57000732421875,541.760009765625,EXCLUDE,2025-01-01,2025-10-31,2025-11-18 17:26:31.003650 UTC
CA,2025-09-01,228.41999816894531,2754692,12959,60.639999389648438,2141.39990234375,122.76000213623047,458.75,SINGLE_MONTH,2025-01-01,2025-10-31,2025-11-18 17:26:31.003650 UTC
FL,2025-09-01,206.69000244140625,2418407,10652,57.25,2954.820068359375,114.61000061035156,442.83999633789062,SINGLE_MONTH,2025-01-01,2025-10-31,2025-11-18 17:26:31.003650 UTC
TX,2025-09-01,189.85000610351562,2355886,11402,57.369998931884766,1379.800048828125,117.37000274658203,369.95001220703125,SINGLE_MONTH,2025-01-01,2025-10-31,2025-11-18 17:26:31.003650 UTC
NV,2025-09-01,204.3699951171875,2150673,8910,60.080001831054688,1633.1099853515625,114.02999877929688,374.52999877929688,SINGLE_MONTH,2025-01-01,2025-10-31,2025-11-18 17:26:31.003650 UTC
IL,2025-09-01,233.0,1342891,5647,59.959999084472656,1895.5699462890625,138.53999328613281,445.73001098632812,SINGLE_MONTH,2025-01-01,2025-10-31,2025-11-18 17:26:31.003650 UTC
TN,2025-09-01,202.19000244140625,1201674,5866,57.150001525878906,1621.3699951171875,121.77999877929688,375.72000122070312,SINGLE_MONTH,2025-01-01,2025-10-31,2025-11-18 17:26:31.003650 UTC
VA,2025-09-01,199.89999389648438,1079377,4566,57.459999084472656,1511.8800048828125,123.48999786376953,346.5,SINGLE_MONTH,2025-01-01,2025-10-31,2025-11-18 17:26:31.003650 UTC
CO,2025-09-01,209.03999328613281,1041591,5775,55.810001373291016,1654.9300537109375,126.16999816894531,402.5,SINGLE_MONTH,2025-01-01,2025-10-31,2025-11-18 17:26:31.003650 UTC
LA,2025-09-01,179.05000305175781,1014709,4004,54.979999542236328,1082.8199462890625,107.11000061035156,324.010009765625,SINGLE_MONTH,2025-01-01,2025-10-31,2025-11-18 17:26:31.003650 UTC
MO,2025-09-01,205.69999694824219,994064,4728,60.159999847412109,1156.4100341796875,130.19000244140625,378.25,SINGLE_MONTH,2025-01-01,2025-10-31,2025-11-18 17:26:31.003650 UTC
PA,2025-09-01,222.14999389648438,968552,4527,59.790000915527344,1301.27001953125,142.52000427246094,388.33999633789062,SINGLE_MONTH,2025-01-01,2025-10-31,2025-11-18 17:26:31.003650 UTC
WI,2025-09-01,201.63999938964844,961797,4838,59.889999389648438,1106.75,132.19999694824219,330.08999633789062,SINGLE_MONTH,2025-01-01,2025-10-31,2025-11-18 17:26:31.003650 UTC
GA,2025-09-01,195.8800048828125,902725,4629,59.159999847412109,1385.699951171875,121.36000061035156,357.80999755859375,SINGLE_MONTH,2025-01-01,2025-10-31,2025-11-18 17:26:31.003650 UTC
OH,2025-09-01,218.08999633789062,873632,4285,58.520000457763672,1319.1099853515625,144.83000183105469,394.29000854492188,SINGLE_MONTH,2025-01-01,2025-10-31,2025-11-18 17:26:31.003650 UTC
WA,2025-09-01,219.47000122070312,862682,3737,57.659999847412109,1530.6300048828125,129.21000671386719,409.489990234375,SINGLE_MONTH,2025-01-01,2025-10-31,2025-11-18 17:26:31.003650 UTC
OK,2025-09-01,168.77000427246094,832817,3543,55.029998779296875,914.57000732421875,115.76000213623047,290.27999877929688,SINGLE_MONTH,2025-01-01,2025-10-31,2025-11-18 17:26:31.003650 UTC
IN,2025-09-01,215.94999694824219,831078,3545,59.310001373291016,1241.5999755859375,143.66000366210938,413.55999755859375,SINGLE_MONTH,2025-01-01,2025-10-31,2025-11-18 17:26:31.003650 UTC
KY,2025-09-01,197.50999450683594,807755,3334,66.779998779296875,1500.3499755859375,137.58000183105469,353.42001342773438,SINGLE_MONTH,2025-01-01,2025-10-31,2025-11-18 17:26:31.003650 UTC
NC,2025-09-01,210.52999877929688,747718,4102,56.849998474121094,1465.489990234375,134.05999755859375,383.60000610351562,SINGLE_MONTH,2025-01-01,2025-10-31,2025-11-18 17:26:31.003650 UTC
MS,2025-09-01,154.47999572753906,723816,2974,52.909999847412109,884.55999755859375,98.879997253417969,242.78999328613281,SINGLE_MONTH,2025-01-01,2025-10-31,2025-11-18 17:26:31.003650 UTC
MN,2025-09-01,228.49000549316406,722565,3607,60.349998474121094,1256.260009765625,143.64999389648438,399.1400146484375,SINGLE_MONTH,2025-01-01,2025-10-31,2025-11-18 17:26:31.003650 UTC
AZ,2025-09-01,199.14999389648438,719922,3493,57.569999694824219,1433.52001953125,114.37999725341797,372.35000610351562,SINGLE_MONTH,2025-01-01,2025-10-31,2025-11-18 17:26:31.003650 UTC
OR,2025-09-01,263.57000732421875,719322,3159,64.989997863769531,2020.0400390625,158.80000305175781,487.52999877929688,SINGLE_MONTH,2025-01-01,2025-10-31,2025-11-18 17:26:31.003650 UTC
KS,2025-09-01,183.53999328613281,716529,3112,65.0,907.04998779296875,129.25999450683594,299.29998779296875,SINGLE_MONTH,2025-01-01,2025-10-31,2025-11-18 17:26:31.003650 UTC
MI,2025-09-01,206.6300048828125,654873,3625,56.25,1049.260009765625,137.11000061035156,346.04000854492188,SINGLE_MONTH,2025-01-01,2025-10-31,2025-11-18 17:26:31.003650 UTC
IA,2025-09-01,202.27000427246094,609770,2884,63.180000305175781,969.92999267578125,133.8800048828125,349.07000732421875,SINGLE_MONTH,2025-01-01,2025-10-31,2025-11-18 17:26:31.003650 UTC
NY,2025-09-01,255.17999267578125,605495,3659,60.020000457763672,2415.550048828125,140.69999694824219,519.40997314453125,SINGLE_MONTH,2025-01-01,2025-10-31,2025-11-18 17:26:31.003650 UTC
NM,2025-09-01,173.41999816894531,598879,2832,54.069999694824219,1229.4599609375,104.36000061035156,267.10000610351562,SINGLE_MONTH,2025-01-01,2025-10-31,2025-11-18 17:26:31.003650 UTC
MT,2025-09-01,246.14999389648438,506691,2079,78.680000305175781,1283.68994140625,152.80000305175781,401.60000610351562,SINGLE_MONTH,2025-01-01,2025-10-31,2025-11-18 17:26:31.003650 UTC
AL,2025-09-01,189.11000061035156,496535,2400,53.900001525878906,1144.81005859375,126.44999694824219,286.239990234375,SINGLE_MONTH,2025-01-01,2025-10-31,2025-11-18 17:26:31.003650 UTC
AR,2025-09-01,174.83999633789062,488472,2283,61.9900016784668,1055.8800048828125,126.04000091552734,289.42001342773438,SINGLE_MONTH,2025-01-01,2025-10-31,2025-11-18 17:26:31.003650 UTC
WY,2025-09-01,209.58999633789062,408696,1805,71.419998168945312,1424.3699951171875,145.41999816894531,345.20001220703125,ROLLING_3MO,2025-01-01,2025-10-31,2025-11-18 17:26:31.003650 UTC
SC,2025-09-01,190.49000549316406,401522,2331,60.5099983215332,1295.8299560546875,115.29000091552734,352.32000732421875,SINGLE_MONTH,2025-01-01,2025-10-31,2025-11-18 17:26:31.003650 UTC
NE,2025-09-01,202.44000244140625,381362,1846,58.069999694824219,1153.739990234375,134.53999328613281,385.01998901367188,ROLLING_3MO,2025-01-01,2025-10-31,2025-11-18 17:26:31.003650 UTC
SD,2025-09-01,192.03999328613281,380534,1950,66.040000915527344,1105.72998046875,135.60000610351562,304.08999633789062,ROLLING_3MO,2025-01-01,2025-10-31,2025-11-18 17:26:31.003650 UTC
WV,2025-09-01,186.00999450683594,373276,1511,70.529998779296875,1100.31005859375,132.55000305175781,302.27999877929688,ROLLING_3MO,2025-01-01,2025-10-31,2025-11-18 17:26:31.003650 UTC
MD,2025-09-01,210.83999633789062,372884,2026,55.119998931884766,1422.5699462890625,121.48000335693359,365.6199951171875,SINGLE_MONTH,2025-01-01,2025-10-31,2025-11-18 17:26:31.003650 UTC
UT,2025-09-01,221.11000061035156,365017,2080,58.25,1437.06005859375,140.36000061035156,409.42999267578125,SINGLE_MONTH,2025-01-01,2025-10-31,2025-11-18 17:26:31.003650 UTC
AK,2025-09-01,211.55999755859375,352647,1629,53.189998626708984,1486.239990234375,112.98000335693359,344.739990234375,ROLLING_3MO,2025-01-01,2025-10-31,2025-11-18 17:26:31.003650 UTC
HI,2025-09-01,257.82998657226562,340989,1559,60.729999542236328,3351.780029296875,135.80000305175781,592.54998779296875,ROLLING_3MO,2025-01-01,2025-10-31,2025-11-18 17:26:31.003650 UTC
NJ,2025-09-01,191.71000671386719,322030,1955,63.479999542236328,1314.3299560546875,123.58999633789062,325.3699951171875,ROLLING_3MO,2025-01-01,2025-10-31,2025-11-18 17:26:31.003650 UTC
MA,2025-09-01,251.1300048828125,294477,1661,55.619998931884766,2010.3299560546875,135.88999938964844,454.17999267578125,ROLLING_3MO,2025-01-01,2025-10-31,2025-11-18 17:26:31.003650 UTC
ID,2025-09-01,205.60000610351562,276057,1307,54.200000762939453,1328.68994140625,145.86000061035156,326.6400146484375,ROLLING_3MO,2025-01-01,2025-10-31,2025-11-18 17:26:31.003650 UTC
DC,2025-09-01,424.54998779296875,219094,996,64.389999389648438,2790.409912109375,178.64999389648438,1145.52001953125,ROLLING_3MO,2025-01-01,2025-10-31,2025-11-18 17:26:31.003650 UTC
ND,2025-09-01,220.69000244140625,191306,1057,82.7300033569336,1245.030029296875,133.77000427246094,376.95001220703125,ROLLING_3MO,2025-01-01,2025-10-31,2025-11-18 17:26:31.003650 UTC
CT,2025-09-01,225.58000183105469,140386,1318,63.779998779296875,1295.4000244140625,115.63999938964844,388.92999267578125,ROLLING_3MO,2025-01-01,2025-10-31,2025-11-18 17:26:31.003650 UTC
DE,2025-09-01,224.52999877929688,80798,736,53.700000762939453,1113.6500244140625,127.72000122070312,333.16000366210938,ROLLING_3MO,2025-01-01,2025-10-31,2025-11-18 17:26:31.003650 UTC
ME,2025-09-01,257.5,72323,730,55.450000762939453,2144.52001953125,158.78999328613281,485.02999877929688,ROLLING_3MO,2025-01-01,2025-10-31,2025-11-18 17:26:31.003650 UTC
NH,2025-09-01,227.69000244140625,60380,470,55.090000152587891,1390.68994140625,148.13999938964844,411.66000366210938,EXCLUDE,2025-01-01,2025-10-31,2025-11-18 17:26:31.003650 UTC
RI,2025-09-01,296.32000732421875,36665,252,70.2699966430664,3096.60009765625,190.41000366210938,567.4000244140625,EXCLUDE,2025-01-01,2025-10-31,2025-11-18 17:26:31.003650 UTC
VT,2025-09-01,265.35000610351562,29747,243,81.029998779296875,1744.550048828125,181.52999877929688,489.67999267578125,EXCLUDE,2025-01-01,2025-10-31,2025-11-18 17:26:31.003650 UTC
CA,2025-10-01,235.60000610351562,2650323,12990,63.119998931884766,2072.320068359375,127.75,465.08999633789062,SINGLE_MONTH,2025-01-01,2025-10-31,2025-11-18 17:26:31.003650 UTC
TX,2025-10-01,199.75,2590693,12661,57.209999084472656,1520.9200439453125,121.40000152587891,371.80999755859375,SINGLE_MONTH,2025-01-01,2025-10-31,2025-11-18 17:26:31.003650 UTC
FL,2025-10-01,199.19999694824219,2548138,11546,58.540000915527344,3316.820068359375,113.61000061035156,413.6400146484375,SINGLE_MONTH,2025-01-01,2025-10-31,2025-11-18 17:26:31.003650 UTC
NV,2025-10-01,204.3800048828125,2181334,9384,59.950000762939453,1718.5699462890625,111.90000152587891,407.94000244140625,SINGLE_MONTH,2025-01-01,2025-10-31,2025-11-18 17:26:31.003650 UTC
TN,2025-10-01,204.05000305175781,1268166,6320,56.860000610351562,1619.550048828125,117.72000122070312,388.8800048828125,SINGLE_MONTH,2025-01-01,2025-10-31,2025-11-18 17:26:31.003650 UTC
IL,2025-10-01,220.58999633789062,1214433,5346,60.409999847412109,1749.3699951171875,136.3699951171875,412.26998901367188,SINGLE_MONTH,2025-01-01,2025-10-31,2025-11-18 17:26:31.003650 UTC
VA,2025-10-01,198.58000183105469,1120238,4760,59.139999389648438,1324.9200439453125,122.94000244140625,352.45999145507812,SINGLE_MONTH,2025-01-01,2025-10-31,2025-11-18 17:26:31.003650 UTC
LA,2025-10-01,186.03999328613281,1070534,4335,56.25,1263.27001953125,108.40000152587891,337.89999389648438,SINGLE_MONTH,2025-01-01,2025-10-31,2025-11-18 17:26:31.003650 UTC
WI,2025-10-01,198.33000183105469,1033901,4856,61.099998474121094,1289.800048828125,129.75999450683594,321.80999755859375,SINGLE_MONTH,2025-01-01,2025-10-31,2025-11-18 17:26:31.003650 UTC
MO,2025-10-01,198.91999816894531,1016437,4996,61.939998626708984,1120.6199951171875,128.99000549316406,362.82998657226562,SINGLE_MONTH,2025-01-01,2025-10-31,2025-11-18 17:26:31.003650 UTC
PA,2025-10-01,215.41999816894531,1006063,4789,59.340000152587891,1304.6600341796875,141.32000732421875,367.76998901367188,SINGLE_MONTH,2025-01-01,2025-10-31,2025-11-18 17:26:31.003650 UTC
CO,2025-10-01,192.25,988083,5349,54.799999237060547,1612.989990234375,114.91000366210938,361.70999145507812,SINGLE_MONTH,2025-01-01,2025-10-31,2025-11-18 17:26:31.003650 UTC
GA,2025-10-01,198.42999267578125,979433,5200,61.340000152587891,1295.6099853515625,123.66999816894531,352.0,SINGLE_MONTH,2025-01-01,2025-10-31,2025-11-18 17:26:31.003650 UTC
OH,2025-10-01,210.46000671386719,933747,4540,62.459999084472656,1136.530029296875,140.74000549316406,360.010009765625,SINGLE_MONTH,2025-01-01,2025-10-31,2025-11-18 17:26:31.003650 UTC
OK,2025-10-01,168.07000732421875,885579,4020,53.139999389648438,882.1199951171875,112.87000274658203,271.01998901367188,SINGLE_MONTH,2025-01-01,2025-10-31,2025-11-18 17:26:31.003650 UTC
IN,2025-10-01,231.03999328613281,823013,3519,60.819999694824219,1358.0699462890625,147.77000427246094,434.51998901367188,SINGLE_MONTH,2025-01-01,2025-10-31,2025-11-18 17:26:31.003650 UTC
KY,2025-10-01,195.91000366210938,818120,3485,66.379997253417969,1398.0799560546875,133.6199951171875,340.6400146484375,SINGLE_MONTH,2025-01-01,2025-10-31,2025-11-18 17:26:31.003650 UTC
KS,2025-10-01,191.88999938964844,791832,3379,66.110000610351562,889.57000732421875,134.08999633789062,314.02999877929688,SINGLE_MONTH,2025-01-01,2025-10-31,2025-11-18 17:26:31.003650 UTC
NC,2025-10-01,209.85000610351562,786496,4489,56.349998474121094,1335.8499755859375,131.64999389648438,378.02999877929688,SINGLE_MONTH,2025-01-01,2025-10-31,2025-11-18 17:26:31.003650 UTC
WA,2025-10-01,225.49000549316406,779303,3435,56.110000610351562,1512.43994140625,134.35000610351562,407.89999389648438,SINGLE_MONTH,2025-01-01,2025-10-31,2025-11-18 17:26:31.003650 UTC
MS,2025-10-01,166.30000305175781,778295,3153,54.599998474121094,982.0,101.47000122070312,271.41000366210938,SINGLE_MONTH,2025-01-01,2025-10-31,2025-11-18 17:26:31.003650 UTC
AZ,2025-10-01,206.55999755859375,748631,3789,55.900001525878906,1757.949951171875,113.44000244140625,438.29998779296875,SINGLE_MONTH,2025-01-01,2025-10-31,2025-11-18 17:26:31.003650 UTC
MN,2025-10-01,226.64999389648438,667407,3282,57.880001068115234,1180.530029296875,137.94000244140625,398.3800048828125,SINGLE_MONTH,2025-01-01,2025-10-31,2025-11-18 17:26:31.003650 UTC
OR,2025-10-01,247.08000183105469,662258,2950,64.379997253417969,1640.4100341796875,151.64999389648438,450.1400146484375,SINGLE_MONTH,2025-01-01,2025-10-31,2025-11-18 17:26:31.003650 UTC
IA,2025-10-01,190.74000549316406,650590,2914,58.330001831054688,838.3900146484375,126.25,318.17999267578125,SINGLE_MONTH,2025-01-01,2025-10-31,2025-11-18 17:26:31.003650 UTC
MI,2025-10-01,200.88999938964844,611488,3409,58.470001220703125,1234.449951171875,129.63999938964844,339.64999389648438,SINGLE_MONTH,2025-01-01,2025-10-31,2025-11-18 17:26:31.003650 UTC
NY,2025-10-01,266.94000244140625,582545,3754,58.360000610351562,2888.300048828125,148.89999389648438,551.46002197265625,SINGLE_MONTH,2025-01-01,2025-10-31,2025-11-18 17:26:31.003650 UTC
NM,2025-10-01,168.66999816894531,565304,2756,55.819999694824219,965.1199951171875,107.87000274658203,251.64999389648438,SINGLE_MONTH,2025-01-01,2025-10-31,2025-11-18 17:26:31.003650 UTC
AL,2025-10-01,195.8699951171875,551963,2742,54.409999847412109,1316.1400146484375,133.3699951171875,309.510009765625,SINGLE_MONTH,2025-01-01,2025-10-31,2025-11-18 17:26:31.003650 UTC
AK,2025-10-01,201.22000122070312,543375,2191,52.599998474121094,1467.02001953125,116.15000152587891,348.3800048828125,SINGLE_MONTH,2025-01-01,2025-10-31,2025-11-18 17:26:31.003650 UTC
AR,2025-10-01,176.55999755859375,498090,2597,58.9900016784668,881.78997802734375,118.40000152587891,265.6300048828125,SINGLE_MONTH,2025-01-01,2025-10-31,2025-11-18 17:26:31.003650 UTC
MT,2025-10-01,212.6199951171875,464771,1835,82.5999984741211,1039.6199951171875,144.55000305175781,350.80999755859375,ROLLING_3MO,2025-01-01,2025-10-31,2025-11-18 17:26:31.003650 UTC
MD,2025-10-01,223.05999755859375,415854,2015,59.430000305175781,1451.8399658203125,129.57000732421875,399.75,SINGLE_MONTH,2025-01-01,2025-10-31,2025-11-18 17:26:31.003650 UTC
SC,2025-10-01,199.64999389648438,394166,2399,56.729999542236328,1623.5799560546875,120.70999908447266,345.6199951171875,SINGLE_MONTH,2025-01-01,2025-10-31,2025-11-18 17:26:31.003650 UTC
SD,2025-10-01,191.00999450683594,383531,1881,66.919998168945312,1100.0899658203125,132.83999633789062,314.489990234375,ROLLING_3MO,2025-01-01,2025-10-31,2025-11-18 17:26:31.003650 UTC
WV,2025-10-01,187.3699951171875,373285,1633,65.660003662109375,1176.3299560546875,125.19999694824219,306.89999389648438,ROLLING_3MO,2025-01-01,2025-10-31,2025-11-18 17:26:31.003650 UTC
WY,2025-10-01,180.74000549316406,366901,1432,71.370002746582031,1234.6700439453125,130.75,290.5,ROLLING_3MO,2025-01-01,2025-10-31,2025-11-18 17:26:31.003650 UTC
UT,2025-10-01,201.60000610351562,356267,2175,57.900001525878906,1321.8900146484375,130.74000549316406,362.92001342773438,SINGLE_MONTH,2025-01-01,2025-10-31,2025-11-18 17:26:31.003650 UTC
NE,2025-10-01,185.69000244140625,355498,1766,58.180000305175781,1050.68994140625,127.18000030517578,305.14999389648438,ROLLING_3MO,2025-01-01,2025-10-31,2025-11-18 17:26:31.003650 UTC
HI,2025-10-01,258.510009765625,321554,1545,59.290000915527344,3177.25,136.22999572753906,547.65997314453125,ROLLING_3MO,2025-01-01,2025-10-31,2025-11-18 17:26:31.003650 UTC
MA,2025-10-01,277.51998901367188,300369,1680,59.549999237060547,2026.949951171875,140.78999328613281,479.92001342773438,ROLLING_3MO,2025-01-01,2025-10-31,2025-11-18 17:26:31.003650 UTC
ID,2025-10-01,191.75999450683594,275723,1213,61.560001373291016,1161.6400146484375,132.94000244140625,311.70001220703125,ROLLING_3MO,2025-01-01,2025-10-31,2025-11-18 17:26:31.003650 UTC
NJ,2025-10-01,185.13999938964844,266385,1608,57.540000915527344,1189.56005859375,119.47000122070312,320.07000732421875,ROLLING_3MO,2025-01-01,2025-10-31,2025-11-18 17:26:31.003650 UTC
ND,2025-10-01,194.30999755859375,184912,913,77.129997253417969,960.8599853515625,132.50999450683594,328.60000610351562,ROLLING_3MO,2025-01-01,2025-10-31,2025-11-18 17:26:31.003650 UTC
DC,2025-10-01,397.80999755859375,180606,896,62.299999237060547,2817.739990234375,177.02000427246094,937.15997314453125,ROLLING_3MO,2025-01-01,2025-10-31,2025-11-18 17:26:31.003650 UTC
CT,2025-10-01,211.27999877929688,145388,1328,69.160003662109375,1177.8800048828125,110.55999755859375,370.760009765625,ROLLING_3MO,2025-01-01,2025-10-31,2025-11-18 17:26:31.003650 UTC
DE,2025-10-01,224.44999694824219,72877,643,59.549999237060547,961.53997802734375,114.98999786376953,380.14999389648438,ROLLING_3MO,2025-01-01,2025-10-31,2025-11-18 17:26:31.003650 UTC
ME,2025-10-01,230.10000610351562,68830,630,52.459999084472656,1635.0999755859375,137.24000549316406,398.85000610351562,ROLLING_3MO,2025-01-01,2025-10-31,2025-11-18 17:26:31.003650 UTC
NH,2025-10-01,243.82000732421875,68458,487,74.639999389648438,1643.56005859375,167.57000732421875,397.760009765625,EXCLUDE,2025-01-01,2025-10-31,2025-11-18 17:26:31.003650 UTC
VT,2025-10-01,303.80999755859375,31335,274,62.7599983215332,1575.43994140625,211.82000732421875,514.41998291015625,EXCLUDE,2025-01-01,2025-10-31,2025-11-18 17:26:31.003650 UTC
RI,2025-10-01,286.1099853515625,22496,166,52.450000762939453,2197.7900390625,179.72999572753906,643.530029296875,EXCLUDE,2025-01-01,2025-10-31,2025-11-18 17:26:31.003650 UTC
XX,2025-10-01,83.5,1,1,83.5,83.5,83.5,83.5,EXCLUDE,2025-01-01,2025-10-31,2025-11-18 17:26:31.003650 UTC