merch_state,month_date,attraction_cost,transaction_count,unique_visitors,data_quality_flag,period_start,period_end,calculation_timestamp
CA,2024-01-01,20.1299991607666,17910130,32602,SINGLE_MONTH,2024-01-01,2024-12-31,2025-11-18 17:36:53.549194 UTC
NY,2024-01-01,18.489999771118164,7095099,17603,SINGLE_MONTH,2024-01-01,2024-12-31,2025-11-18 17:36:53.549194 UTC
TX,2024-01-01,13.880000114440918,6490522,25725,SINGLE_MONTH,2024-01-01,2024-12-31,2025-11-18 17:36:53.549194 UTC
TN,2024-01-01,24.030000686645508,4799710,21390,SINGLE_MONTH,2024-01-01,2024-12-31,2025-11-18 17:36:53.549194 UTC
FL,2024-01-01,32.340000152587891,4677394,17095,SINGLE_MONTH,2024-01-01,2024-12-31,2025-11-18 17:36:53.549194 UTC
NC,2024-01-01,46.349998474121094,1923376,9172,SINGLE_MONTH,2024-01-01,2024-12-31,2025-11-18 17:36:53.549194 UTC
VA,2024-01-01,14.479999542236328,1592430,4860,SINGLE_MONTH,2024-01-01,2024-12-31,2025-11-18 17:36:53.549194 UTC
PA,2024-01-01,20.950000762939453,1343307,5166,SINGLE_MONTH,2024-01-01,2024-12-31,2025-11-18 17:36:53.549194 UTC
GA,2024-01-01,19.979999542236328,1151260,4427,SINGLE_MONTH,2024-01-01,2024-12-31,2025-11-18 17:36:53.549194 UTC
CO,2024-01-01,30.680000305175781,1130941,5914,SINGLE_MONTH,2024-01-01,2024-12-31,2025-11-18 17:36:53.549194 UTC
AZ,2024-01-01,30.75,1039399,4716,SINGLE_MONTH,2024-01-01,2024-12-31,2025-11-18 17:36:53.549194 UTC
IL,2024-01-01,18.739999771118164,990655,4286,SINGLE_MONTH,2024-01-01,2024-12-31,2025-11-18 17:36:53.549194 UTC
WI,2024-01-01,24.840000152587891,863535,4104,SINGLE_MONTH,2024-01-01,2024-12-31,2025-11-18 17:36:53.549194 UTC
NV,2024-01-01,34.729999542236328,830030,4231,SINGLE_MONTH,2024-01-01,2024-12-31,2025-11-18 17:36:53.549194 UTC
MO,2024-01-01,30.649999618530273,733813,3271,SINGLE_MONTH,2024-01-01,2024-12-31,2025-11-18 17:36:53.549194 UTC
NM,2024-01-01,32.2599983215332,629640,2755,SINGLE_MONTH,2024-01-01,2024-12-31,2025-11-18 17:36:53.549194 UTC
MD,2024-01-01,6.059999942779541,575765,2325,SINGLE_MONTH,2024-01-01,2024-12-31,2025-11-18 17:36:53.549194 UTC
KY,2024-01-01,26.739999771118164,557114,2581,SINGLE_MONTH,2024-01-01,2024-12-31,2025-11-18 17:36:53.549194 UTC
AK,2024-01-01,29.760000228881836,556496,1836,ROLLING_3MO,2024-01-01,2024-12-31,2025-11-18 17:36:53.549194 UTC
MN,2024-01-01,29.170000076293945,553585,2294,SINGLE_MONTH,2024-01-01,2024-12-31,2025-11-18 17:36:53.549194 UTC
UT,2024-01-01,26.209999084472656,546230,3218,SINGLE_MONTH,2024-01-01,2024-12-31,2025-11-18 17:36:53.549194 UTC
NJ,2024-01-01,11.460000038146973,511939,1181,ROLLING_3MO,2024-01-01,2024-12-31,2025-11-18 17:36:53.549194 UTC
LA,2024-01-01,20.299999237060547,459282,1722,ROLLING_3MO,2024-01-01,2024-12-31,2025-11-18 17:36:53.549194 UTC
OH,2024-01-01,20.469999313354492,453751,2896,SINGLE_MONTH,2024-01-01,2024-12-31,2025-11-18 17:36:53.549194 UTC
WA,2024-01-01,30.180000305175781,433100,2043,SINGLE_MONTH,2024-01-01,2024-12-31,2025-11-18 17:36:53.549194 UTC
MI,2024-01-01,21.299999237060547,431405,2414,SINGLE_MONTH,2024-01-01,2024-12-31,2025-11-18 17:36:53.549194 UTC
HI,2024-01-01,32.970001220703125,422830,1653,ROLLING_3MO,2024-01-01,2024-12-31,2025-11-18 17:36:53.549194 UTC
DE,2024-01-01,50.069999694824219,407960,2441,SINGLE_MONTH,2024-01-01,2024-12-31,2025-11-18 17:36:53.549194 UTC
OK,2024-01-01,26.829999923706055,389178,1809,ROLLING_3MO,2024-01-01,2024-12-31,2025-11-18 17:36:53.549194 UTC
WV,2024-01-01,13.520000457763672,352028,1822,ROLLING_3MO,2024-01-01,2024-12-31,2025-11-18 17:36:53.549194 UTC
MA,2024-01-01,28.979999542236328,349912,2431,SINGLE_MONTH,2024-01-01,2024-12-31,2025-11-18 17:36:53.549194 UTC
MS,2024-01-01,20.569999694824219,349520,1105,ROLLING_3MO,2024-01-01,2024-12-31,2025-11-18 17:36:53.549194 UTC
KS,2024-01-01,22.25,327819,1357,ROLLING_3MO,2024-01-01,2024-12-31,2025-11-18 17:36:53.549194 UTC
ID,2024-01-01,31.860000610351562,325912,1306,ROLLING_3MO,2024-01-01,2024-12-31,2025-11-18 17:36:53.549194 UTC
AL,2024-01-01,22.170000076293945,309162,1445,ROLLING_3MO,2024-01-01,2024-12-31,2025-11-18 17:36:53.549194 UTC
SC,2024-01-01,27.459999084472656,275711,1194,ROLLING_3MO,2024-01-01,2024-12-31,2025-11-18 17:36:53.549194 UTC
IA,2024-01-01,16.0,272423,1186,ROLLING_3MO,2024-01-01,2024-12-31,2025-11-18 17:36:53.549194 UTC
IN,2024-01-01,22.520000457763672,252462,1778,ROLLING_3MO,2024-01-01,2024-12-31,2025-11-18 17:36:53.549194 UTC
NH,2024-01-01,56.779998779296875,211576,1206,ROLLING_3MO,2024-01-01,2024-12-31,2025-11-18 17:36:53.549194 UTC
OR,2024-01-01,22.569999694824219,186874,1120,ROLLING_3MO,2024-01-01,2024-12-31,2025-11-18 17:36:53.549194 UTC
SD,2024-01-01,20.690000534057617,185573,839,ROLLING_3MO,2024-01-01,2024-12-31,2025-11-18 17:36:53.549194 UTC
AR,2024-01-01,22.260000228881836,166422,808,ROLLING_3MO,2024-01-01,2024-12-31,2025-11-18 17:36:53.549194 UTC
MT,2024-01-01,34.209999084472656,134817,665,ROLLING_3MO,2024-01-01,2024-12-31,2025-11-18 17:36:53.549194 UTC
WY,2024-01-01,26.020000457763672,126111,570,EXCLUDE,2024-01-01,2024-12-31,2025-11-18 17:36:53.549194 UTC
CT,2024-01-01,31.860000610351562,109863,644,ROLLING_3MO,2024-01-01,2024-12-31,2025-11-18 17:36:53.549194 UTC
NE,2024-01-01,25.229999542236328,108883,577,EXCLUDE,2024-01-01,2024-12-31,2025-11-18 17:36:53.549194 UTC
VT,2024-01-01,30.440000534057617,96000,514,EXCLUDE,2024-01-01,2024-12-31,2025-11-18 17:36:53.549194 UTC
ME,2024-01-01,90.7699966430664,83890,511,EXCLUDE,2024-01-01,2024-12-31,2025-11-18 17:36:53.549194 UTC
ND,2024-01-01,19.680000305175781,77042,325,EXCLUDE,2024-01-01,2024-12-31,2025-11-18 17:36:53.549194 UTC
DC,2024-01-01,25.1299991607666,63165,353,EXCLUDE,2024-01-01,2024-12-31,2025-11-18 17:36:53.549194 UTC
RI,2024-01-01,20.850000381469727,13282,81,EXCLUDE,2024-01-01,2024-12-31,2025-11-18 17:36:53.549194 UTC
XX,2024-01-01,9.90999984741211,868,9,EXCLUDE,2024-01-01,2024-12-31,2025-11-18 17:36:53.549194 UTC
CA,2024-02-01,20.329999923706055,18481613,35969,SINGLE_MONTH,2024-01-01,2024-12-31,2025-11-18 17:36:53.549194 UTC
NY,2024-02-01,18.270000457763672,6804982,16167,SINGLE_MONTH,2024-01-01,2024-12-31,2025-11-18 17:36:53.549194 UTC
TX,2024-02-01,15.670000076293945,6620484,26467,SINGLE_MONTH,2024-01-01,2024-12-31,2025-11-18 17:36:53.549194 UTC
FL,2024-02-01,35.619998931884766,4872477,18723,SINGLE_MONTH,2024-01-01,2024-12-31,2025-11-18 17:36:53.549194 UTC
TN,2024-02-01,24.819999694824219,4512394,19464,SINGLE_MONTH,2024-01-01,2024-12-31,2025-11-18 17:36:53.549194 UTC
NC,2024-02-01,47.080001831054688,2303785,11177,SINGLE_MONTH,2024-01-01,2024-12-31,2025-11-18 17:36:53.549194 UTC
VA,2024-02-01,16.610000610351562,1556805,5337,SINGLE_MONTH,2024-01-01,2024-12-31,2025-11-18 17:36:53.549194 UTC
GA,2024-02-01,19.270000457763672,1446475,5541,SINGLE_MONTH,2024-01-01,2024-12-31,2025-11-18 17:36:53.549194 UTC
PA,2024-02-01,22.790000915527344,1284239,5075,SINGLE_MONTH,2024-01-01,2024-12-31,2025-11-18 17:36:53.549194 UTC
CO,2024-02-01,30.3799991607666,1040982,5641,SINGLE_MONTH,2024-01-01,2024-12-31,2025-11-18 17:36:53.549194 UTC
AZ,2024-02-01,30.059999465942383,1004893,5089,SINGLE_MONTH,2024-01-01,2024-12-31,2025-11-18 17:36:53.549194 UTC
IL,2024-02-01,19.680000305175781,964706,4075,SINGLE_MONTH,2024-01-01,2024-12-31,2025-11-18 17:36:53.549194 UTC
WI,2024-02-01,24.409999847412109,830244,3853,SINGLE_MONTH,2024-01-01,2024-12-31,2025-11-18 17:36:53.549194 UTC
MO,2024-02-01,32.909999847412109,803611,3827,SINGLE_MONTH,2024-01-01,2024-12-31,2025-11-18 17:36:53.549194 UTC
NV,2024-02-01,40.400001525878906,719979,3871,SINGLE_MONTH,2024-01-01,2024-12-31,2025-11-18 17:36:53.549194 UTC
NM,2024-02-01,30.770000457763672,693783,2916,SINGLE_MONTH,2024-01-01,2024-12-31,2025-11-18 17:36:53.549194 UTC
MD,2024-02-01,6.630000114440918,634587,2680,SINGLE_MONTH,2024-01-01,2024-12-31,2025-11-18 17:36:53.549194 UTC
OH,2024-02-01,22.059999465942383,565413,3585,SINGLE_MONTH,2024-01-01,2024-12-31,2025-11-18 17:36:53.549194 UTC
UT,2024-02-01,28.139999389648438,565344,3339,SINGLE_MONTH,2024-01-01,2024-12-31,2025-11-18 17:36:53.549194 UTC
MN,2024-02-01,32.209999084472656,559743,2359,SINGLE_MONTH,2024-01-01,2024-12-31,2025-11-18 17:36:53.549194 UTC
NJ,2024-02-01,17.030000686645508,542580,1367,ROLLING_3MO,2024-01-01,2024-12-31,2025-11-18 17:36:53.549194 UTC
AK,2024-02-01,32.880001068115234,531248,1810,ROLLING_3MO,2024-01-01,2024-12-31,2025-11-18 17:36:53.549194 UTC
DE,2024-02-01,49.680000305175781,522213,2801,SINGLE_MONTH,2024-01-01,2024-12-31,2025-11-18 17:36:53.549194 UTC
KY,2024-02-01,32.360000610351562,516024,2602,SINGLE_MONTH,2024-01-01,2024-12-31,2025-11-18 17:36:53.549194 UTC
MI,2024-02-01,23.159999847412109,484439,2528,SINGLE_MONTH,2024-01-01,2024-12-31,2025-11-18 17:36:53.549194 UTC
WA,2024-02-01,34.099998474121094,473079,2380,SINGLE_MONTH,2024-01-01,2024-12-31,2025-11-18 17:36:53.549194 UTC
LA,2024-02-01,24.569999694824219,449944,2069,SINGLE_MONTH,2024-01-01,2024-12-31,2025-11-18 17:36:53.549194 UTC
HI,2024-02-01,31.909999847412109,437649,1740,ROLLING_3MO,2024-01-01,2024-12-31,2025-11-18 17:36:53.549194 UTC
KS,2024-02-01,22.659999847412109,425462,1819,ROLLING_3MO,2024-01-01,2024-12-31,2025-11-18 17:36:53.549194 UTC
OK,2024-02-01,26.569999694824219,424333,2129,SINGLE_MONTH,2024-01-01,2024-12-31,2025-11-18 17:36:53.549194 UTC
WV,2024-02-01,13.1899995803833,374006,2064,SINGLE_MONTH,2024-01-01,2024-12-31,2025-11-18 17:36:53.549194 UTC
IA,2024-02-01,19.950000762939453,355567,1474,ROLLING_3MO,2024-01-01,2024-12-31,2025-11-18 17:36:53.549194 UTC
MS,2024-02-01,21.760000228881836,354562,1357,ROLLING_3MO,2024-01-01,2024-12-31,2025-11-18 17:36:53.549194 UTC
SC,2024-02-01,30.569999694824219,350843,1551,ROLLING_3MO,2024-01-01,2024-12-31,2025-11-18 17:36:53.549194 UTC
ID,2024-02-01,33.479999542236328,336528,1314,ROLLING_3MO,2024-01-01,2024-12-31,2025-11-18 17:36:53.549194 UTC
MA,2024-02-01,31.010000228881836,333346,2496,SINGLE_MONTH,2024-01-01,2024-12-31,2025-11-18 17:36:53.549194 UTC
AL,2024-02-01,27.049999237060547,290740,1569,ROLLING_3MO,2024-01-01,2024-12-31,2025-11-18 17:36:53.549194 UTC
NH,2024-02-01,49.450000762939453,280672,1601,ROLLING_3MO,2024-01-01,2024-12-31,2025-11-18 17:36:53.549194 UTC
IN,2024-02-01,23.8799991607666,248621,1960,ROLLING_3MO,2024-01-01,2024-12-31,2025-11-18 17:36:53.549194 UTC
OR,2024-02-01,24.989999771118164,240139,1449,ROLLING_3MO,2024-01-01,2024-12-31,2025-11-18 17:36:53.549194 UTC
SD,2024-02-01,23.420000076293945,190902,858,ROLLING_3MO,2024-01-01,2024-12-31,2025-11-18 17:36:53.549194 UTC
AR,2024-02-01,25.780000686645508,169641,840,ROLLING_3MO,2024-01-01,2024-12-31,2025-11-18 17:36:53.549194 UTC
WY,2024-02-01,28.809999465942383,165457,650,ROLLING_3MO,2024-01-01,2024-12-31,2025-11-18 17:36:53.549194 UTC
VT,2024-02-01,33.529998779296875,146994,657,ROLLING_3MO,2024-01-01,2024-12-31,2025-11-18 17:36:53.549194 UTC
MT,2024-02-01,35.619998931884766,143001,742,ROLLING_3MO,2024-01-01,2024-12-31,2025-11-18 17:36:53.549194 UTC
NE,2024-02-01,21.569999694824219,134986,883,ROLLING_3MO,2024-01-01,2024-12-31,2025-11-18 17:36:53.549194 UTC
CT,2024-02-01,37.2400016784668,116402,771,ROLLING_3MO,2024-01-01,2024-12-31,2025-11-18 17:36:53.549194 UTC
ME,2024-02-01,80.989997863769531,99776,603,ROLLING_3MO,2024-01-01,2024-12-31,2025-11-18 17:36:53.549194 UTC
DC,2024-02-01,24.420000076293945,73913,513,EXCLUDE,2024-01-01,2024-12-31,2025-11-18 17:36:53.549194 UTC
ND,2024-02-01,22.860000610351562,66686,351,EXCLUDE,2024-01-01,2024-12-31,2025-11-18 17:36:53.549194 UTC
RI,2024-02-01,24.840000152587891,15758,92,EXCLUDE,2024-01-01,2024-12-31,2025-11-18 17:36:53.549194 UTC
XX,2024-02-01,89.639999389648438,191,5,EXCLUDE,2024-01-01,2024-12-31,2025-11-18 17:36:53.549194 UTC
CA,2024-03-01,20.819999694824219,21295880,42787,SINGLE_MONTH,2024-01-01,2024-12-31,2025-11-18 17:36:53.549194 UTC
TX,2024-03-01,20.25,8790330,34241,SINGLE_MONTH,2024-01-01,2024-12-31,2025-11-18 17:36:53.549194 UTC
NY,2024-03-01,19.6299991607666,8013232,20010,SINGLE_MONTH,2024-01-01,2024-12-31,2025-11-18 17:36:53.549194 UTC
TN,2024-03-01,28.1200008392334,7435167,29038,SINGLE_MONTH,2024-01-01,2024-12-31,2025-11-18 17:36:53.549194 UTC
FL,2024-03-01,36.930000305175781,6339728,24496,SINGLE_MONTH,2024-01-01,2024-12-31,2025-11-18 17:36:53.549194 UTC
NC,2024-03-01,43.75,2484327,12161,SINGLE_MONTH,2024-01-01,2024-12-31,2025-11-18 17:36:53.549194 UTC
MO,2024-03-01,40.529998779296875,1962845,7365,SINGLE_MONTH,2024-01-01,2024-12-31,2025-11-18 17:36:53.549194 UTC
VA,2024-03-01,18.8799991607666,1666646,5540,SINGLE_MONTH,2024-01-01,2024-12-31,2025-11-18 17:36:53.549194 UTC
GA,2024-03-01,22.280000686645508,1622356,6869,SINGLE_MONTH,2024-01-01,2024-12-31,2025-11-18 17:36:53.549194 UTC
PA,2024-03-01,22.510000228881836,1605257,5827,SINGLE_MONTH,2024-01-01,2024-12-31,2025-11-18 17:36:53.549194 UTC
IL,2024-03-01,25.219999313354492,1375597,5825,SINGLE_MONTH,2024-01-01,2024-12-31,2025-11-18 17:36:53.549194 UTC
AZ,2024-03-01,29.840000152587891,1367781,7009,SINGLE_MONTH,2024-01-01,2024-12-31,2025-11-18 17:36:53.549194 UTC
CO,2024-03-01,29.260000228881836,1367665,7068,SINGLE_MONTH,2024-01-01,2024-12-31,2025-11-18 17:36:53.549194 UTC
WI,2024-03-01,26.719999313354492,1170998,5109,SINGLE_MONTH,2024-01-01,2024-12-31,2025-11-18 17:36:53.549194 UTC
NM,2024-03-01,31.200000762939453,1035363,4542,SINGLE_MONTH,2024-01-01,2024-12-31,2025-11-18 17:36:53.549194 UTC
NV,2024-03-01,39.569999694824219,1001161,5160,SINGLE_MONTH,2024-01-01,2024-12-31,2025-11-18 17:36:53.549194 UTC
AK,2024-03-01,27.989999771118164,998543,3018,SINGLE_MONTH,2024-01-01,2024-12-31,2025-11-18 17:36:53.549194 UTC
MN,2024-03-01,32.790000915527344,958673,3343,SINGLE_MONTH,2024-01-01,2024-12-31,2025-11-18 17:36:53.549194 UTC
KY,2024-03-01,28.920000076293945,854375,4005,SINGLE_MONTH,2024-01-01,2024-12-31,2025-11-18 17:36:53.549194 UTC
MD,2024-03-01,7.0199999809265137,798555,3336,SINGLE_MONTH,2024-01-01,2024-12-31,2025-11-18 17:36:53.549194 UTC
OH,2024-03-01,28.510000228881836,782378,4934,SINGLE_MONTH,2024-01-01,2024-12-31,2025-11-18 17:36:53.549194 UTC
LA,2024-03-01,23.940000534057617,756105,3825,SINGLE_MONTH,2024-01-01,2024-12-31,2025-11-18 17:36:53.549194 UTC
OK,2024-03-01,28.299999237060547,753209,3444,SINGLE_MONTH,2024-01-01,2024-12-31,2025-11-18 17:36:53.549194 UTC
DE,2024-03-01,54.709999084472656,722501,3862,SINGLE_MONTH,2024-01-01,2024-12-31,2025-11-18 17:36:53.549194 UTC
UT,2024-03-01,27.389999389648438,722085,4023,SINGLE_MONTH,2024-01-01,2024-12-31,2025-11-18 17:36:53.549194 UTC
MS,2024-03-01,24.760000228881836,678956,2393,SINGLE_MONTH,2024-01-01,2024-12-31,2025-11-18 17:36:53.549194 UTC
MI,2024-03-01,23.569999694824219,634066,3292,SINGLE_MONTH,2024-01-01,2024-12-31,2025-11-18 17:36:53.549194 UTC
NJ,2024-03-01,19.8799991607666,632416,1848,ROLLING_3MO,2024-01-01,2024-12-31,2025-11-18 17:36:53.549194 UTC
KS,2024-03-01,25.920000076293945,630801,2695,SINGLE_MONTH,2024-01-01,2024-12-31,2025-11-18 17:36:53.549194 UTC
AL,2024-03-01,30.969999313354492,621713,2797,SINGLE_MONTH,2024-01-01,2024-12-31,2025-11-18 17:36:53.549194 UTC
SC,2024-03-01,31.450000762939453,606588,2511,SINGLE_MONTH,2024-01-01,2024-12-31,2025-11-18 17:36:53.549194 UTC
WA,2024-03-01,31.780000686645508,603996,2844,SINGLE_MONTH,2024-01-01,2024-12-31,2025-11-18 17:36:53.549194 UTC
HI,2024-03-01,34.279998779296875,596413,2267,SINGLE_MONTH,2024-01-01,2024-12-31,2025-11-18 17:36:53.549194 UTC
WV,2024-03-01,12.130000114440918,523960,2139,SINGLE_MONTH,2024-01-01,2024-12-31,2025-11-18 17:36:53.549194 UTC
MA,2024-03-01,28.069999694824219,437242,3100,SINGLE_MONTH,2024-01-01,2024-12-31,2025-11-18 17:36:53.549194 UTC
ID,2024-03-01,42.25,430686,1624,ROLLING_3MO,2024-01-01,2024-12-31,2025-11-18 17:36:53.549194 UTC
IA,2024-03-01,19.860000610351562,407056,1743,ROLLING_3MO,2024-01-01,2024-12-31,2025-11-18 17:36:53.549194 UTC
AR,2024-03-01,28.770000457763672,372548,1749,ROLLING_3MO,2024-01-01,2024-12-31,2025-11-18 17:36:53.549194 UTC
OR,2024-03-01,25.799999237060547,358007,1955,ROLLING_3MO,2024-01-01,2024-12-31,2025-11-18 17:36:53.549194 UTC
IN,2024-03-01,22.729999542236328,317285,2056,SINGLE_MONTH,2024-01-01,2024-12-31,2025-11-18 17:36:53.549194 UTC
SD,2024-03-01,23.770000457763672,278862,1200,ROLLING_3MO,2024-01-01,2024-12-31,2025-11-18 17:36:53.549194 UTC
NE,2024-03-01,26.489999771118164,204071,1023,ROLLING_3MO,2024-01-01,2024-12-31,2025-11-18 17:36:53.549194 UTC
WY,2024-03-01,27.459999084472656,183952,850,ROLLING_3MO,2024-01-01,2024-12-31,2025-11-18 17:36:53.549194 UTC
MT,2024-03-01,29.989999771118164,176599,846,ROLLING_3MO,2024-01-01,2024-12-31,2025-11-18 17:36:53.549194 UTC
NH,2024-03-01,29.309999465942383,146363,842,ROLLING_3MO,2024-01-01,2024-12-31,2025-11-18 17:36:53.549194 UTC
CT,2024-03-01,30.049999237060547,144152,782,ROLLING_3MO,2024-01-01,2024-12-31,2025-11-18 17:36:53.549194 UTC
DC,2024-03-01,28.899999618530273,119077,676,ROLLING_3MO,2024-01-01,2024-12-31,2025-11-18 17:36:53.549194 UTC
VT,2024-03-01,27.3799991607666,98198,503,EXCLUDE,2024-01-01,2024-12-31,2025-11-18 17:36:53.549194 UTC
ND,2024-03-01,24.280000686645508,81644,357,EXCLUDE,2024-01-01,2024-12-31,2025-11-18 17:36:53.549194 UTC
ME,2024-03-01,72.9000015258789,75202,448,EXCLUDE,2024-01-01,2024-12-31,2025-11-18 17:36:53.549194 UTC
RI,2024-03-01,26.299999237060547,28066,141,EXCLUDE,2024-01-01,2024-12-31,2025-11-18 17:36:53.549194 UTC
XX,2024-03-01,12.789999961853027,607,9,EXCLUDE,2024-01-01,2024-12-31,2025-11-18 17:36:53.549194 UTC
CA,2024-04-01,20.979999542236328,19482323,41010,SINGLE_MONTH,2024-01-01,2024-12-31,2025-11-18 17:36:53.549194 UTC
NY,2024-04-01,20.989999771118164,8049366,20740,SINGLE_MONTH,2024-01-01,2024-12-31,2025-11-18 17:36:53.549194 UTC
TX,2024-04-01,17.75,7233759,28701,SINGLE_MONTH,2024-01-01,2024-12-31,2025-11-18 17:36:53.549194 UTC
TN,2024-04-01,24.680000305175781,5885203,22313,SINGLE_MONTH,2024-01-01,2024-12-31,2025-11-18 17:36:53.549194 UTC
FL,2024-04-01,36.970001220703125,5727683,22277,SINGLE_MONTH,2024-01-01,2024-12-31,2025-11-18 17:36:53.549194 UTC
NC,2024-04-01,48.669998168945312,2314777,11896,SINGLE_MONTH,2024-01-01,2024-12-31,2025-11-18 17:36:53.549194 UTC
VA,2024-04-01,18.010000228881836,1828938,6170,SINGLE_MONTH,2024-01-01,2024-12-31,2025-11-18 17:36:53.549194 UTC
GA,2024-04-01,22.809999465942383,1693093,7169,SINGLE_MONTH,2024-01-01,2024-12-31,2025-11-18 17:36:53.549194 UTC
PA,2024-04-01,23.659999847412109,1604260,5885,SINGLE_MONTH,2024-01-01,2024-12-31,2025-11-18 17:36:53.549194 UTC
MO,2024-04-01,35.130001068115234,1402900,5969,SINGLE_MONTH,2024-01-01,2024-12-31,2025-11-18 17:36:53.549194 UTC
IL,2024-04-01,24.360000610351562,1135446,5270,SINGLE_MONTH,2024-01-01,2024-12-31,2025-11-18 17:36:53.549194 UTC
NV,2024-04-01,36.880001068115234,996208,5332,SINGLE_MONTH,2024-01-01,2024-12-31,2025-11-18 17:36:53.549194 UTC
CO,2024-04-01,29.430000305175781,976442,5820,SINGLE_MONTH,2024-01-01,2024-12-31,2025-11-18 17:36:53.549194 UTC
AZ,2024-04-01,29.3799991607666,963726,5650,SINGLE_MONTH,2024-01-01,2024-12-31,2025-11-18 17:36:53.549194 UTC
KY,2024-04-01,31.569999694824219,885750,4476,SINGLE_MONTH,2024-01-01,2024-12-31,2025-11-18 17:36:53.549194 UTC
WI,2024-04-01,23.930000305175781,850128,3957,SINGLE_MONTH,2024-01-01,2024-12-31,2025-11-18 17:36:53.549194 UTC
SC,2024-04-01,35.080001831054688,699926,2944,SINGLE_MONTH,2024-01-01,2024-12-31,2025-11-18 17:36:53.549194 UTC
OH,2024-04-01,28.770000457763672,688893,4491,SINGLE_MONTH,2024-01-01,2024-12-31,2025-11-18 17:36:53.549194 UTC
DE,2024-04-01,50.939998626708984,666506,3715,SINGLE_MONTH,2024-01-01,2024-12-31,2025-11-18 17:36:53.549194 UTC
MD,2024-04-01,7.0,663461,2866,SINGLE_MONTH,2024-01-01,2024-12-31,2025-11-18 17:36:53.549194 UTC
NM,2024-04-01,28.190000534057617,642888,3161,SINGLE_MONTH,2024-01-01,2024-12-31,2025-11-18 17:36:53.549194 UTC
AK,2024-04-01,26.8799991607666,623001,2032,SINGLE_MONTH,2024-01-01,2024-12-31,2025-11-18 17:36:53.549194 UTC
MN,2024-04-01,29.6200008392334,601705,2445,SINGLE_MONTH,2024-01-01,2024-12-31,2025-11-18 17:36:53.549194 UTC
NJ,2024-04-01,17.930000305175781,594807,1881,ROLLING_3MO,2024-01-01,2024-12-31,2025-11-18 17:36:53.549194 UTC
LA,2024-04-01,22.290000915527344,573905,2900,SINGLE_MONTH,2024-01-01,2024-12-31,2025-11-18 17:36:53.549194 UTC
UT,2024-04-01,28.329999923706055,570645,3983,SINGLE_MONTH,2024-01-01,2024-12-31,2025-11-18 17:36:53.549194 UTC
WA,2024-04-01,35.75,552991,2690,SINGLE_MONTH,2024-01-01,2024-12-31,2025-11-18 17:36:53.549194 UTC
MA,2024-04-01,27.739999771118164,546866,3425,SINGLE_MONTH,2024-01-01,2024-12-31,2025-11-18 17:36:53.549194 UTC
AL,2024-04-01,31.829999923706055,518261,2847,SINGLE_MONTH,2024-01-01,2024-12-31,2025-11-18 17:36:53.549194 UTC
OK,2024-04-01,24.309999465942383,510294,2537,SINGLE_MONTH,2024-01-01,2024-12-31,2025-11-18 17:36:53.549194 UTC
MI,2024-04-01,17.670000076293945,475508,2438,SINGLE_MONTH,2024-01-01,2024-12-31,2025-11-18 17:36:53.549194 UTC
HI,2024-04-01,32.799999237060547,443647,1804,ROLLING_3MO,2024-01-01,2024-12-31,2025-11-18 17:36:53.549194 UTC
MS,2024-04-01,20.530000686645508,434064,1657,ROLLING_3MO,2024-01-01,2024-12-31,2025-11-18 17:36:53.549194 UTC
KS,2024-04-01,21.950000762939453,419384,1942,ROLLING_3MO,2024-01-01,2024-12-31,2025-11-18 17:36:53.549194 UTC
OR,2024-04-01,27.989999771118164,412834,2129,SINGLE_MONTH,2024-01-01,2024-12-31,2025-11-18 17:36:53.549194 UTC
IN,2024-04-01,24.860000610351562,372111,2159,SINGLE_MONTH,2024-01-01,2024-12-31,2025-11-18 17:36:53.549194 UTC
IA,2024-04-01,18.159999847412109,282183,1363,ROLLING_3MO,2024-01-01,2024-12-31,2025-11-18 17:36:53.549194 UTC
AR,2024-04-01,26.360000610351562,280688,1459,ROLLING_3MO,2024-01-01,2024-12-31,2025-11-18 17:36:53.549194 UTC
WV,2024-04-01,14.210000038146973,280037,1413,ROLLING_3MO,2024-01-01,2024-12-31,2025-11-18 17:36:53.549194 UTC
ID,2024-04-01,35.810001373291016,265653,1089,ROLLING_3MO,2024-01-01,2024-12-31,2025-11-18 17:36:53.549194 UTC
SD,2024-04-01,23.350000381469727,194859,826,ROLLING_3MO,2024-01-01,2024-12-31,2025-11-18 17:36:53.549194 UTC
CT,2024-04-01,36.040000915527344,144581,819,ROLLING_3MO,2024-01-01,2024-12-31,2025-11-18 17:36:53.549194 UTC
NE,2024-04-01,25.180000305175781,139307,802,ROLLING_3MO,2024-01-01,2024-12-31,2025-11-18 17:36:53.549194 UTC
NH,2024-04-01,22.3799991607666,122740,727,ROLLING_3MO,2024-01-01,2024-12-31,2025-11-18 17:36:53.549194 UTC
DC,2024-04-01,29.6200008392334,115495,611,ROLLING_3MO,2024-01-01,2024-12-31,2025-11-18 17:36:53.549194 UTC
WY,2024-04-01,20.610000610351562,105841,477,EXCLUDE,2024-01-01,2024-12-31,2025-11-18 17:36:53.549194 UTC
MT,2024-04-01,28.079999923706055,95612,512,EXCLUDE,2024-01-01,2024-12-31,2025-11-18 17:36:53.549194 UTC
VT,2024-04-01,14.579999923706055,82521,387,EXCLUDE,2024-01-01,2024-12-31,2025-11-18 17:36:53.549194 UTC
ND,2024-04-01,20.75,56263,269,EXCLUDE,2024-01-01,2024-12-31,2025-11-18 17:36:53.549194 UTC
ME,2024-04-01,59.119998931884766,46127,286,EXCLUDE,2024-01-01,2024-12-31,2025-11-18 17:36:53.549194 UTC
RI,2024-04-01,35.270000457763672,24643,149,EXCLUDE,2024-01-01,2024-12-31,2025-11-18 17:36:53.549194 UTC
XX,2024-04-01,19.829999923706055,608,12,EXCLUDE,2024-01-01,2024-12-31,2025-11-18 17:36:53.549194 UTC
CA,2024-05-01,21.110000610351562,19296299,43372,SINGLE_MONTH,2024-01-01,2024-12-31,2025-11-18 17:36:53.549194 UTC
NY,2024-05-01,20.819999694824219,8310579,20667,SINGLE_MONTH,2024-01-01,2024-12-31,2025-11-18 17:36:53.549194 UTC
TX,2024-05-01,18.329999923706055,7585005,29786,SINGLE_MONTH,2024-01-01,2024-12-31,2025-11-18 17:36:53.549194 UTC
TN,2024-05-01,25.6200008392334,6413139,24436,SINGLE_MONTH,2024-01-01,2024-12-31,2025-11-18 17:36:53.549194 UTC
FL,2024-05-01,39.5099983215332,5948577,23031,SINGLE_MONTH,2024-01-01,2024-12-31,2025-11-18 17:36:53.549194 UTC
NC,2024-05-01,45.4900016784668,2569721,13641,SINGLE_MONTH,2024-01-01,2024-12-31,2025-11-18 17:36:53.549194 UTC
GA,2024-05-01,27.6200008392334,1871016,8119,SINGLE_MONTH,2024-01-01,2024-12-31,2025-11-18 17:36:53.549194 UTC
MO,2024-05-01,37.139999389648438,1832263,7626,SINGLE_MONTH,2024-01-01,2024-12-31,2025-11-18 17:36:53.549194 UTC
PA,2024-05-01,21.829999923706055,1647924,6174,SINGLE_MONTH,2024-01-01,2024-12-31,2025-11-18 17:36:53.549194 UTC
VA,2024-05-01,19.600000381469727,1585250,5756,SINGLE_MONTH,2024-01-01,2024-12-31,2025-11-18 17:36:53.549194 UTC
IL,2024-05-01,24.430000305175781,1246374,5990,SINGLE_MONTH,2024-01-01,2024-12-31,2025-11-18 17:36:53.549194 UTC
CO,2024-05-01,23.209999084472656,1224419,6622,SINGLE_MONTH,2024-01-01,2024-12-31,2025-11-18 17:36:53.549194 UTC
WI,2024-05-01,24.440000534057617,1077982,5230,SINGLE_MONTH,2024-01-01,2024-12-31,2025-11-18 17:36:53.549194 UTC
AZ,2024-05-01,29.3799991607666,1064877,6135,SINGLE_MONTH,2024-01-01,2024-12-31,2025-11-18 17:36:53.549194 UTC
KY,2024-05-01,29.850000381469727,913225,4855,SINGLE_MONTH,2024-01-01,2024-12-31,2025-11-18 17:36:53.549194 UTC
AL,2024-05-01,28.170000076293945,898578,4569,SINGLE_MONTH,2024-01-01,2024-12-31,2025-11-18 17:36:53.549194 UTC
OH,2024-05-01,27.450000762939453,895680,5507,SINGLE_MONTH,2024-01-01,2024-12-31,2025-11-18 17:36:53.549194 UTC
NV,2024-05-01,35.599998474121094,890340,4742,SINGLE_MONTH,2024-01-01,2024-12-31,2025-11-18 17:36:53.549194 UTC
MD,2024-05-01,9.5399999618530273,792478,3630,SINGLE_MONTH,2024-01-01,2024-12-31,2025-11-18 17:36:53.549194 UTC
SC,2024-05-01,32.099998474121094,747962,3112,SINGLE_MONTH,2024-01-01,2024-12-31,2025-11-18 17:36:53.549194 UTC
DE,2024-05-01,54.180000305175781,738026,4030,SINGLE_MONTH,2024-01-01,2024-12-31,2025-11-18 17:36:53.549194 UTC
IN,2024-05-01,20.270000457763672,711605,2837,SINGLE_MONTH,2024-01-01,2024-12-31,2025-11-18 17:36:53.549194 UTC
AK,2024-05-01,29.799999237060547,704328,2457,SINGLE_MONTH,2024-01-01,2024-12-31,2025-11-18 17:36:53.549194 UTC
NM,2024-05-01,28.610000610351562,697946,3485,SINGLE_MONTH,2024-01-01,2024-12-31,2025-11-18 17:36:53.549194 UTC
NJ,2024-05-01,17.959999084472656,686166,2070,SINGLE_MONTH,2024-01-01,2024-12-31,2025-11-18 17:36:53.549194 UTC
OK,2024-05-01,26.389999389648438,673641,3457,SINGLE_MONTH,2024-01-01,2024-12-31,2025-11-18 17:36:53.549194 UTC
MI,2024-05-01,24.770000457763672,639200,3582,SINGLE_MONTH,2024-01-01,2024-12-31,2025-11-18 17:36:53.549194 UTC
OR,2024-05-01,34.220001220703125,609233,3124,SINGLE_MONTH,2024-01-01,2024-12-31,2025-11-18 17:36:53.549194 UTC
LA,2024-05-01,20.450000762939453,602355,3181,SINGLE_MONTH,2024-01-01,2024-12-31,2025-11-18 17:36:53.549194 UTC
MN,2024-05-01,27.209999084472656,595736,2500,SINGLE_MONTH,2024-01-01,2024-12-31,2025-11-18 17:36:53.549194 UTC
WA,2024-05-01,38.630001068115234,572779,2792,SINGLE_MONTH,2024-01-01,2024-12-31,2025-11-18 17:36:53.549194 UTC
UT,2024-05-01,29.969999313354492,540926,3573,SINGLE_MONTH,2024-01-01,2024-12-31,2025-11-18 17:36:53.549194 UTC
MS,2024-05-01,22.979999542236328,482495,1840,ROLLING_3MO,2024-01-01,2024-12-31,2025-11-18 17:36:53.549194 UTC
MA,2024-05-01,26.590000152587891,479961,3173,SINGLE_MONTH,2024-01-01,2024-12-31,2025-11-18 17:36:53.549194 UTC
KS,2024-05-01,24.670000076293945,476867,2521,SINGLE_MONTH,2024-01-01,2024-12-31,2025-11-18 17:36:53.549194 UTC
HI,2024-05-01,34.2400016784668,445790,1797,ROLLING_3MO,2024-01-01,2024-12-31,2025-11-18 17:36:53.549194 UTC
AR,2024-05-01,24.969999313354492,402345,1830,ROLLING_3MO,2024-01-01,2024-12-31,2025-11-18 17:36:53.549194 UTC
WV,2024-05-01,18.209999084472656,378511,2057,SINGLE_MONTH,2024-01-01,2024-12-31,2025-11-18 17:36:53.549194 UTC
ID,2024-05-01,31.739999771118164,337181,1401,ROLLING_3MO,2024-01-01,2024-12-31,2025-11-18 17:36:53.549194 UTC
IA,2024-05-01,17.170000076293945,330413,1514,ROLLING_3MO,2024-01-01,2024-12-31,2025-11-18 17:36:53.549194 UTC
NE,2024-05-01,26.360000610351562,264871,1683,ROLLING_3MO,2024-01-01,2024-12-31,2025-11-18 17:36:53.549194 UTC
SD,2024-05-01,26.979999542236328,254397,1276,ROLLING_3MO,2024-01-01,2024-12-31,2025-11-18 17:36:53.549194 UTC
NH,2024-05-01,24.209999084472656,215102,1045,ROLLING_3MO,2024-01-01,2024-12-31,2025-11-18 17:36:53.549194 UTC
WY,2024-05-01,20.219999313354492,171125,632,ROLLING_3MO,2024-01-01,2024-12-31,2025-11-18 17:36:53.549194 UTC
CT,2024-05-01,30.3799991607666,140518,814,ROLLING_3MO,2024-01-01,2024-12-31,2025-11-18 17:36:53.549194 UTC
DC,2024-05-01,30.75,102428,574,EXCLUDE,2024-01-01,2024-12-31,2025-11-18 17:36:53.549194 UTC
MT,2024-05-01,25.829999923706055,84366,552,EXCLUDE,2024-01-01,2024-12-31,2025-11-18 17:36:53.549194 UTC
ND,2024-05-01,23.840000152587891,77293,318,EXCLUDE,2024-01-01,2024-12-31,2025-11-18 17:36:53.549194 UTC
VT,2024-05-01,14.289999961853027,54438,338,EXCLUDE,2024-01-01,2024-12-31,2025-11-18 17:36:53.549194 UTC
ME,2024-05-01,59.650001525878906,51530,383,EXCLUDE,2024-01-01,2024-12-31,2025-11-18 17:36:53.549194 UTC
RI,2024-05-01,27.239999771118164,26377,156,EXCLUDE,2024-01-01,2024-12-31,2025-11-18 17:36:53.549194 UTC
XX,2024-05-01,22.930000305175781,405,12,EXCLUDE,2024-01-01,2024-12-31,2025-11-18 17:36:53.549194 UTC
CA,2024-06-01,21.579999923706055,19753313,45947,SINGLE_MONTH,2024-01-01,2024-12-31,2025-11-18 17:36:53.549194 UTC
TN,2024-06-01,30.079999923706055,8911153,35506,SINGLE_MONTH,2024-01-01,2024-12-31,2025-11-18 17:36:53.549194 UTC
TX,2024-06-01,19.909999847412109,8752915,34473,SINGLE_MONTH,2024-01-01,2024-12-31,2025-11-18 17:36:53.549194 UTC
NY,2024-06-01,21.170000076293945,8421549,21009,SINGLE_MONTH,2024-01-01,2024-12-31,2025-11-18 17:36:53.549194 UTC
FL,2024-06-01,40.930000305175781,7153639,27540,SINGLE_MONTH,2024-01-01,2024-12-31,2025-11-18 17:36:53.549194 UTC
MO,2024-06-01,37.229999542236328,2744658,10753,SINGLE_MONTH,2024-01-01,2024-12-31,2025-11-18 17:36:53.549194 UTC
NC,2024-06-01,43.860000610351562,2744419,14507,SINGLE_MONTH,2024-01-01,2024-12-31,2025-11-18 17:36:53.549194 UTC
PA,2024-06-01,21.25,2234710,8202,SINGLE_MONTH,2024-01-01,2024-12-31,2025-11-18 17:36:53.549194 UTC
VA,2024-06-01,23.479999542236328,1872441,6726,SINGLE_MONTH,2024-01-01,2024-12-31,2025-11-18 17:36:53.549194 UTC
WI,2024-06-01,27.229999542236328,1761472,8530,SINGLE_MONTH,2024-01-01,2024-12-31,2025-11-18 17:36:53.549194 UTC
SC,2024-06-01,37.099998474121094,1573682,5772,SINGLE_MONTH,2024-01-01,2024-12-31,2025-11-18 17:36:53.549194 UTC
GA,2024-06-01,28.25,1545108,6968,SINGLE_MONTH,2024-01-01,2024-12-31,2025-11-18 17:36:53.549194 UTC
CO,2024-06-01,26.729999542236328,1521802,7967,SINGLE_MONTH,2024-01-01,2024-12-31,2025-11-18 17:36:53.549194 UTC
IL,2024-06-01,25.540000915527344,1424523,7163,SINGLE_MONTH,2024-01-01,2024-12-31,2025-11-18 17:36:53.549194 UTC
IN,2024-06-01,21.450000762939453,1330550,4149,SINGLE_MONTH,2024-01-01,2024-12-31,2025-11-18 17:36:53.549194 UTC
MD,2024-06-01,14.109999656677246,1237774,5858,SINGLE_MONTH,2024-01-01,2024-12-31,2025-11-18 17:36:53.549194 UTC
KY,2024-06-01,27.809999465942383,1211720,6020,SINGLE_MONTH,2024-01-01,2024-12-31,2025-11-18 17:36:53.549194 UTC
AL,2024-06-01,31.909999847412109,1102900,4689,SINGLE_MONTH,2024-01-01,2024-12-31,2025-11-18 17:36:53.549194 UTC
OH,2024-06-01,30.729999542236328,1060794,6059,SINGLE_MONTH,2024-01-01,2024-12-31,2025-11-18 17:36:53.549194 UTC
NV,2024-06-01,34.569999694824219,1053741,5081,SINGLE_MONTH,2024-01-01,2024-12-31,2025-11-18 17:36:53.549194 UTC
AZ,2024-06-01,29.579999923706055,1018897,4499,SINGLE_MONTH,2024-01-01,2024-12-31,2025-11-18 17:36:53.549194 UTC
MN,2024-06-01,28.389999389648438,863451,3558,SINGLE_MONTH,2024-01-01,2024-12-31,2025-11-18 17:36:53.549194 UTC
OK,2024-06-01,26.260000228881836,859623,4253,SINGLE_MONTH,2024-01-01,2024-12-31,2025-11-18 17:36:53.549194 UTC
MS,2024-06-01,24.299999237060547,834210,3007,SINGLE_MONTH,2024-01-01,2024-12-31,2025-11-18 17:36:53.549194 UTC
DE,2024-06-01,57.720001220703125,829167,4926,SINGLE_MONTH,2024-01-01,2024-12-31,2025-11-18 17:36:53.549194 UTC
NJ,2024-06-01,19.760000228881836,813691,3208,SINGLE_MONTH,2024-01-01,2024-12-31,2025-11-18 17:36:53.549194 UTC
NM,2024-06-01,28.790000915527344,788635,3511,SINGLE_MONTH,2024-01-01,2024-12-31,2025-11-18 17:36:53.549194 UTC
AK,2024-06-01,27.6299991607666,782111,3160,SINGLE_MONTH,2024-01-01,2024-12-31,2025-11-18 17:36:53.549194 UTC
MI,2024-06-01,24.139999389648438,768358,4727,SINGLE_MONTH,2024-01-01,2024-12-31,2025-11-18 17:36:53.549194 UTC
WA,2024-06-01,38.450000762939453,699498,3363,SINGLE_MONTH,2024-01-01,2024-12-31,2025-11-18 17:36:53.549194 UTC
LA,2024-06-01,24.049999237060547,678927,3281,SINGLE_MONTH,2024-01-01,2024-12-31,2025-11-18 17:36:53.549194 UTC
NH,2024-06-01,7.9200000762939453,671061,3461,SINGLE_MONTH,2024-01-01,2024-12-31,2025-11-18 17:36:53.549194 UTC
OR,2024-06-01,32.7400016784668,651287,3390,SINGLE_MONTH,2024-01-01,2024-12-31,2025-11-18 17:36:53.549194 UTC
UT,2024-06-01,28.229999542236328,650358,3994,SINGLE_MONTH,2024-01-01,2024-12-31,2025-11-18 17:36:53.549194 UTC
ID,2024-06-01,26.180000305175781,608252,2025,SINGLE_MONTH,2024-01-01,2024-12-31,2025-11-18 17:36:53.549194 UTC
MA,2024-06-01,29.170000076293945,600385,3714,SINGLE_MONTH,2024-01-01,2024-12-31,2025-11-18 17:36:53.549194 UTC
AR,2024-06-01,27.270000457763672,569615,2479,SINGLE_MONTH,2024-01-01,2024-12-31,2025-11-18 17:36:53.549194 UTC
KS,2024-06-01,23.579999923706055,557207,2729,SINGLE_MONTH,2024-01-01,2024-12-31,2025-11-18 17:36:53.549194 UTC
HI,2024-06-01,32.439998626708984,547606,2131,SINGLE_MONTH,2024-01-01,2024-12-31,2025-11-18 17:36:53.549194 UTC
IA,2024-06-01,20.1200008392334,537124,2235,SINGLE_MONTH,2024-01-01,2024-12-31,2025-11-18 17:36:53.549194 UTC
WV,2024-06-01,20.5,450648,2257,SINGLE_MONTH,2024-01-01,2024-12-31,2025-11-18 17:36:53.549194 UTC
SD,2024-06-01,29.510000228881836,418356,2130,SINGLE_MONTH,2024-01-01,2024-12-31,2025-11-18 17:36:53.549194 UTC
NE,2024-06-01,25.6299991607666,349752,2112,SINGLE_MONTH,2024-01-01,2024-12-31,2025-11-18 17:36:53.549194 UTC
WY,2024-06-01,21.469999313354492,268984,987,ROLLING_3MO,2024-01-01,2024-12-31,2025-11-18 17:36:53.549194 UTC
CT,2024-06-01,33.299999237060547,170721,876,ROLLING_3MO,2024-01-01,2024-12-31,2025-11-18 17:36:53.549194 UTC
MT,2024-06-01,28.450000762939453,136464,880,ROLLING_3MO,2024-01-01,2024-12-31,2025-11-18 17:36:53.549194 UTC
DC,2024-06-01,30.1299991607666,117935,642,ROLLING_3MO,2024-01-01,2024-12-31,2025-11-18 17:36:53.549194 UTC
ND,2024-06-01,27.909999847412109,92250,492,EXCLUDE,2024-01-01,2024-12-31,2025-11-18 17:36:53.549194 UTC
ME,2024-06-01,42.4900016784668,89552,691,ROLLING_3MO,2024-01-01,2024-12-31,2025-11-18 17:36:53.549194 UTC
VT,2024-06-01,17.149999618530273,82048,489,EXCLUDE,2024-01-01,2024-12-31,2025-11-18 17:36:53.549194 UTC
RI,2024-06-01,30.459999084472656,35041,210,EXCLUDE,2024-01-01,2024-12-31,2025-11-18 17:36:53.549194 UTC
XX,2024-06-01,22.1200008392334,1708,44,EXCLUDE,2024-01-01,2024-12-31,2025-11-18 17:36:53.549194 UTC
CA,2024-07-01,20.799999237060547,19975010,46897,SINGLE_MONTH,2024-01-01,2024-12-31,2025-11-18 17:36:53.549194 UTC
TN,2024-07-01,31.8700008392334,10947762,43436,SINGLE_MONTH,2024-01-01,2024-12-31,2025-11-18 17:36:53.549194 UTC
TX,2024-07-01,19.549999237060547,9311274,36317,SINGLE_MONTH,2024-01-01,2024-12-31,2025-11-18 17:36:53.549194 UTC
NY,2024-07-01,19.690000534057617,8924528,22087,SINGLE_MONTH,2024-01-01,2024-12-31,2025-11-18 17:36:53.549194 UTC
FL,2024-07-01,41.560001373291016,7715474,30128,SINGLE_MONTH,2024-01-01,2024-12-31,2025-11-18 17:36:53.549194 UTC
NC,2024-07-01,40.290000915527344,3437893,19864,SINGLE_MONTH,2024-01-01,2024-12-31,2025-11-18 17:36:53.549194 UTC
MO,2024-07-01,36.279998779296875,3152462,12210,SINGLE_MONTH,2024-01-01,2024-12-31,2025-11-18 17:36:53.549194 UTC
PA,2024-07-01,21.329999923706055,2544874,9236,SINGLE_MONTH,2024-01-01,2024-12-31,2025-11-18 17:36:53.549194 UTC
WI,2024-07-01,26.260000228881836,2407670,12559,SINGLE_MONTH,2024-01-01,2024-12-31,2025-11-18 17:36:53.549194 UTC
VA,2024-07-01,24.989999771118164,2155203,7256,SINGLE_MONTH,2024-01-01,2024-12-31,2025-11-18 17:36:53.549194 UTC
IN,2024-07-01,21.489999771118164,2088198,7075,SINGLE_MONTH,2024-01-01,2024-12-31,2025-11-18 17:36:53.549194 UTC
CO,2024-07-01,29.020000457763672,2072360,10984,SINGLE_MONTH,2024-01-01,2024-12-31,2025-11-18 17:36:53.549194 UTC
SC,2024-07-01,37.029998779296875,1908389,6960,SINGLE_MONTH,2024-01-01,2024-12-31,2025-11-18 17:36:53.549194 UTC
IL,2024-07-01,26.309999465942383,1600932,7649,SINGLE_MONTH,2024-01-01,2024-12-31,2025-11-18 17:36:53.549194 UTC
NH,2024-07-01,7.929999828338623,1521677,7211,SINGLE_MONTH,2024-01-01,2024-12-31,2025-11-18 17:36:53.549194 UTC
GA,2024-07-01,26.8700008392334,1456313,6349,SINGLE_MONTH,2024-01-01,2024-12-31,2025-11-18 17:36:53.549194 UTC
KY,2024-07-01,28.479999542236328,1358433,6579,SINGLE_MONTH,2024-01-01,2024-12-31,2025-11-18 17:36:53.549194 UTC
MD,2024-07-01,19.530000686645508,1340352,6415,SINGLE_MONTH,2024-01-01,2024-12-31,2025-11-18 17:36:53.549194 UTC
NV,2024-07-01,30.450000762939453,1211792,5623,SINGLE_MONTH,2024-01-01,2024-12-31,2025-11-18 17:36:53.549194 UTC
AZ,2024-07-01,31.549999237060547,1211692,5379,SINGLE_MONTH,2024-01-01,2024-12-31,2025-11-18 17:36:53.549194 UTC
AL,2024-07-01,31.489999771118164,1210014,4587,SINGLE_MONTH,2024-01-01,2024-12-31,2025-11-18 17:36:53.549194 UTC
OH,2024-07-01,27.8700008392334,1058835,5895,SINGLE_MONTH,2024-01-01,2024-12-31,2025-11-18 17:36:53.549194 UTC
MN,2024-07-01,28.020000457763672,1046218,4400,SINGLE_MONTH,2024-01-01,2024-12-31,2025-11-18 17:36:53.549194 UTC
AK,2024-07-01,27.420000076293945,1008707,4844,SINGLE_MONTH,2024-01-01,2024-12-31,2025-11-18 17:36:53.549194 UTC
MI,2024-07-01,25.159999847412109,1000854,6389,SINGLE_MONTH,2024-01-01,2024-12-31,2025-11-18 17:36:53.549194 UTC
OK,2024-07-01,27.479999542236328,1000654,4813,SINGLE_MONTH,2024-01-01,2024-12-31,2025-11-18 17:36:53.549194 UTC
NJ,2024-07-01,19.969999313354492,998439,4364,SINGLE_MONTH,2024-01-01,2024-12-31,2025-11-18 17:36:53.549194 UTC
MS,2024-07-01,23.6200008392334,930507,3311,SINGLE_MONTH,2024-01-01,2024-12-31,2025-11-18 17:36:53.549194 UTC
NM,2024-07-01,29.030000686645508,922453,4042,SINGLE_MONTH,2024-01-01,2024-12-31,2025-11-18 17:36:53.549194 UTC
ID,2024-07-01,23.090000152587891,920284,2743,SINGLE_MONTH,2024-01-01,2024-12-31,2025-11-18 17:36:53.549194 UTC
DE,2024-07-01,45.279998779296875,902272,4994,SINGLE_MONTH,2024-01-01,2024-12-31,2025-11-18 17:36:53.549194 UTC
OR,2024-07-01,35.209999084472656,895737,4650,SINGLE_MONTH,2024-01-01,2024-12-31,2025-11-18 17:36:53.549194 UTC
WA,2024-07-01,35.290000915527344,854807,4117,SINGLE_MONTH,2024-01-01,2024-12-31,2025-11-18 17:36:53.549194 UTC
LA,2024-07-01,22.260000228881836,851040,3831,SINGLE_MONTH,2024-01-01,2024-12-31,2025-11-18 17:36:53.549194 UTC
AR,2024-07-01,26.079999923706055,764213,2905,SINGLE_MONTH,2024-01-01,2024-12-31,2025-11-18 17:36:53.549194 UTC
MA,2024-07-01,28.190000534057617,751678,4612,SINGLE_MONTH,2024-01-01,2024-12-31,2025-11-18 17:36:53.549194 UTC
UT,2024-07-01,27.700000762939453,720381,4470,SINGLE_MONTH,2024-01-01,2024-12-31,2025-11-18 17:36:53.549194 UTC
IA,2024-07-01,20.299999237060547,658504,2708,SINGLE_MONTH,2024-01-01,2024-12-31,2025-11-18 17:36:53.549194 UTC
KS,2024-07-01,22.559999465942383,634732,2868,SINGLE_MONTH,2024-01-01,2024-12-31,2025-11-18 17:36:53.549194 UTC
HI,2024-07-01,30.690000534057617,580203,2338,SINGLE_MONTH,2024-01-01,2024-12-31,2025-11-18 17:36:53.549194 UTC
WV,2024-07-01,20.309999465942383,538270,2619,SINGLE_MONTH,2024-01-01,2024-12-31,2025-11-18 17:36:53.549194 UTC
SD,2024-07-01,29.190000534057617,487754,2436,SINGLE_MONTH,2024-01-01,2024-12-31,2025-11-18 17:36:53.549194 UTC
WY,2024-07-01,23.579999923706055,412288,1375,ROLLING_3MO,2024-01-01,2024-12-31,2025-11-18 17:36:53.549194 UTC
NE,2024-07-01,25.409999847412109,376792,2238,SINGLE_MONTH,2024-01-01,2024-12-31,2025-11-18 17:36:53.549194 UTC
CT,2024-07-01,31.450000762939453,251741,1118,ROLLING_3MO,2024-01-01,2024-12-31,2025-11-18 17:36:53.549194 UTC
MT,2024-07-01,29.350000381469727,179293,1233,ROLLING_3MO,2024-01-01,2024-12-31,2025-11-18 17:36:53.549194 UTC
ND,2024-07-01,25.020000457763672,145608,775,ROLLING_3MO,2024-01-01,2024-12-31,2025-11-18 17:36:53.549194 UTC
DC,2024-07-01,29.979999542236328,126755,696,ROLLING_3MO,2024-01-01,2024-12-31,2025-11-18 17:36:53.549194 UTC
ME,2024-07-01,30.149999618530273,126373,1176,ROLLING_3MO,2024-01-01,2024-12-31,2025-11-18 17:36:53.549194 UTC
VT,2024-07-01,19.579999923706055,100367,601,ROLLING_3MO,2024-01-01,2024-12-31,2025-11-18 17:36:53.549194 UTC
RI,2024-07-01,35.110000610351562,50640,345,EXCLUDE,2024-01-01,2024-12-31,2025-11-18 17:36:53.549194 UTC
XX,2024-07-01,31.5,1258,33,EXCLUDE,2024-01-01,2024-12-31,2025-11-18 17:36:53.549194 UTC
CA,2024-08-01,21.360000610351562,19739246,46113,SINGLE_MONTH,2024-01-01,2024-12-31,2025-11-18 17:36:53.549194 UTC
NY,2024-08-01,20.590000152587891,8803794,21626,SINGLE_MONTH,2024-01-01,2024-12-31,2025-11-18 17:36:53.549194 UTC
TN,2024-08-01,28.840000152587891,8506821,34340,SINGLE_MONTH,2024-01-01,2024-12-31,2025-11-18 17:36:53.549194 UTC
TX,2024-08-01,17.950000762939453,8338502,37709,SINGLE_MONTH,2024-01-01,2024-12-31,2025-11-18 17:36:53.549194 UTC
NC,2024-08-01,34.799999237060547,6954237,39269,SINGLE_MONTH,2024-01-01,2024-12-31,2025-11-18 17:36:53.549194 UTC
FL,2024-08-01,39.770000457763672,5400879,22990,SINGLE_MONTH,2024-01-01,2024-12-31,2025-11-18 17:36:53.549194 UTC
PA,2024-08-01,21.170000076293945,2294860,8074,SINGLE_MONTH,2024-01-01,2024-12-31,2025-11-18 17:36:53.549194 UTC
WI,2024-08-01,26.680000305175781,2159379,11164,SINGLE_MONTH,2024-01-01,2024-12-31,2025-11-18 17:36:53.549194 UTC
MO,2024-08-01,34.689998626708984,2117918,8788,SINGLE_MONTH,2024-01-01,2024-12-31,2025-11-18 17:36:53.549194 UTC
VA,2024-08-01,24.649999618530273,1754182,6332,SINGLE_MONTH,2024-01-01,2024-12-31,2025-11-18 17:36:53.549194 UTC
NH,2024-08-01,8.6499996185302734,1552735,7328,SINGLE_MONTH,2024-01-01,2024-12-31,2025-11-18 17:36:53.549194 UTC
CO,2024-08-01,26.510000228881836,1499948,7689,SINGLE_MONTH,2024-01-01,2024-12-31,2025-11-18 17:36:53.549194 UTC
IL,2024-08-01,26.930000305175781,1432655,7114,SINGLE_MONTH,2024-01-01,2024-12-31,2025-11-18 17:36:53.549194 UTC
AZ,2024-08-01,29.190000534057617,1234064,6433,SINGLE_MONTH,2024-01-01,2024-12-31,2025-11-18 17:36:53.549194 UTC
GA,2024-08-01,22.430000305175781,1233218,5489,SINGLE_MONTH,2024-01-01,2024-12-31,2025-11-18 17:36:53.549194 UTC
SC,2024-08-01,34.590000152587891,1226374,4828,SINGLE_MONTH,2024-01-01,2024-12-31,2025-11-18 17:36:53.549194 UTC
IN,2024-08-01,22.069999694824219,1226195,4936,SINGLE_MONTH,2024-01-01,2024-12-31,2025-11-18 17:36:53.549194 UTC
OH,2024-08-01,25.299999237060547,1105929,7571,SINGLE_MONTH,2024-01-01,2024-12-31,2025-11-18 17:36:53.549194 UTC
AK,2024-08-01,28.389999389648438,1090339,5562,SINGLE_MONTH,2024-01-01,2024-12-31,2025-11-18 17:36:53.549194 UTC
MA,2024-08-01,29.600000381469727,1083949,5410,SINGLE_MONTH,2024-01-01,2024-12-31,2025-11-18 17:36:53.549194 UTC
MN,2024-08-01,28.569999694824219,1066517,5490,SINGLE_MONTH,2024-01-01,2024-12-31,2025-11-18 17:36:53.549194 UTC
NJ,2024-08-01,19.649999618530273,1041285,4129,SINGLE_MONTH,2024-01-01,2024-12-31,2025-11-18 17:36:53.549194 UTC
KY,2024-08-01,25.549999237060547,997732,4921,SINGLE_MONTH,2024-01-01,2024-12-31,2025-11-18 17:36:53.549194 UTC
DE,2024-08-01,41.630001068115234,960464,5304,SINGLE_MONTH,2024-01-01,2024-12-31,2025-11-18 17:36:53.549194 UTC
NV,2024-08-01,31.950000762939453,924330,5246,SINGLE_MONTH,2024-01-01,2024-12-31,2025-11-18 17:36:53.549194 UTC
ID,2024-08-01,22.399999618530273,882418,2949,SINGLE_MONTH,2024-01-01,2024-12-31,2025-11-18 17:36:53.549194 UTC
WA,2024-08-01,33.5099983215332,871692,4570,SINGLE_MONTH,2024-01-01,2024-12-31,2025-11-18 17:36:53.549194 UTC
MI,2024-08-01,27.079999923706055,858981,5384,SINGLE_MONTH,2024-01-01,2024-12-31,2025-11-18 17:36:53.549194 UTC
MD,2024-08-01,28.139999389648438,851534,4752,SINGLE_MONTH,2024-01-01,2024-12-31,2025-11-18 17:36:53.549194 UTC
IA,2024-08-01,21.290000915527344,813184,3041,SINGLE_MONTH,2024-01-01,2024-12-31,2025-11-18 17:36:53.549194 UTC
OK,2024-08-01,24.659999847412109,744920,3655,SINGLE_MONTH,2024-01-01,2024-12-31,2025-11-18 17:36:53.549194 UTC
OR,2024-08-01,34.900001525878906,740465,4219,SINGLE_MONTH,2024-01-01,2024-12-31,2025-11-18 17:36:53.549194 UTC
NM,2024-08-01,27.950000762939453,704964,3199,SINGLE_MONTH,2024-01-01,2024-12-31,2025-11-18 17:36:53.549194 UTC
AL,2024-08-01,28.8799991607666,685929,5321,SINGLE_MONTH,2024-01-01,2024-12-31,2025-11-18 17:36:53.549194 UTC
MS,2024-08-01,20.659999847412109,654710,2200,SINGLE_MONTH,2024-01-01,2024-12-31,2025-11-18 17:36:53.549194 UTC
KS,2024-08-01,22.489999771118164,595940,2632,SINGLE_MONTH,2024-01-01,2024-12-31,2025-11-18 17:36:53.549194 UTC
UT,2024-08-01,25.780000686645508,595175,3692,SINGLE_MONTH,2024-01-01,2024-12-31,2025-11-18 17:36:53.549194 UTC
LA,2024-08-01,23.25,578845,2804,SINGLE_MONTH,2024-01-01,2024-12-31,2025-11-18 17:36:53.549194 UTC
WV,2024-08-01,21.469999313354492,481539,2675,SINGLE_MONTH,2024-01-01,2024-12-31,2025-11-18 17:36:53.549194 UTC
AR,2024-08-01,24.790000915527344,481370,2024,SINGLE_MONTH,2024-01-01,2024-12-31,2025-11-18 17:36:53.549194 UTC
HI,2024-08-01,32.110000610351562,431832,1850,ROLLING_3MO,2024-01-01,2024-12-31,2025-11-18 17:36:53.549194 UTC
SD,2024-08-01,27.100000381469727,413583,2501,SINGLE_MONTH,2024-01-01,2024-12-31,2025-11-18 17:36:53.549194 UTC
WY,2024-08-01,20.670000076293945,362368,1176,ROLLING_3MO,2024-01-01,2024-12-31,2025-11-18 17:36:53.549194 UTC
NE,2024-08-01,24.440000534057617,328254,1935,ROLLING_3MO,2024-01-01,2024-12-31,2025-11-18 17:36:53.549194 UTC
CT,2024-08-01,31.690000534057617,223910,1050,ROLLING_3MO,2024-01-01,2024-12-31,2025-11-18 17:36:53.549194 UTC
MT,2024-08-01,31.0,159830,1035,ROLLING_3MO,2024-01-01,2024-12-31,2025-11-18 17:36:53.549194 UTC
ND,2024-08-01,26.409999847412109,120044,570,EXCLUDE,2024-01-01,2024-12-31,2025-11-18 17:36:53.549194 UTC
ME,2024-08-01,32.520000457763672,114564,1082,ROLLING_3MO,2024-01-01,2024-12-31,2025-11-18 17:36:53.549194 UTC
DC,2024-08-01,30.25,110583,695,ROLLING_3MO,2024-01-01,2024-12-31,2025-11-18 17:36:53.549194 UTC
VT,2024-08-01,22.969999313354492,82514,524,EXCLUDE,2024-01-01,2024-12-31,2025-11-18 17:36:53.549194 UTC
RI,2024-08-01,44.939998626708984,38822,275,EXCLUDE,2024-01-01,2024-12-31,2025-11-18 17:36:53.549194 UTC
XX,2024-08-01,23.190000534057617,1223,38,EXCLUDE,2024-01-01,2024-12-31,2025-11-18 17:36:53.549194 UTC
CA,2024-09-01,21.940000534057617,18300904,40957,SINGLE_MONTH,2024-01-01,2024-12-31,2025-11-18 17:36:53.549194 UTC
NY,2024-09-01,18.760000228881836,7806935,17079,SINGLE_MONTH,2024-01-01,2024-12-31,2025-11-18 17:36:53.549194 UTC
TX,2024-09-01,17.450000762939453,6605597,32004,SINGLE_MONTH,2024-01-01,2024-12-31,2025-11-18 17:36:53.549194 UTC
TN,2024-09-01,26.290000915527344,5989450,24313,SINGLE_MONTH,2024-01-01,2024-12-31,2025-11-18 17:36:53.549194 UTC
FL,2024-09-01,38.900001525878906,5078342,22422,SINGLE_MONTH,2024-01-01,2024-12-31,2025-11-18 17:36:53.549194 UTC
NC,2024-09-01,33.610000610351562,3286459,25165,SINGLE_MONTH,2024-01-01,2024-12-31,2025-11-18 17:36:53.549194 UTC
PA,2024-09-01,20.020000457763672,2132917,7439,SINGLE_MONTH,2024-01-01,2024-12-31,2025-11-18 17:36:53.549194 UTC
GA,2024-09-01,18.340000152587891,2012294,6675,SINGLE_MONTH,2024-01-01,2024-12-31,2025-11-18 17:36:53.549194 UTC
MO,2024-09-01,32.380001068115234,1408142,5970,SINGLE_MONTH,2024-01-01,2024-12-31,2025-11-18 17:36:53.549194 UTC
VA,2024-09-01,23.3700008392334,1216066,4390,SINGLE_MONTH,2024-01-01,2024-12-31,2025-11-18 17:36:53.549194 UTC
CO,2024-09-01,29.010000228881836,1111557,6741,SINGLE_MONTH,2024-01-01,2024-12-31,2025-11-18 17:36:53.549194 UTC
IL,2024-09-01,26.239999771118164,1049263,5562,SINGLE_MONTH,2024-01-01,2024-12-31,2025-11-18 17:36:53.549194 UTC
OH,2024-09-01,16.690000534057617,1018432,7961,SINGLE_MONTH,2024-01-01,2024-12-31,2025-11-18 17:36:53.549194 UTC
WI,2024-09-01,25.809999465942383,1013758,5610,SINGLE_MONTH,2024-01-01,2024-12-31,2025-11-18 17:36:53.549194 UTC
DE,2024-09-01,38.360000610351562,939532,4475,SINGLE_MONTH,2024-01-01,2024-12-31,2025-11-18 17:36:53.549194 UTC
NV,2024-09-01,31.0,933524,5594,SINGLE_MONTH,2024-01-01,2024-12-31,2025-11-18 17:36:53.549194 UTC
IN,2024-09-01,29.770000457763672,928749,7103,SINGLE_MONTH,2024-01-01,2024-12-31,2025-11-18 17:36:53.549194 UTC
MN,2024-09-01,27.280000686645508,893113,4816,SINGLE_MONTH,2024-01-01,2024-12-31,2025-11-18 17:36:53.549194 UTC
NJ,2024-09-01,17.739999771118164,831475,2485,SINGLE_MONTH,2024-01-01,2024-12-31,2025-11-18 17:36:53.549194 UTC
KY,2024-09-01,25.399999618530273,820213,4419,SINGLE_MONTH,2024-01-01,2024-12-31,2025-11-18 17:36:53.549194 UTC
NH,2024-09-01,7.630000114440918,747990,4261,SINGLE_MONTH,2024-01-01,2024-12-31,2025-11-18 17:36:53.549194 UTC
SC,2024-09-01,35.069999694824219,743156,3267,SINGLE_MONTH,2024-01-01,2024-12-31,2025-11-18 17:36:53.549194 UTC
AZ,2024-09-01,25.680000305175781,730751,4151,SINGLE_MONTH,2024-01-01,2024-12-31,2025-11-18 17:36:53.549194 UTC
AK,2024-09-01,28.940000534057617,719152,2781,SINGLE_MONTH,2024-01-01,2024-12-31,2025-11-18 17:36:53.549194 UTC
OR,2024-09-01,36.529998779296875,699945,3698,SINGLE_MONTH,2024-01-01,2024-12-31,2025-11-18 17:36:53.549194 UTC
WA,2024-09-01,39.639999389648438,639323,3109,SINGLE_MONTH,2024-01-01,2024-12-31,2025-11-18 17:36:53.549194 UTC
MA,2024-09-01,29.780000686645508,593437,4149,SINGLE_MONTH,2024-01-01,2024-12-31,2025-11-18 17:36:53.549194 UTC
MI,2024-09-01,24.649999618530273,540152,3423,SINGLE_MONTH,2024-01-01,2024-12-31,2025-11-18 17:36:53.549194 UTC
OK,2024-09-01,24.479999542236328,497450,2806,SINGLE_MONTH,2024-01-01,2024-12-31,2025-11-18 17:36:53.549194 UTC
NM,2024-09-01,27.319999694824219,474698,2395,SINGLE_MONTH,2024-01-01,2024-12-31,2025-11-18 17:36:53.549194 UTC
UT,2024-09-01,27.920000076293945,428021,3020,SINGLE_MONTH,2024-01-01,2024-12-31,2025-11-18 17:36:53.549194 UTC
MD,2024-09-01,25.479999542236328,406284,2550,SINGLE_MONTH,2024-01-01,2024-12-31,2025-11-18 17:36:53.549194 UTC
WV,2024-09-01,16.440000534057617,404531,2003,SINGLE_MONTH,2024-01-01,2024-12-31,2025-11-18 17:36:53.549194 UTC
AL,2024-09-01,29.239999771118164,404377,2687,SINGLE_MONTH,2024-01-01,2024-12-31,2025-11-18 17:36:53.549194 UTC
LA,2024-09-01,23.729999542236328,402961,2052,SINGLE_MONTH,2024-01-01,2024-12-31,2025-11-18 17:36:53.549194 UTC
MS,2024-09-01,22.159999847412109,397451,1576,ROLLING_3MO,2024-01-01,2024-12-31,2025-11-18 17:36:53.549194 UTC
HI,2024-09-01,29.840000152587891,390445,1584,ROLLING_3MO,2024-01-01,2024-12-31,2025-11-18 17:36:53.549194 UTC
ID,2024-09-01,27.690000534057617,379015,2496,SINGLE_MONTH,2024-01-01,2024-12-31,2025-11-18 17:36:53.549194 UTC
KS,2024-09-01,22.979999542236328,362228,2170,SINGLE_MONTH,2024-01-01,2024-12-31,2025-11-18 17:36:53.549194 UTC
WY,2024-09-01,19.819999694824219,320261,932,ROLLING_3MO,2024-01-01,2024-12-31,2025-11-18 17:36:53.549194 UTC
AR,2024-09-01,24.639999389648438,293288,1475,ROLLING_3MO,2024-01-01,2024-12-31,2025-11-18 17:36:53.549194 UTC
IA,2024-09-01,18.420000076293945,261323,1252,ROLLING_3MO,2024-01-01,2024-12-31,2025-11-18 17:36:53.549194 UTC
NE,2024-09-01,23.930000305175781,256107,1699,ROLLING_3MO,2024-01-01,2024-12-31,2025-11-18 17:36:53.549194 UTC
SD,2024-09-01,26.989999771118164,246877,1412,ROLLING_3MO,2024-01-01,2024-12-31,2025-11-18 17:36:53.549194 UTC
DC,2024-09-01,27.979999542236328,134466,654,ROLLING_3MO,2024-01-01,2024-12-31,2025-11-18 17:36:53.549194 UTC
CT,2024-09-01,31.219999313354492,117373,673,ROLLING_3MO,2024-01-01,2024-12-31,2025-11-18 17:36:53.549194 UTC
MT,2024-09-01,23.809999465942383,102138,647,ROLLING_3MO,2024-01-01,2024-12-31,2025-11-18 17:36:53.549194 UTC
ND,2024-09-01,24.610000610351562,81524,423,EXCLUDE,2024-01-01,2024-12-31,2025-11-18 17:36:53.549194 UTC
VT,2024-09-01,23.430000305175781,53100,354,EXCLUDE,2024-01-01,2024-12-31,2025-11-18 17:36:53.549194 UTC
ME,2024-09-01,30.559999465942383,47435,445,EXCLUDE,2024-01-01,2024-12-31,2025-11-18 17:36:53.549194 UTC
RI,2024-09-01,43.590000152587891,34775,224,EXCLUDE,2024-01-01,2024-12-31,2025-11-18 17:36:53.549194 UTC
XX,2024-09-01,15.420000076293945,2260,35,EXCLUDE,2024-01-01,2024-12-31,2025-11-18 17:36:53.549194 UTC
CA,2024-10-01,21.229999542236328,17477586,39393,SINGLE_MONTH,2024-01-01,2024-12-31,2025-11-18 17:36:53.549194 UTC
NY,2024-10-01,17.600000381469727,7473516,15999,SINGLE_MONTH,2024-01-01,2024-12-31,2025-11-18 17:36:53.549194 UTC
TN,2024-10-01,26.200000762939453,5933239,23069,SINGLE_MONTH,2024-01-01,2024-12-31,2025-11-18 17:36:53.549194 UTC
TX,2024-10-01,21.940000534057617,5526026,31402,SINGLE_MONTH,2024-01-01,2024-12-31,2025-11-18 17:36:53.549194 UTC
FL,2024-10-01,39.360000610351562,4845429,19302,SINGLE_MONTH,2024-01-01,2024-12-31,2025-11-18 17:36:53.549194 UTC
GA,2024-10-01,19.459999084472656,2225842,9186,SINGLE_MONTH,2024-01-01,2024-12-31,2025-11-18 17:36:53.549194 UTC
PA,2024-10-01,20.309999465942383,2157200,7362,SINGLE_MONTH,2024-01-01,2024-12-31,2025-11-18 17:36:53.549194 UTC
NC,2024-10-01,41.669998168945312,2121701,13580,SINGLE_MONTH,2024-01-01,2024-12-31,2025-11-18 17:36:53.549194 UTC
MO,2024-10-01,37.020000457763672,1721817,7197,SINGLE_MONTH,2024-01-01,2024-12-31,2025-11-18 17:36:53.549194 UTC
VA,2024-10-01,22.670000076293945,1313163,4920,SINGLE_MONTH,2024-01-01,2024-12-31,2025-11-18 17:36:53.549194 UTC
IL,2024-10-01,24.989999771118164,1207103,6257,SINGLE_MONTH,2024-01-01,2024-12-31,2025-11-18 17:36:53.549194 UTC
OH,2024-10-01,16.170000076293945,1043837,8044,SINGLE_MONTH,2024-01-01,2024-12-31,2025-11-18 17:36:53.549194 UTC
DE,2024-10-01,31.1299991607666,1037449,4459,SINGLE_MONTH,2024-01-01,2024-12-31,2025-11-18 17:36:53.549194 UTC
NV,2024-10-01,35.5,1026963,5895,SINGLE_MONTH,2024-01-01,2024-12-31,2025-11-18 17:36:53.549194 UTC
WI,2024-10-01,24.520000457763672,949370,5291,SINGLE_MONTH,2024-01-01,2024-12-31,2025-11-18 17:36:53.549194 UTC
NJ,2024-10-01,17.989999771118164,888384,2415,SINGLE_MONTH,2024-01-01,2024-12-31,2025-11-18 17:36:53.549194 UTC
CO,2024-10-01,28.229999542236328,878755,5672,SINGLE_MONTH,2024-01-01,2024-12-31,2025-11-18 17:36:53.549194 UTC
NH,2024-10-01,7.6500000953674316,821929,4636,SINGLE_MONTH,2024-01-01,2024-12-31,2025-11-18 17:36:53.549194 UTC
AZ,2024-10-01,26.3700008392334,782163,4606,SINGLE_MONTH,2024-01-01,2024-12-31,2025-11-18 17:36:53.549194 UTC
KY,2024-10-01,27.969999313354492,756277,4414,SINGLE_MONTH,2024-01-01,2024-12-31,2025-11-18 17:36:53.549194 UTC
IN,2024-10-01,24.649999618530273,729283,4429,SINGLE_MONTH,2024-01-01,2024-12-31,2025-11-18 17:36:53.549194 UTC
AK,2024-10-01,38.279998779296875,698195,2150,SINGLE_MONTH,2024-01-01,2024-12-31,2025-11-18 17:36:53.549194 UTC
MN,2024-10-01,28.190000534057617,670171,3525,SINGLE_MONTH,2024-01-01,2024-12-31,2025-11-18 17:36:53.549194 UTC
OK,2024-10-01,36.150001525878906,661336,3527,SINGLE_MONTH,2024-01-01,2024-12-31,2025-11-18 17:36:53.549194 UTC
SC,2024-10-01,40.150001525878906,586575,3135,SINGLE_MONTH,2024-01-01,2024-12-31,2025-11-18 17:36:53.549194 UTC
MA,2024-10-01,26.790000915527344,585815,3588,SINGLE_MONTH,2024-01-01,2024-12-31,2025-11-18 17:36:53.549194 UTC
WA,2024-10-01,38.2599983215332,485666,2551,SINGLE_MONTH,2024-01-01,2024-12-31,2025-11-18 17:36:53.549194 UTC
MI,2024-10-01,23.809999465942383,475594,2829,SINGLE_MONTH,2024-01-01,2024-12-31,2025-11-18 17:36:53.549194 UTC
NM,2024-10-01,27.409999847412109,445544,2567,SINGLE_MONTH,2024-01-01,2024-12-31,2025-11-18 17:36:53.549194 UTC
AL,2024-10-01,25.540000915527344,435343,2421,SINGLE_MONTH,2024-01-01,2024-12-31,2025-11-18 17:36:53.549194 UTC
UT,2024-10-01,30.520000457763672,422193,2824,SINGLE_MONTH,2024-01-01,2024-12-31,2025-11-18 17:36:53.549194 UTC
HI,2024-10-01,30.969999313354492,404796,1666,ROLLING_3MO,2024-01-01,2024-12-31,2025-11-18 17:36:53.549194 UTC
LA,2024-10-01,24.649999618530273,401242,2428,SINGLE_MONTH,2024-01-01,2024-12-31,2025-11-18 17:36:53.549194 UTC
MS,2024-10-01,21.110000610351562,379583,1807,ROLLING_3MO,2024-01-01,2024-12-31,2025-11-18 17:36:53.549194 UTC
OR,2024-10-01,25.430000305175781,364005,2228,SINGLE_MONTH,2024-01-01,2024-12-31,2025-11-18 17:36:53.549194 UTC
KS,2024-10-01,21.229999542236328,359989,2195,SINGLE_MONTH,2024-01-01,2024-12-31,2025-11-18 17:36:53.549194 UTC
WV,2024-10-01,16.889999389648438,355567,1793,ROLLING_3MO,2024-01-01,2024-12-31,2025-11-18 17:36:53.549194 UTC
ID,2024-10-01,29.649999618530273,326977,1435,ROLLING_3MO,2024-01-01,2024-12-31,2025-11-18 17:36:53.549194 UTC
WY,2024-10-01,19.170000076293945,297905,744,ROLLING_3MO,2024-01-01,2024-12-31,2025-11-18 17:36:53.549194 UTC
NE,2024-10-01,20.6299991607666,293971,2018,SINGLE_MONTH,2024-01-01,2024-12-31,2025-11-18 17:36:53.549194 UTC
AR,2024-10-01,24.610000610351562,280824,1550,ROLLING_3MO,2024-01-01,2024-12-31,2025-11-18 17:36:53.549194 UTC
IA,2024-10-01,19.010000228881836,267924,1353,ROLLING_3MO,2024-01-01,2024-12-31,2025-11-18 17:36:53.549194 UTC
MD,2024-10-01,24.399999618530273,227420,1530,ROLLING_3MO,2024-01-01,2024-12-31,2025-11-18 17:36:53.549194 UTC
SD,2024-10-01,23.010000228881836,189996,1112,ROLLING_3MO,2024-01-01,2024-12-31,2025-11-18 17:36:53.549194 UTC
DC,2024-10-01,29.450000762939453,140585,689,ROLLING_3MO,2024-01-01,2024-12-31,2025-11-18 17:36:53.549194 UTC
CT,2024-10-01,30.610000610351562,124838,695,ROLLING_3MO,2024-01-01,2024-12-31,2025-11-18 17:36:53.549194 UTC
ND,2024-10-01,18.709999084472656,84239,427,EXCLUDE,2024-01-01,2024-12-31,2025-11-18 17:36:53.549194 UTC
MT,2024-10-01,26.770000457763672,66349,494,EXCLUDE,2024-01-01,2024-12-31,2025-11-18 17:36:53.549194 UTC
VT,2024-10-01,22.270000457763672,63713,380,EXCLUDE,2024-01-01,2024-12-31,2025-11-18 17:36:53.549194 UTC
ME,2024-10-01,29.200000762939453,33842,328,EXCLUDE,2024-01-01,2024-12-31,2025-11-18 17:36:53.549194 UTC
RI,2024-10-01,32.439998626708984,31827,174,EXCLUDE,2024-01-01,2024-12-31,2025-11-18 17:36:53.549194 UTC
XX,2024-10-01,13.130000114440918,1551,30,EXCLUDE,2024-01-01,2024-12-31,2025-11-18 17:36:53.549194 UTC
CA,2024-11-01,20.739999771118164,15259732,31092,SINGLE_MONTH,2024-01-01,2024-12-31,2025-11-18 17:36:53.549194 UTC
TN,2024-11-01,30.420000076293945,7066658,28761,SINGLE_MONTH,2024-01-01,2024-12-31,2025-11-18 17:36:53.549194 UTC
NY,2024-11-01,16.700000762939453,6742782,14325,SINGLE_MONTH,2024-01-01,2024-12-31,2025-11-18 17:36:53.549194 UTC
TX,2024-11-01,23.350000381469727,5368785,29861,SINGLE_MONTH,2024-01-01,2024-12-31,2025-11-18 17:36:53.549194 UTC
FL,2024-11-01,37.75,4412345,15852,SINGLE_MONTH,2024-01-01,2024-12-31,2025-11-18 17:36:53.549194 UTC
GA,2024-11-01,19.639999389648438,3855233,12788,SINGLE_MONTH,2024-01-01,2024-12-31,2025-11-18 17:36:53.549194 UTC
PA,2024-11-01,20.010000228881836,1900052,5608,SINGLE_MONTH,2024-01-01,2024-12-31,2025-11-18 17:36:53.549194 UTC
NC,2024-11-01,43.119998931884766,1696361,9581,SINGLE_MONTH,2024-01-01,2024-12-31,2025-11-18 17:36:53.549194 UTC
MO,2024-11-01,35.060001373291016,1607671,6256,SINGLE_MONTH,2024-01-01,2024-12-31,2025-11-18 17:36:53.549194 UTC
VA,2024-11-01,23.579999923706055,1071078,3765,SINGLE_MONTH,2024-01-01,2024-12-31,2025-11-18 17:36:53.549194 UTC
IL,2024-11-01,21.430000305175781,967521,4366,SINGLE_MONTH,2024-01-01,2024-12-31,2025-11-18 17:36:53.549194 UTC
WI,2024-11-01,24.219999313354492,952144,4539,SINGLE_MONTH,2024-01-01,2024-12-31,2025-11-18 17:36:53.549194 UTC
NV,2024-11-01,33.810001373291016,908705,5627,SINGLE_MONTH,2024-01-01,2024-12-31,2025-11-18 17:36:53.549194 UTC
NJ,2024-11-01,16.280000686645508,887424,1863,ROLLING_3MO,2024-01-01,2024-12-31,2025-11-18 17:36:53.549194 UTC
DE,2024-11-01,22.950000762939453,819490,3690,SINGLE_MONTH,2024-01-01,2024-12-31,2025-11-18 17:36:53.549194 UTC
AZ,2024-11-01,27.6299991607666,786500,4575,SINGLE_MONTH,2024-01-01,2024-12-31,2025-11-18 17:36:53.549194 UTC
CO,2024-11-01,27.200000762939453,785100,4686,SINGLE_MONTH,2024-01-01,2024-12-31,2025-11-18 17:36:53.549194 UTC
NH,2024-11-01,7.369999885559082,635344,3723,SINGLE_MONTH,2024-01-01,2024-12-31,2025-11-18 17:36:53.549194 UTC
OH,2024-11-01,19.829999923706055,622827,5166,SINGLE_MONTH,2024-01-01,2024-12-31,2025-11-18 17:36:53.549194 UTC
AK,2024-11-01,34.799999237060547,600469,1938,ROLLING_3MO,2024-01-01,2024-12-31,2025-11-18 17:36:53.549194 UTC
KY,2024-11-01,27.430000305175781,561727,3054,SINGLE_MONTH,2024-01-01,2024-12-31,2025-11-18 17:36:53.549194 UTC
MN,2024-11-01,25.700000762939453,512749,2498,SINGLE_MONTH,2024-01-01,2024-12-31,2025-11-18 17:36:53.549194 UTC
OK,2024-11-01,24.8799991607666,484251,2379,SINGLE_MONTH,2024-01-01,2024-12-31,2025-11-18 17:36:53.549194 UTC
MI,2024-11-01,26.1299991607666,474582,2431,SINGLE_MONTH,2024-01-01,2024-12-31,2025-11-18 17:36:53.549194 UTC
WA,2024-11-01,33.630001068115234,468111,2424,SINGLE_MONTH,2024-01-01,2024-12-31,2025-11-18 17:36:53.549194 UTC
MS,2024-11-01,20.719999313354492,465443,1668,ROLLING_3MO,2024-01-01,2024-12-31,2025-11-18 17:36:53.549194 UTC
UT,2024-11-01,26.510000228881836,449830,2719,SINGLE_MONTH,2024-01-01,2024-12-31,2025-11-18 17:36:53.549194 UTC
AL,2024-11-01,36.130001068115234,441090,3006,SINGLE_MONTH,2024-01-01,2024-12-31,2025-11-18 17:36:53.549194 UTC
KS,2024-11-01,24.010000228881836,430312,1954,ROLLING_3MO,2024-01-01,2024-12-31,2025-11-18 17:36:53.549194 UTC
NM,2024-11-01,28.430000305175781,424985,1822,ROLLING_3MO,2024-01-01,2024-12-31,2025-11-18 17:36:53.549194 UTC
SC,2024-11-01,38.639999389648438,409108,2020,SINGLE_MONTH,2024-01-01,2024-12-31,2025-11-18 17:36:53.549194 UTC
HI,2024-11-01,30.010000228881836,379383,1584,ROLLING_3MO,2024-01-01,2024-12-31,2025-11-18 17:36:53.549194 UTC
IA,2024-11-01,18.510000228881836,372895,1765,ROLLING_3MO,2024-01-01,2024-12-31,2025-11-18 17:36:53.549194 UTC
MA,2024-11-01,25.040000915527344,364502,2473,SINGLE_MONTH,2024-01-01,2024-12-31,2025-11-18 17:36:53.549194 UTC
LA,2024-11-01,24.3700008392334,341999,1776,ROLLING_3MO,2024-01-01,2024-12-31,2025-11-18 17:36:53.549194 UTC
WV,2024-11-01,15.270000457763672,325941,1446,ROLLING_3MO,2024-01-01,2024-12-31,2025-11-18 17:36:53.549194 UTC
IN,2024-11-01,26.270000457763672,286227,1899,ROLLING_3MO,2024-01-01,2024-12-31,2025-11-18 17:36:53.549194 UTC
NE,2024-11-01,22.049999237060547,239063,1384,ROLLING_3MO,2024-01-01,2024-12-31,2025-11-18 17:36:53.549194 UTC
WY,2024-11-01,20.110000610351562,237811,637,ROLLING_3MO,2024-01-01,2024-12-31,2025-11-18 17:36:53.549194 UTC
AR,2024-11-01,24.739999771118164,222273,1072,ROLLING_3MO,2024-01-01,2024-12-31,2025-11-18 17:36:53.549194 UTC
ID,2024-11-01,30.829999923706055,221079,991,ROLLING_3MO,2024-01-01,2024-12-31,2025-11-18 17:36:53.549194 UTC
OR,2024-11-01,22.930000305175781,209082,1412,ROLLING_3MO,2024-01-01,2024-12-31,2025-11-18 17:36:53.549194 UTC
SD,2024-11-01,22.860000610351562,189656,867,ROLLING_3MO,2024-01-01,2024-12-31,2025-11-18 17:36:53.549194 UTC
MD,2024-11-01,28.110000610351562,176085,1100,ROLLING_3MO,2024-01-01,2024-12-31,2025-11-18 17:36:53.549194 UTC
CT,2024-11-01,32.049999237060547,123930,647,ROLLING_3MO,2024-01-01,2024-12-31,2025-11-18 17:36:53.549194 UTC
DC,2024-11-01,25.530000686645508,123849,697,ROLLING_3MO,2024-01-01,2024-12-31,2025-11-18 17:36:53.549194 UTC
ND,2024-11-01,19.280000686645508,80111,394,EXCLUDE,2024-01-01,2024-12-31,2025-11-18 17:36:53.549194 UTC
MT,2024-11-01,26.0,62575,385,EXCLUDE,2024-01-01,2024-12-31,2025-11-18 17:36:53.549194 UTC
ME,2024-11-01,35.529998779296875,36752,240,EXCLUDE,2024-01-01,2024-12-31,2025-11-18 17:36:53.549194 UTC
VT,2024-11-01,23.090000152587891,32330,202,EXCLUDE,2024-01-01,2024-12-31,2025-11-18 17:36:53.549194 UTC
RI,2024-11-01,27.360000610351562,28105,139,EXCLUDE,2024-01-01,2024-12-31,2025-11-18 17:36:53.549194 UTC
XX,2024-11-01,39.979999542236328,1725,61,EXCLUDE,2024-01-01,2024-12-31,2025-11-18 17:36:53.549194 UTC
CA,2024-12-01,21.280000686645508,14899505,30690,SINGLE_MONTH,2024-01-01,2024-12-31,2025-11-18 17:36:53.549194 UTC
NY,2024-12-01,17.139999389648438,6642967,14289,SINGLE_MONTH,2024-01-01,2024-12-31,2025-11-18 17:36:53.549194 UTC
TN,2024-12-01,30.139999389648438,6313681,27003,SINGLE_MONTH,2024-01-01,2024-12-31,2025-11-18 17:36:53.549194 UTC
TX,2024-12-01,22.950000762939453,4984017,28336,SINGLE_MONTH,2024-01-01,2024-12-31,2025-11-18 17:36:53.549194 UTC
FL,2024-12-01,37.279998779296875,4339006,15901,SINGLE_MONTH,2024-01-01,2024-12-31,2025-11-18 17:36:53.549194 UTC
GA,2024-12-01,19.610000610351562,3616249,10477,SINGLE_MONTH,2024-01-01,2024-12-31,2025-11-18 17:36:53.549194 UTC
PA,2024-12-01,20.329999923706055,1769576,5137,SINGLE_MONTH,2024-01-01,2024-12-31,2025-11-18 17:36:53.549194 UTC
NC,2024-12-01,45.5,1494571,8732,SINGLE_MONTH,2024-01-01,2024-12-31,2025-11-18 17:36:53.549194 UTC
MO,2024-12-01,33.75,1488677,6015,SINGLE_MONTH,2024-01-01,2024-12-31,2025-11-18 17:36:53.549194 UTC
VA,2024-12-01,23.920000076293945,1004799,3677,SINGLE_MONTH,2024-01-01,2024-12-31,2025-11-18 17:36:53.549194 UTC
CO,2024-12-01,29.549999237060547,978388,5587,SINGLE_MONTH,2024-01-01,2024-12-31,2025-11-18 17:36:53.549194 UTC
WI,2024-12-01,25.420000076293945,928778,4508,SINGLE_MONTH,2024-01-01,2024-12-31,2025-11-18 17:36:53.549194 UTC
NV,2024-12-01,31.8700008392334,906567,6009,SINGLE_MONTH,2024-01-01,2024-12-31,2025-11-18 17:36:53.549194 UTC
NJ,2024-12-01,16.770000457763672,834171,1611,ROLLING_3MO,2024-01-01,2024-12-31,2025-11-18 17:36:53.549194 UTC
IL,2024-12-01,21.190000534057617,817359,3834,SINGLE_MONTH,2024-01-01,2024-12-31,2025-11-18 17:36:53.549194 UTC
AZ,2024-12-01,28.8799991607666,739977,4493,SINGLE_MONTH,2024-01-01,2024-12-31,2025-11-18 17:36:53.549194 UTC
NH,2024-12-01,7.630000114440918,723052,4433,SINGLE_MONTH,2024-01-01,2024-12-31,2025-11-18 17:36:53.549194 UTC
AK,2024-12-01,42.7599983215332,712262,2601,SINGLE_MONTH,2024-01-01,2024-12-31,2025-11-18 17:36:53.549194 UTC
DE,2024-12-01,37.520000457763672,605972,3423,SINGLE_MONTH,2024-01-01,2024-12-31,2025-11-18 17:36:53.549194 UTC
MN,2024-12-01,27.030000686645508,518742,2385,SINGLE_MONTH,2024-01-01,2024-12-31,2025-11-18 17:36:53.549194 UTC
NM,2024-12-01,33.520000457763672,513901,2200,SINGLE_MONTH,2024-01-01,2024-12-31,2025-11-18 17:36:53.549194 UTC
KY,2024-12-01,28.540000915527344,496300,2553,SINGLE_MONTH,2024-01-01,2024-12-31,2025-11-18 17:36:53.549194 UTC
WA,2024-12-01,33.610000610351562,481702,3402,SINGLE_MONTH,2024-01-01,2024-12-31,2025-11-18 17:36:53.549194 UTC
OH,2024-12-01,18.670000076293945,471811,3650,SINGLE_MONTH,2024-01-01,2024-12-31,2025-11-18 17:36:53.549194 UTC
UT,2024-12-01,28.149999618530273,470965,3122,SINGLE_MONTH,2024-01-01,2024-12-31,2025-11-18 17:36:53.549194 UTC
OK,2024-12-01,23.780000686645508,445980,2190,SINGLE_MONTH,2024-01-01,2024-12-31,2025-11-18 17:36:53.549194 UTC
MI,2024-12-01,27.059999465942383,422509,2444,SINGLE_MONTH,2024-01-01,2024-12-31,2025-11-18 17:36:53.549194 UTC
KS,2024-12-01,23.590000152587891,383026,1751,ROLLING_3MO,2024-01-01,2024-12-31,2025-11-18 17:36:53.549194 UTC
HI,2024-12-01,30.930000305175781,369736,1623,ROLLING_3MO,2024-01-01,2024-12-31,2025-11-18 17:36:53.549194 UTC
MS,2024-12-01,21.299999237060547,355975,1283,ROLLING_3MO,2024-01-01,2024-12-31,2025-11-18 17:36:53.549194 UTC
WY,2024-12-01,20.700000762939453,343475,696,ROLLING_3MO,2024-01-01,2024-12-31,2025-11-18 17:36:53.549194 UTC
AL,2024-12-01,32.840000152587891,319588,2420,SINGLE_MONTH,2024-01-01,2024-12-31,2025-11-18 17:36:53.549194 UTC
MA,2024-12-01,26.909999847412109,314602,1860,ROLLING_3MO,2024-01-01,2024-12-31,2025-11-18 17:36:53.549194 UTC
IN,2024-12-01,29.059999465942383,284038,1913,ROLLING_3MO,2024-01-01,2024-12-31,2025-11-18 17:36:53.549194 UTC
SC,2024-12-01,31.1299991607666,276402,1423,ROLLING_3MO,2024-01-01,2024-12-31,2025-11-18 17:36:53.549194 UTC
LA,2024-12-01,24.780000686645508,266835,1610,ROLLING_3MO,2024-01-01,2024-12-31,2025-11-18 17:36:53.549194 UTC
WV,2024-12-01,16.530000686645508,238037,1254,ROLLING_3MO,2024-01-01,2024-12-31,2025-11-18 17:36:53.549194 UTC
ID,2024-12-01,42.060001373291016,236228,1145,ROLLING_3MO,2024-01-01,2024-12-31,2025-11-18 17:36:53.549194 UTC
IA,2024-12-01,20.989999771118164,227882,1118,ROLLING_3MO,2024-01-01,2024-12-31,2025-11-18 17:36:53.549194 UTC
OR,2024-12-01,25.229999542236328,197465,1375,ROLLING_3MO,2024-01-01,2024-12-31,2025-11-18 17:36:53.549194 UTC
AR,2024-12-01,24.6200008392334,195785,836,ROLLING_3MO,2024-01-01,2024-12-31,2025-11-18 17:36:53.549194 UTC
NE,2024-12-01,26.420000076293945,188357,1060,ROLLING_3MO,2024-01-01,2024-12-31,2025-11-18 17:36:53.549194 UTC
SD,2024-12-01,22.469999313354492,175911,765,ROLLING_3MO,2024-01-01,2024-12-31,2025-11-18 17:36:53.549194 UTC
MD,2024-12-01,27.889999389648438,148959,1016,ROLLING_3MO,2024-01-01,2024-12-31,2025-11-18 17:36:53.549194 UTC
CT,2024-12-01,32.889999389648438,126840,593,EXCLUDE,2024-01-01,2024-12-31,2025-11-18 17:36:53.549194 UTC
MT,2024-12-01,35.540000915527344,103693,552,EXCLUDE,2024-01-01,2024-12-31,2025-11-18 17:36:53.549194 UTC
DC,2024-12-01,26.719999313354492,91831,565,EXCLUDE,2024-01-01,2024-12-31,2025-11-18 17:36:53.549194 UTC
VT,2024-12-01,30.920000076293945,83516,452,EXCLUDE,2024-01-01,2024-12-31,2025-11-18 17:36:53.549194 UTC
ND,2024-12-01,21.8700008392334,83366,414,EXCLUDE,2024-01-01,2024-12-31,2025-11-18 17:36:53.549194 UTC
ME,2024-12-01,89.4000015258789,56657,377,EXCLUDE,2024-01-01,2024-12-31,2025-11-18 17:36:53.549194 UTC
RI,2024-12-01,29.780000686645508,23102,133,EXCLUDE,2024-01-01,2024-12-31,2025-11-18 17:36:53.549194 UTC
XX,2024-12-01,20.360000610351562,1178,45,EXCLUDE,2024-01-01,2024-12-31,2025-11-18 17:36:53.549194 UTC