census_region_division,month_date,accommodation_cost,transaction_count,unique_visitors,min_cost,max_cost,q25,q75,data_quality_flag,period_start,period_end,calculation_timestamp
East North Central,2025-01-01,180.82000732421875,21246,12765,59.959999084472656,1041.6700439453125,117.08999633789062,301.79998779296875,SINGLE_MONTH,2025-01-01,2025-10-31,2025-12-02 22:51:24.557749 UTC
East South Central,2025-01-01,167.25999450683594,14968,8794,57.529998779296875,1187.18994140625,106.56999969482422,288.60000610351562,SINGLE_MONTH,2025-01-01,2025-10-31,2025-12-02 22:51:24.557749 UTC
Middle Atlantic,2025-01-01,196.50999450683594,10347,6377,59.659999847412109,1473.52001953125,124.08000183105469,354.14999389648438,SINGLE_MONTH,2025-01-01,2025-10-31,2025-12-02 22:51:24.557749 UTC
Mountain,2025-01-01,186.5,34855,20101,59.580001831054688,1534.550048828125,112.72000122070312,348.1199951171875,SINGLE_MONTH,2025-01-01,2025-10-31,2025-12-02 22:51:24.557749 UTC
New England,2025-01-01,208.88999938964844,3615,2443,62.220001220703125,1282.9200439453125,121.56999969482422,370.04998779296875,SINGLE_MONTH,2025-01-01,2025-10-31,2025-12-02 22:51:24.557749 UTC
Pacific,2025-01-01,205.16999816894531,29146,16266,60.75,1987.239990234375,119.19000244140625,388.14999389648438,SINGLE_MONTH,2025-01-01,2025-10-31,2025-12-02 22:51:24.557749 UTC
South Atlantic,2025-01-01,201.19000244140625,42876,24027,59.680000305175781,2625.489990234375,118.5,395.6199951171875,SINGLE_MONTH,2025-01-01,2025-10-31,2025-12-02 22:51:24.557749 UTC
West North Central,2025-01-01,166.8699951171875,18974,11086,60.439998626708984,954.6400146484375,113.68000030517578,276.57000732421875,SINGLE_MONTH,2025-01-01,2025-10-31,2025-12-02 22:51:24.557749 UTC
West South Central,2025-01-01,168.80999755859375,28630,15659,55.639999389648438,1177.9000244140625,107.76000213623047,306.07000732421875,SINGLE_MONTH,2025-01-01,2025-10-31,2025-12-02 22:51:24.557749 UTC
East North Central,2025-02-01,186.94000244140625,21712,13293,59.069999694824219,1035.22998046875,122.29000091552734,309.8900146484375,SINGLE_MONTH,2025-01-01,2025-10-31,2025-12-02 22:51:24.557749 UTC
East South Central,2025-02-01,176.89999389648438,16780,10036,57.2400016784668,1168.3800048828125,110.0,304.57000732421875,SINGLE_MONTH,2025-01-01,2025-10-31,2025-12-02 22:51:24.557749 UTC
Middle Atlantic,2025-02-01,199.91999816894531,9764,6147,57.970001220703125,1424.3699951171875,124.59999847412109,347.39999389648438,SINGLE_MONTH,2025-01-01,2025-10-31,2025-12-02 22:51:24.557749 UTC
Mountain,2025-02-01,188.60000610351562,32694,19191,58.919998168945312,1673.530029296875,112.43000030517578,349.69000244140625,SINGLE_MONTH,2025-01-01,2025-10-31,2025-12-02 22:51:24.557749 UTC
New England,2025-02-01,227.44999694824219,3608,2408,60.049999237060547,1345.0699462890625,131.38999938964844,397.44000244140625,SINGLE_MONTH,2025-01-01,2025-10-31,2025-12-02 22:51:24.557749 UTC
Pacific,2025-02-01,222.47000122070312,27965,16201,62.080001831054688,2065.449951171875,125.48000335693359,426.41000366210938,SINGLE_MONTH,2025-01-01,2025-10-31,2025-12-02 22:51:24.557749 UTC
South Atlantic,2025-02-01,210.25,42896,24125,60.659999847412109,2603.949951171875,123.91999816894531,413.08999633789062,SINGLE_MONTH,2025-01-01,2025-10-31,2025-12-02 22:51:24.557749 UTC
West North Central,2025-02-01,176.05999755859375,19603,11674,59.680000305175781,1003.3599853515625,117.43000030517578,299.47000122070312,SINGLE_MONTH,2025-01-01,2025-10-31,2025-12-02 22:51:24.557749 UTC
West South Central,2025-02-01,178.39999389648438,28969,16081,56.049999237060547,1392.8699951171875,110.26000213623047,327.69000244140625,SINGLE_MONTH,2025-01-01,2025-10-31,2025-12-02 22:51:24.557749 UTC
East North Central,2025-03-01,193.22000122070312,27520,16729,58.380001068115234,1200.27001953125,122.41999816894531,329.85000610351562,SINGLE_MONTH,2025-01-01,2025-10-31,2025-12-02 22:51:24.557749 UTC
East South Central,2025-03-01,180.86000061035156,22740,13546,57.790000915527344,1381.1500244140625,111.66000366210938,316.48001098632812,SINGLE_MONTH,2025-01-01,2025-10-31,2025-12-02 22:51:24.557749 UTC
Middle Atlantic,2025-03-01,207.75999450683594,12216,7564,60.069999694824219,1485.77001953125,130.02000427246094,380.26998901367188,SINGLE_MONTH,2025-01-01,2025-10-31,2025-12-02 22:51:24.557749 UTC
Mountain,2025-03-01,192.49000549316406,39097,22675,60.159999847412109,1579.93994140625,116.62999725341797,351.42001342773438,SINGLE_MONTH,2025-01-01,2025-10-31,2025-12-02 22:51:24.557749 UTC
New England,2025-03-01,226.50999450683594,4273,2956,64.370002746582031,1685.260009765625,128.44000244140625,394.39999389648438,SINGLE_MONTH,2025-01-01,2025-10-31,2025-12-02 22:51:24.557749 UTC
Pacific,2025-03-01,216.86000061035156,32746,19011,61.520000457763672,2035.0699462890625,122.70999908447266,424.05999755859375,SINGLE_MONTH,2025-01-01,2025-10-31,2025-12-02 22:51:24.557749 UTC
South Atlantic,2025-03-01,211.97000122070312,53382,29363,60.330001831054688,2447.840087890625,124.62000274658203,409.72000122070312,SINGLE_MONTH,2025-01-01,2025-10-31,2025-12-02 22:51:24.557749 UTC
West North Central,2025-03-01,182.66999816894531,26126,15336,60.080001831054688,1025.0400390625,119.30000305175781,310.1300048828125,SINGLE_MONTH,2025-01-01,2025-10-31,2025-12-02 22:51:24.557749 UTC
West South Central,2025-03-01,179.69000244140625,36225,19825,56.090000152587891,1335.050048828125,113.30999755859375,318.26998901367188,SINGLE_MONTH,2025-01-01,2025-10-31,2025-12-02 22:51:24.557749 UTC
East North Central,2025-04-01,195.91999816894531,25994,15356,59.619998931884766,1258.0799560546875,123.80999755859375,343.6099853515625,SINGLE_MONTH,2025-01-01,2025-10-31,2025-12-02 22:51:24.557749 UTC
East South Central,2025-04-01,186.53999328613281,18607,10926,58.040000915527344,1314.800048828125,115.58000183105469,317.58999633789062,SINGLE_MONTH,2025-01-01,2025-10-31,2025-12-02 22:51:24.557749 UTC
Middle Atlantic,2025-04-01,211.36000061035156,11198,7030,62.049999237060547,1583.3599853515625,133.35000610351562,385.20001220703125,SINGLE_MONTH,2025-01-01,2025-10-31,2025-12-02 22:51:24.557749 UTC
Mountain,2025-04-01,194.71000671386719,36130,20769,60.430000305175781,1545.4100341796875,117.90000152587891,365.95001220703125,SINGLE_MONTH,2025-01-01,2025-10-31,2025-12-02 22:51:24.557749 UTC
New England,2025-04-01,224.33999633789062,4041,2796,61.319999694824219,1613.31005859375,131.52000427246094,387.94000244140625,SINGLE_MONTH,2025-01-01,2025-10-31,2025-12-02 22:51:24.557749 UTC
Pacific,2025-04-01,218.52000427246094,31181,17866,59.689998626708984,1968.31005859375,125.73000335693359,415.3800048828125,SINGLE_MONTH,2025-01-01,2025-10-31,2025-12-02 22:51:24.557749 UTC
South Atlantic,2025-04-01,209.17999267578125,46335,26011,60.799999237060547,2281.489990234375,126.47000122070312,404.10000610351562,SINGLE_MONTH,2025-01-01,2025-10-31,2025-12-02 22:51:24.557749 UTC
West North Central,2025-04-01,183.38999938964844,23516,13812,60.560001373291016,972.54998779296875,119.87999725341797,306.32998657226562,SINGLE_MONTH,2025-01-01,2025-10-31,2025-12-02 22:51:24.557749 UTC
West South Central,2025-04-01,181.92999267578125,29169,15918,56.970001220703125,1414.699951171875,113.51999664306641,339.67999267578125,SINGLE_MONTH,2025-01-01,2025-10-31,2025-12-02 22:51:24.557749 UTC
East North Central,2025-05-01,201.94999694824219,26565,16237,60.200000762939453,1240.0400390625,127.41999816894531,349.45001220703125,SINGLE_MONTH,2025-01-01,2025-10-31,2025-12-02 22:51:24.557749 UTC
East South Central,2025-05-01,186.77999877929688,19375,11714,58.819999694824219,1264.989990234375,116.20999908447266,318.64999389648438,SINGLE_MONTH,2025-01-01,2025-10-31,2025-12-02 22:51:24.557749 UTC
Middle Atlantic,2025-05-01,219.6199951171875,12620,7931,61.060001373291016,1757.5799560546875,137.49000549316406,397.60000610351562,SINGLE_MONTH,2025-01-01,2025-10-31,2025-12-02 22:51:24.557749 UTC
Mountain,2025-05-01,193.55999755859375,35581,20848,60.029998779296875,1504.6400146484375,117.91999816894531,349.5,SINGLE_MONTH,2025-01-01,2025-10-31,2025-12-02 22:51:24.557749 UTC
New England,2025-05-01,238.30999755859375,4379,3041,62.0099983215332,1746.199951171875,139.30000305175781,427.82000732421875,SINGLE_MONTH,2025-01-01,2025-10-31,2025-12-02 22:51:24.557749 UTC
Pacific,2025-05-01,230.8699951171875,30283,17813,61.159999847412109,2016.02001953125,133.03999328613281,431.41000366210938,SINGLE_MONTH,2025-01-01,2025-10-31,2025-12-02 22:51:24.557749 UTC
South Atlantic,2025-05-01,205.72000122070312,45216,26256,59.430000305175781,2355.969970703125,121.84999847412109,394.76998901367188,SINGLE_MONTH,2025-01-01,2025-10-31,2025-12-02 22:51:24.557749 UTC
West North Central,2025-05-01,185.64999389648438,24242,14545,62.799999237060547,1103.22998046875,122.19999694824219,312.20001220703125,SINGLE_MONTH,2025-01-01,2025-10-31,2025-12-02 22:51:24.557749 UTC
West South Central,2025-05-01,180.46000671386719,29860,16610,56.7599983215332,1256.3800048828125,113.73000335693359,315.29000854492188,SINGLE_MONTH,2025-01-01,2025-10-31,2025-12-02 22:51:24.557749 UTC
East North Central,2025-06-01,204.39999389648438,36149,21796,60.400001525878906,1305.0699462890625,127.01999664306641,361.260009765625,SINGLE_MONTH,2025-01-01,2025-10-31,2025-12-02 22:51:24.557749 UTC
East South Central,2025-06-01,185.77000427246094,26234,15643,59.110000610351562,1330.4599609375,115.65000152587891,332.29000854492188,SINGLE_MONTH,2025-01-01,2025-10-31,2025-12-02 22:51:24.557749 UTC
Middle Atlantic,2025-06-01,230.08999633789062,17114,10453,61.659999847412109,1863.6800537109375,139.8800048828125,412.60000610351562,SINGLE_MONTH,2025-01-01,2025-10-31,2025-12-02 22:51:24.557749 UTC
Mountain,2025-06-01,199.92999267578125,46433,26549,60.770000457763672,1478.780029296875,120.23000335693359,366.79000854492188,SINGLE_MONTH,2025-01-01,2025-10-31,2025-12-02 22:51:24.557749 UTC
New England,2025-06-01,249.97000122070312,6602,4501,64.3499984741211,1928.719970703125,138.61000061035156,456.27999877929688,SINGLE_MONTH,2025-01-01,2025-10-31,2025-12-02 22:51:24.557749 UTC
Pacific,2025-06-01,229.32000732421875,39521,22569,60.5099983215332,2121.06005859375,128.32000732421875,439.07000732421875,SINGLE_MONTH,2025-01-01,2025-10-31,2025-12-02 22:51:24.557749 UTC
South Atlantic,2025-06-01,208.44000244140625,61643,34711,59.680000305175781,2235.7900390625,123.90000152587891,399.67001342773438,SINGLE_MONTH,2025-01-01,2025-10-31,2025-12-02 22:51:24.557749 UTC
West North Central,2025-06-01,195.8800048828125,32339,19267,62.450000762939453,1205.469970703125,125.65000152587891,340.010009765625,SINGLE_MONTH,2025-01-01,2025-10-31,2025-12-02 22:51:24.557749 UTC
West South Central,2025-06-01,180.86000061035156,41982,22603,57.400001525878906,1269.6400146484375,110.91000366210938,323.07998657226562,SINGLE_MONTH,2025-01-01,2025-10-31,2025-12-02 22:51:24.557749 UTC
East North Central,2025-07-01,213.77999877929688,41735,24464,61.060001373291016,1423.5400390625,132.75,391.8699951171875,SINGLE_MONTH,2025-01-01,2025-10-31,2025-12-02 22:51:24.557749 UTC
East South Central,2025-07-01,183.80999755859375,28322,16637,58.349998474121094,1313.9599609375,112.43000030517578,320.95999145507812,SINGLE_MONTH,2025-01-01,2025-10-31,2025-12-02 22:51:24.557749 UTC
Middle Atlantic,2025-07-01,226.16000366210938,18402,11489,63.779998779296875,1689.219970703125,138.42999267578125,409.1400146484375,SINGLE_MONTH,2025-01-01,2025-10-31,2025-12-02 22:51:24.557749 UTC
Mountain,2025-07-01,198.77999877929688,51388,28759,60.189998626708984,1544.3699951171875,121.59999847412109,360.47000122070312,SINGLE_MONTH,2025-01-01,2025-10-31,2025-12-02 22:51:24.557749 UTC
New England,2025-07-01,254.16000366210938,7333,4954,63.669998168945312,1840.72998046875,141.44000244140625,463.8599853515625,SINGLE_MONTH,2025-01-01,2025-10-31,2025-12-02 22:51:24.557749 UTC
Pacific,2025-07-01,234.11000061035156,45395,25039,61.430000305175781,2120.360107421875,129.25999450683594,445.1199951171875,SINGLE_MONTH,2025-01-01,2025-10-31,2025-12-02 22:51:24.557749 UTC
South Atlantic,2025-07-01,206.57000732421875,67025,37201,58.840000152587891,2059.89990234375,121.87000274658203,395.5,SINGLE_MONTH,2025-01-01,2025-10-31,2025-12-02 22:51:24.557749 UTC
West North Central,2025-07-01,189.25999450683594,34110,20031,62.360000610351562,1169.6600341796875,122.25,322.1099853515625,SINGLE_MONTH,2025-01-01,2025-10-31,2025-12-02 22:51:24.557749 UTC
West South Central,2025-07-01,177.27999877929688,45480,23651,56.840000152587891,1197.1199951171875,111.56999969482422,324.48001098632812,SINGLE_MONTH,2025-01-01,2025-10-31,2025-12-02 22:51:24.557749 UTC
East North Central,2025-08-01,203.72000122070312,39084,23552,59.869998931884766,1260.7900390625,129.41000366210938,350.16000366210938,SINGLE_MONTH,2025-01-01,2025-10-31,2025-12-02 22:51:24.557749 UTC
East South Central,2025-08-01,174.85000610351562,24808,14738,57.459999084472656,1135.6199951171875,109.65000152587891,301.8800048828125,SINGLE_MONTH,2025-01-01,2025-10-31,2025-12-02 22:51:24.557749 UTC
Middle Atlantic,2025-08-01,221.75999450683594,17658,11331,60.909999847412109,1721.1400146484375,137.47999572753906,396.19000244140625,SINGLE_MONTH,2025-01-01,2025-10-31,2025-12-02 22:51:24.557749 UTC
Mountain,2025-08-01,195.41000366210938,50021,27797,59.599998474121094,1413.2099609375,121.18000030517578,343.010009765625,SINGLE_MONTH,2025-01-01,2025-10-31,2025-12-02 22:51:24.557749 UTC
New England,2025-08-01,253.30000305175781,7631,5202,64.569999694824219,1864.2900390625,139.94999694824219,453.1199951171875,SINGLE_MONTH,2025-01-01,2025-10-31,2025-12-02 22:51:24.557749 UTC
Pacific,2025-08-01,225.33999633789062,42753,24205,61.0,1833.8599853515625,130.69000244140625,407.32000732421875,SINGLE_MONTH,2025-01-01,2025-10-31,2025-12-02 22:51:24.557749 UTC
South Atlantic,2025-08-01,198.11000061035156,57237,32824,59.119998931884766,1874.9000244140625,117.05999755859375,359.19000244140625,SINGLE_MONTH,2025-01-01,2025-10-31,2025-12-02 22:51:24.557749 UTC
West North Central,2025-08-01,182.47999572753906,32234,19389,60.439998626708984,1037.6400146484375,120.23000335693359,303.42001342773438,SINGLE_MONTH,2025-01-01,2025-10-31,2025-12-02 22:51:24.557749 UTC
West South Central,2025-08-01,169.46000671386719,41734,21884,56.400001525878906,1114.6199951171875,108.01000213623047,301.27999877929688,SINGLE_MONTH,2025-01-01,2025-10-31,2025-12-02 22:51:24.557749 UTC
East North Central,2025-09-01,203.83000183105469,35118,20769,59.619998931884766,1327.0899658203125,130.27000427246094,365.98001098632812,SINGLE_MONTH,2025-01-01,2025-10-31,2025-12-02 22:51:24.557749 UTC
East South Central,2025-09-01,183.77999877929688,24174,13990,57.4900016784668,1345.72998046875,111.31999969482422,318.8900146484375,SINGLE_MONTH,2025-01-01,2025-10-31,2025-12-02 22:51:24.557749 UTC
Middle Atlantic,2025-09-01,224.02000427246094,16088,9803,61.220001220703125,1796.4100341796875,135.75999450683594,412.14999389648438,SINGLE_MONTH,2025-01-01,2025-10-31,2025-12-02 22:51:24.557749 UTC
Mountain,2025-09-01,202.72000122070312,47695,26394,61.150001525878906,1537.5799560546875,123.29000091552734,369.239990234375,SINGLE_MONTH,2025-01-01,2025-10-31,2025-12-02 22:51:24.557749 UTC
New England,2025-09-01,232.33000183105469,6537,4443,61.069999694824219,1779.5699462890625,134.77000427246094,433.79000854492188,SINGLE_MONTH,2025-01-01,2025-10-31,2025-12-02 22:51:24.557749 UTC
Pacific,2025-09-01,221.99000549316406,40498,22281,60.909999847412109,2038.260009765625,126.68000030517578,425.760009765625,SINGLE_MONTH,2025-01-01,2025-10-31,2025-12-02 22:51:24.557749 UTC
South Atlantic,2025-09-01,198.91000366210938,53316,29959,58.7599983215332,1982.9100341796875,117.26999664306641,369.02999877929688,SINGLE_MONTH,2025-01-01,2025-10-31,2025-12-02 22:51:24.557749 UTC
West North Central,2025-09-01,192.0,31453,17936,62.9900016784668,1106.8800048828125,123.70999908447266,335.73001098632812,SINGLE_MONTH,2025-01-01,2025-10-31,2025-12-02 22:51:24.557749 UTC
West South Central,2025-09-01,173.69000244140625,39029,20335,57.409999847412109,1191.9100341796875,107.72000122070312,315.97000122070312,SINGLE_MONTH,2025-01-01,2025-10-31,2025-12-02 22:51:24.557749 UTC
East North Central,2025-10-01,202.16999816894531,35343,20615,60.810001373291016,1415.3599853515625,126.41000366210938,357.04998779296875,SINGLE_MONTH,2025-01-01,2025-10-31,2025-12-02 22:51:24.557749 UTC
East South Central,2025-10-01,185.25,25502,15026,58.340000152587891,1354.8900146484375,112.77999877929688,324.72000122070312,SINGLE_MONTH,2025-01-01,2025-10-31,2025-12-02 22:51:24.557749 UTC
Middle Atlantic,2025-10-01,220.8699951171875,16022,9828,61.080001831054688,2058.8701171875,137.71000671386719,412.76998901367188,SINGLE_MONTH,2025-01-01,2025-10-31,2025-12-02 22:51:24.557749 UTC
Mountain,2025-10-01,193.86000061035156,46294,26260,60.849998474121094,1601.5999755859375,117.47000122070312,362.6099853515625,SINGLE_MONTH,2025-01-01,2025-10-31,2025-12-02 22:51:24.557749 UTC
New England,2025-10-01,240.75999450683594,6525,4307,61.270000457763672,1738.3699951171875,138.44999694824219,429.57000732421875,SINGLE_MONTH,2025-01-01,2025-10-31,2025-12-02 22:51:24.557749 UTC
Pacific,2025-10-01,219.97999572753906,40350,22384,61.2599983215332,1875.030029296875,126.72000122070312,423.760009765625,SINGLE_MONTH,2025-01-01,2025-10-31,2025-12-02 22:51:24.557749 UTC
South Atlantic,2025-10-01,199.28999328613281,56667,31851,59.639999389648438,2033.280029296875,117.73000335693359,373.58999633789062,SINGLE_MONTH,2025-01-01,2025-10-31,2025-12-02 22:51:24.557749 UTC
West North Central,2025-10-01,186.91999816894531,31424,18015,62.5,1048.27001953125,121.08999633789062,324.239990234375,SINGLE_MONTH,2025-01-01,2025-10-31,2025-12-02 22:51:24.557749 UTC
West South Central,2025-10-01,177.97999572753906,42499,22621,56.419998168945312,1265.56005859375,107.56999969482422,319.57998657226562,SINGLE_MONTH,2025-01-01,2025-10-31,2025-12-02 22:51:24.557749 UTC