census_region_division,month_date,retail_cost,transaction_count_final,unique_visitors,txn_before_cap,txn_after_cap,txn_capped,pct_txn_capped,unique_cardholders_total,cardholders_affected_by_cap,pct_cardholders_affected_any_day,avg_txn_per_cardholder_per_day,frequent_high_volume_shoppers,pct_frequent_high_volume_shoppers,txn_before_outlier_removal,txn_removed_as_outliers,pct_txn_removed_as_outliers,data_quality_flag,period_start,period_end,max_daily_cap,calculation_timestamp
Pacific,2025-01-01,29.200000762939453,799645,321221,862591,859605,2986,0.35,338377,377,0.11,1.5,32,0.01,859605,59960,6.98,SINGLE_MONTH,2025-01-01,2025-10-31,10,2025-12-02 23:02:32.945365 UTC
South Atlantic,2025-01-01,35.069999694824219,429928,236957,462642,462286,356,0.08,249567,85,0.03,1.36,18,0.01,462286,32358,7.0,SINGLE_MONTH,2025-01-01,2025-10-31,10,2025-12-02 23:02:32.945365 UTC
East North Central,2025-01-01,39.610000610351562,293697,166350,316145,315934,211,0.07,175916,44,0.03,1.24,9,0.01,315934,22237,7.04,SINGLE_MONTH,2025-01-01,2025-10-31,10,2025-12-02 23:02:32.945365 UTC
Middle Atlantic,2025-01-01,39.540000915527344,237689,148777,255842,255529,313,0.12,156083,73,0.05,1.42,23,0.01,255529,17840,6.98,SINGLE_MONTH,2025-01-01,2025-10-31,10,2025-12-02 23:02:32.945365 UTC
Mountain,2025-01-01,39.450000762939453,173743,102384,186818,186779,39,0.02,107826,11,0.01,1.38,2,0.0,186779,13036,6.98,SINGLE_MONTH,2025-01-01,2025-10-31,10,2025-12-02 23:02:32.945365 UTC
West South Central,2025-01-01,42.25,137476,82542,147868,147830,38,0.03,86661,6,0.01,1.36,3,0.0,147830,10354,7.0,SINGLE_MONTH,2025-01-01,2025-10-31,10,2025-12-02 23:02:32.945365 UTC
West North Central,2025-01-01,49.180000305175781,125789,84221,135351,135269,82,0.06,88120,24,0.03,1.33,10,0.01,135269,9480,7.01,SINGLE_MONTH,2025-01-01,2025-10-31,10,2025-12-02 23:02:32.945365 UTC
East South Central,2025-01-01,35.779998779296875,92359,49009,99558,99322,236,0.24,51681,46,0.09,1.52,6,0.01,99322,6963,7.01,SINGLE_MONTH,2025-01-01,2025-10-31,10,2025-12-02 23:02:32.945365 UTC
New England,2025-01-01,45.799999237060547,40363,28347,43404,43394,10,0.02,29584,2,0.01,1.28,1,0.0,43394,3031,6.98,SINGLE_MONTH,2025-01-01,2025-10-31,10,2025-12-02 23:02:32.945365 UTC
Pacific,2025-02-01,29.729999542236328,627750,277792,677276,675032,2244,0.33,292187,295,0.1,1.49,27,0.01,675032,47282,7.0,SINGLE_MONTH,2025-01-01,2025-10-31,10,2025-12-02 23:02:32.945365 UTC
South Atlantic,2025-02-01,35.139999389648438,401522,229956,432289,431766,523,0.12,241863,77,0.03,1.39,29,0.01,431766,30244,7.0,SINGLE_MONTH,2025-01-01,2025-10-31,10,2025-12-02 23:02:32.945365 UTC
East North Central,2025-02-01,38.919998168945312,233924,140535,251712,251579,133,0.05,148292,27,0.02,1.23,7,0.0,251579,17655,7.02,SINGLE_MONTH,2025-01-01,2025-10-31,10,2025-12-02 23:02:32.945365 UTC
Middle Atlantic,2025-02-01,40.279998779296875,211652,133008,227879,227577,302,0.13,139763,83,0.06,1.43,28,0.02,227577,15925,7.0,SINGLE_MONTH,2025-01-01,2025-10-31,10,2025-12-02 23:02:32.945365 UTC
Mountain,2025-02-01,39.709999084472656,164823,96124,177287,177186,101,0.06,101040,14,0.01,1.42,4,0.0,177186,12363,6.98,SINGLE_MONTH,2025-01-01,2025-10-31,10,2025-12-02 23:02:32.945365 UTC
West South Central,2025-02-01,43.150001525878906,134770,79613,144958,144929,29,0.02,83592,12,0.01,1.38,2,0.0,144929,10159,7.01,SINGLE_MONTH,2025-01-01,2025-10-31,10,2025-12-02 23:02:32.945365 UTC
West North Central,2025-02-01,46.349998474121094,125336,83422,134869,134780,89,0.07,87269,15,0.02,1.35,7,0.01,134780,9444,7.01,SINGLE_MONTH,2025-01-01,2025-10-31,10,2025-12-02 23:02:32.945365 UTC
East South Central,2025-02-01,37.729999542236328,94388,50291,101743,101467,276,0.27,53174,38,0.07,1.54,4,0.01,101467,7079,6.98,SINGLE_MONTH,2025-01-01,2025-10-31,10,2025-12-02 23:02:32.945365 UTC
New England,2025-02-01,42.900001525878906,39263,27250,42204,42173,31,0.07,28336,7,0.02,1.37,6,0.02,42173,2910,6.9,SINGLE_MONTH,2025-01-01,2025-10-31,10,2025-12-02 23:02:32.945365 UTC
Pacific,2025-03-01,30.139999389648438,677895,287939,732034,728966,3068,0.42,303278,298,0.1,1.53,43,0.01,728966,51071,7.01,SINGLE_MONTH,2025-01-01,2025-10-31,10,2025-12-02 23:02:32.945365 UTC
South Atlantic,2025-03-01,34.939998626708984,489269,270441,526195,525761,434,0.08,283677,97,0.03,1.41,29,0.01,525761,36492,6.94,SINGLE_MONTH,2025-01-01,2025-10-31,10,2025-12-02 23:02:32.945365 UTC
Middle Atlantic,2025-03-01,41.060001373291016,222963,137333,240167,239671,496,0.21,144360,78,0.05,1.46,20,0.01,239671,16708,6.97,SINGLE_MONTH,2025-01-01,2025-10-31,10,2025-12-02 23:02:32.945365 UTC
East North Central,2025-03-01,43.659999847412109,220320,144470,236974,236870,104,0.04,152077,25,0.02,1.28,4,0.0,236870,16550,6.99,SINGLE_MONTH,2025-01-01,2025-10-31,10,2025-12-02 23:02:32.945365 UTC
Mountain,2025-03-01,39.860000610351562,206161,114404,221643,221623,20,0.01,120353,14,0.01,1.44,2,0.0,221623,15462,6.98,SINGLE_MONTH,2025-01-01,2025-10-31,10,2025-12-02 23:02:32.945365 UTC
West South Central,2025-03-01,42.459999084472656,169676,95772,182448,182418,30,0.02,100591,5,0.0,1.43,2,0.0,182418,12742,6.99,SINGLE_MONTH,2025-01-01,2025-10-31,10,2025-12-02 23:02:32.945365 UTC
West North Central,2025-03-01,44.319999694824219,158653,99931,170705,170652,53,0.03,104746,11,0.01,1.41,5,0.0,170652,11999,7.03,SINGLE_MONTH,2025-01-01,2025-10-31,10,2025-12-02 23:02:32.945365 UTC
East South Central,2025-03-01,39.159999847412109,124150,63812,133723,133473,250,0.19,67449,34,0.05,1.57,1,0.0,133473,9323,6.98,SINGLE_MONTH,2025-01-01,2025-10-31,10,2025-12-02 23:02:32.945365 UTC
New England,2025-03-01,46.599998474121094,41846,28449,45030,45010,20,0.04,29745,8,0.03,1.31,2,0.01,45010,3164,7.03,SINGLE_MONTH,2025-01-01,2025-10-31,10,2025-12-02 23:02:32.945365 UTC
Pacific,2025-04-01,30.079999923706055,604645,258734,652480,649916,2564,0.39,272688,268,0.1,1.51,31,0.01,649916,45271,6.97,SINGLE_MONTH,2025-01-01,2025-10-31,10,2025-12-02 23:02:32.945365 UTC
South Atlantic,2025-04-01,35.5,400099,223102,430777,430233,544,0.13,234169,65,0.03,1.42,14,0.01,430233,30134,7.0,SINGLE_MONTH,2025-01-01,2025-10-31,10,2025-12-02 23:02:32.945365 UTC
Middle Atlantic,2025-04-01,43.799999237060547,185964,120535,200169,199910,259,0.13,126171,56,0.04,1.43,30,0.02,199910,13946,6.98,SINGLE_MONTH,2025-01-01,2025-10-31,10,2025-12-02 23:02:32.945365 UTC
Mountain,2025-04-01,38.810001373291016,171438,97964,184358,184304,54,0.03,102922,15,0.01,1.41,4,0.0,184304,12866,6.98,SINGLE_MONTH,2025-01-01,2025-10-31,10,2025-12-02 23:02:32.945365 UTC
East North Central,2025-04-01,46.220001220703125,164494,109000,176920,176846,74,0.04,114706,12,0.01,1.29,5,0.0,176846,12352,6.98,SINGLE_MONTH,2025-01-01,2025-10-31,10,2025-12-02 23:02:32.945365 UTC
West South Central,2025-04-01,42.150001525878906,134297,77681,144490,144452,38,0.03,81528,6,0.01,1.38,4,0.0,144452,10155,7.03,SINGLE_MONTH,2025-01-01,2025-10-31,10,2025-12-02 23:02:32.945365 UTC
West North Central,2025-04-01,44.2599983215332,133061,85332,143126,143087,39,0.03,89270,11,0.01,1.37,3,0.0,143087,10026,7.01,SINGLE_MONTH,2025-01-01,2025-10-31,10,2025-12-02 23:02:32.945365 UTC
East South Central,2025-04-01,37.860000610351562,105719,54672,113859,113657,202,0.18,57737,32,0.06,1.53,1,0.0,113657,7938,6.98,SINGLE_MONTH,2025-01-01,2025-10-31,10,2025-12-02 23:02:32.945365 UTC
New England,2025-04-01,45.029998779296875,41087,26724,44206,44187,19,0.04,27956,5,0.02,1.29,1,0.0,44187,3100,7.02,SINGLE_MONTH,2025-01-01,2025-10-31,10,2025-12-02 23:02:32.945365 UTC
Pacific,2025-05-01,31.479999542236328,588172,250809,634603,632536,2067,0.33,264747,271,0.1,1.51,36,0.01,632536,44364,7.01,SINGLE_MONTH,2025-01-01,2025-10-31,10,2025-12-02 23:02:32.945365 UTC
South Atlantic,2025-05-01,37.130001068115234,375635,207035,404906,403848,1058,0.26,217882,53,0.02,1.47,14,0.01,403848,28213,6.99,SINGLE_MONTH,2025-01-01,2025-10-31,10,2025-12-02 23:02:32.945365 UTC
Middle Atlantic,2025-05-01,43.770000457763672,181760,117988,195522,195346,176,0.09,123554,45,0.04,1.38,25,0.02,195346,13586,6.95,SINGLE_MONTH,2025-01-01,2025-10-31,10,2025-12-02 23:02:32.945365 UTC
Mountain,2025-05-01,39.5,176282,100870,189641,189540,101,0.05,106097,19,0.02,1.42,6,0.01,189540,13258,6.99,SINGLE_MONTH,2025-01-01,2025-10-31,10,2025-12-02 23:02:32.945365 UTC
East North Central,2025-05-01,45.139999389648438,168280,110869,181040,180956,84,0.05,117098,14,0.01,1.32,4,0.0,180956,12676,7.01,SINGLE_MONTH,2025-01-01,2025-10-31,10,2025-12-02 23:02:32.945365 UTC
West South Central,2025-05-01,42.409999847412109,137383,79240,147685,147652,33,0.02,83220,12,0.01,1.38,4,0.0,147652,10269,6.95,SINGLE_MONTH,2025-01-01,2025-10-31,10,2025-12-02 23:02:32.945365 UTC
West North Central,2025-05-01,45.630001068115234,132301,84288,142225,142174,51,0.04,88493,14,0.02,1.38,6,0.01,142174,9873,6.94,SINGLE_MONTH,2025-01-01,2025-10-31,10,2025-12-02 23:02:32.945365 UTC
East South Central,2025-05-01,38.450000762939453,106793,55791,115147,114819,328,0.28,59089,34,0.06,1.57,9,0.02,114819,8026,6.99,SINGLE_MONTH,2025-01-01,2025-10-31,10,2025-12-02 23:02:32.945365 UTC
New England,2025-05-01,45.439998626708984,43735,28164,47136,47032,104,0.22,29377,8,0.03,1.39,4,0.01,47032,3297,7.01,SINGLE_MONTH,2025-01-01,2025-10-31,10,2025-12-02 23:02:32.945365 UTC
Pacific,2025-06-01,31.809999465942383,689840,306842,744358,741889,2469,0.33,323884,375,0.12,1.56,29,0.01,741889,52049,7.02,SINGLE_MONTH,2025-01-01,2025-10-31,10,2025-12-02 23:02:32.945365 UTC
South Atlantic,2025-06-01,36.099998474121094,500509,266580,539571,538278,1293,0.24,280407,65,0.02,1.69,14,0.0,538278,37769,7.02,SINGLE_MONTH,2025-01-01,2025-10-31,10,2025-12-02 23:02:32.945365 UTC
Mountain,2025-06-01,38.880001068115234,220964,125694,237592,237551,41,0.02,132258,17,0.01,1.43,5,0.0,237551,16587,6.98,SINGLE_MONTH,2025-01-01,2025-10-31,10,2025-12-02 23:02:32.945365 UTC
Middle Atlantic,2025-06-01,42.799999237060547,217168,140330,233796,233479,317,0.14,147170,69,0.05,1.44,37,0.03,233479,16311,6.99,SINGLE_MONTH,2025-01-01,2025-10-31,10,2025-12-02 23:02:32.945365 UTC
East North Central,2025-06-01,42.430000305175781,204365,133512,219786,219699,87,0.04,140829,12,0.01,1.35,3,0.0,219699,15334,6.98,SINGLE_MONTH,2025-01-01,2025-10-31,10,2025-12-02 23:02:32.945365 UTC
West South Central,2025-06-01,41.380001068115234,181398,101831,195053,195013,40,0.02,107084,12,0.01,1.43,4,0.0,195013,13615,6.98,SINGLE_MONTH,2025-01-01,2025-10-31,10,2025-12-02 23:02:32.945365 UTC
West North Central,2025-06-01,44.610000610351562,155031,95994,166727,166706,21,0.01,101091,9,0.01,1.42,3,0.0,166706,11675,7.0,SINGLE_MONTH,2025-01-01,2025-10-31,10,2025-12-02 23:02:32.945365 UTC
East South Central,2025-06-01,37.659999847412109,136266,69144,146904,146537,367,0.25,73088,54,0.07,1.63,6,0.01,146537,10271,7.01,SINGLE_MONTH,2025-01-01,2025-10-31,10,2025-12-02 23:02:32.945365 UTC
New England,2025-06-01,43.650001525878906,56074,35634,60362,60293,69,0.11,37252,7,0.02,1.4,3,0.01,60293,4219,7.0,SINGLE_MONTH,2025-01-01,2025-10-31,10,2025-12-02 23:02:32.945365 UTC
Pacific,2025-07-01,31.959999084472656,792083,344357,854055,851441,2614,0.31,362507,370,0.1,1.56,33,0.01,851441,59358,6.97,SINGLE_MONTH,2025-01-01,2025-10-31,10,2025-12-02 23:02:32.945365 UTC
South Atlantic,2025-07-01,37.900001525878906,574805,295277,618407,618105,302,0.05,310214,89,0.03,1.5,20,0.01,618105,43300,7.01,SINGLE_MONTH,2025-01-01,2025-10-31,10,2025-12-02 23:02:32.945365 UTC
Middle Atlantic,2025-07-01,42.599998474121094,259062,160521,279029,278638,391,0.14,168292,77,0.05,1.47,36,0.02,278638,19576,7.03,SINGLE_MONTH,2025-01-01,2025-10-31,10,2025-12-02 23:02:32.945365 UTC
Mountain,2025-07-01,39.330001831054688,256821,141117,276333,276044,289,0.1,148351,52,0.04,1.51,12,0.01,276044,19223,6.96,SINGLE_MONTH,2025-01-01,2025-10-31,10,2025-12-02 23:02:32.945365 UTC
East North Central,2025-07-01,41.810001373291016,248280,157115,266961,266904,57,0.02,165990,12,0.01,1.36,2,0.0,266904,18624,6.98,SINGLE_MONTH,2025-01-01,2025-10-31,10,2025-12-02 23:02:32.945365 UTC
West South Central,2025-07-01,42.419998168945312,211115,114651,227049,226999,50,0.02,120427,16,0.01,1.48,5,0.0,226999,15884,7.0,SINGLE_MONTH,2025-01-01,2025-10-31,10,2025-12-02 23:02:32.945365 UTC
West North Central,2025-07-01,45.819999694824219,187414,114343,201598,201549,49,0.02,120257,17,0.01,1.45,5,0.0,201549,14135,7.01,SINGLE_MONTH,2025-01-01,2025-10-31,10,2025-12-02 23:02:32.945365 UTC
East South Central,2025-07-01,38.880001068115234,162511,80614,175090,174734,356,0.2,85211,50,0.06,1.65,9,0.01,174734,12223,7.0,SINGLE_MONTH,2025-01-01,2025-10-31,10,2025-12-02 23:02:32.945365 UTC
New England,2025-07-01,40.080001831054688,70461,41820,75738,75732,6,0.01,44332,2,0.0,1.38,1,0.0,75732,5271,6.96,SINGLE_MONTH,2025-01-01,2025-10-31,10,2025-12-02 23:02:32.945365 UTC
Pacific,2025-08-01,32.369998931884766,805737,350248,869355,866489,2866,0.33,368631,374,0.1,1.56,38,0.01,866489,60752,7.01,SINGLE_MONTH,2025-01-01,2025-10-31,10,2025-12-02 23:02:32.945365 UTC
South Atlantic,2025-08-01,37.439998626708984,521367,280754,560890,560567,323,0.06,294927,82,0.03,1.47,9,0.0,560567,39200,6.99,SINGLE_MONTH,2025-01-01,2025-10-31,10,2025-12-02 23:02:32.945365 UTC
East North Central,2025-08-01,43.970001220703125,263584,165894,283416,283317,99,0.03,174856,31,0.02,1.39,15,0.01,283317,19733,6.96,SINGLE_MONTH,2025-01-01,2025-10-31,10,2025-12-02 23:02:32.945365 UTC
Mountain,2025-08-01,40.080001831054688,258035,141369,278296,277433,863,0.31,148848,71,0.05,1.58,15,0.01,277433,19398,6.99,SINGLE_MONTH,2025-01-01,2025-10-31,10,2025-12-02 23:02:32.945365 UTC
Middle Atlantic,2025-08-01,44.680000305175781,252108,159375,271482,271153,329,0.12,166682,64,0.04,1.46,32,0.02,271153,19045,7.02,SINGLE_MONTH,2025-01-01,2025-10-31,10,2025-12-02 23:02:32.945365 UTC
West South Central,2025-08-01,43.290000915527344,211363,113786,227275,227222,53,0.02,119323,21,0.02,1.5,4,0.0,227222,15859,6.98,SINGLE_MONTH,2025-01-01,2025-10-31,10,2025-12-02 23:02:32.945365 UTC
West North Central,2025-08-01,46.4900016784668,201096,120444,216411,216229,182,0.08,126348,28,0.02,1.5,13,0.01,216229,15133,7.0,SINGLE_MONTH,2025-01-01,2025-10-31,10,2025-12-02 23:02:32.945365 UTC
East South Central,2025-08-01,39.0,158817,80611,171227,170766,461,0.27,84956,57,0.07,1.64,10,0.01,170766,11949,7.0,SINGLE_MONTH,2025-01-01,2025-10-31,10,2025-12-02 23:02:32.945365 UTC
New England,2025-08-01,40.639999389648438,72188,43892,77648,77608,40,0.05,46288,11,0.02,1.4,1,0.0,77608,5420,6.98,SINGLE_MONTH,2025-01-01,2025-10-31,10,2025-12-02 23:02:32.945365 UTC
Pacific,2025-09-01,31.610000610351562,710071,316124,766136,763376,2760,0.36,332999,357,0.11,1.55,42,0.01,763376,53305,6.98,SINGLE_MONTH,2025-01-01,2025-10-31,10,2025-12-02 23:02:32.945365 UTC
South Atlantic,2025-09-01,36.029998779296875,483363,269587,520263,519732,531,0.1,283092,60,0.02,1.4,11,0.0,519732,36369,7.0,SINGLE_MONTH,2025-01-01,2025-10-31,10,2025-12-02 23:02:32.945365 UTC
Mountain,2025-09-01,39.0,222335,125269,239810,239054,756,0.32,131830,61,0.05,1.52,4,0.0,239054,16719,6.99,SINGLE_MONTH,2025-01-01,2025-10-31,10,2025-12-02 23:02:32.945365 UTC
East North Central,2025-09-01,43.2400016784668,212681,138495,228775,228679,96,0.04,145954,16,0.01,1.31,7,0.0,228679,15998,7.0,SINGLE_MONTH,2025-01-01,2025-10-31,10,2025-12-02 23:02:32.945365 UTC
Middle Atlantic,2025-09-01,44.189998626708984,212481,137630,228756,228511,245,0.11,143873,44,0.03,1.39,18,0.01,228511,16030,7.01,SINGLE_MONTH,2025-01-01,2025-10-31,10,2025-12-02 23:02:32.945365 UTC
West South Central,2025-09-01,41.729999542236328,183930,104157,197800,197768,32,0.02,109087,12,0.01,1.39,4,0.0,197768,13838,7.0,SINGLE_MONTH,2025-01-01,2025-10-31,10,2025-12-02 23:02:32.945365 UTC
West North Central,2025-09-01,45.029998779296875,175286,111748,188579,188493,86,0.05,116978,24,0.02,1.37,13,0.01,188493,13207,7.01,SINGLE_MONTH,2025-01-01,2025-10-31,10,2025-12-02 23:02:32.945365 UTC
East South Central,2025-09-01,37.439998626708984,141013,74696,152051,151651,400,0.26,78848,48,0.06,1.52,9,0.01,151651,10638,7.01,SINGLE_MONTH,2025-01-01,2025-10-31,10,2025-12-02 23:02:32.945365 UTC
New England,2025-09-01,42.790000915527344,55289,33907,59464,59449,15,0.03,35532,4,0.01,1.38,3,0.01,59449,4160,7.0,SINGLE_MONTH,2025-01-01,2025-10-31,10,2025-12-02 23:02:32.945365 UTC
Pacific,2025-10-01,31.389999389648438,748414,325631,807673,804514,3159,0.39,344196,390,0.11,1.6,45,0.01,804514,56100,6.97,SINGLE_MONTH,2025-01-01,2025-10-31,10,2025-12-02 23:02:32.945365 UTC
South Atlantic,2025-10-01,36.650001525878906,471833,268809,507759,507193,566,0.11,282243,66,0.02,1.41,17,0.01,507193,35360,6.97,SINGLE_MONTH,2025-01-01,2025-10-31,10,2025-12-02 23:02:32.945365 UTC
Mountain,2025-10-01,39.110000610351562,233437,130924,251619,250979,640,0.25,137796,64,0.05,1.5,13,0.01,250979,17542,6.99,SINGLE_MONTH,2025-01-01,2025-10-31,10,2025-12-02 23:02:32.945365 UTC
East North Central,2025-10-01,43.900001525878906,211856,138674,227850,227759,91,0.04,146092,14,0.01,1.3,8,0.01,227759,15903,6.98,SINGLE_MONTH,2025-01-01,2025-10-31,10,2025-12-02 23:02:32.945365 UTC
Middle Atlantic,2025-10-01,45.610000610351562,209756,136708,225759,225482,277,0.12,142908,42,0.03,1.38,19,0.01,225482,15726,6.97,SINGLE_MONTH,2025-01-01,2025-10-31,10,2025-12-02 23:02:32.945365 UTC
West South Central,2025-10-01,41.2599983215332,203105,113867,218448,218407,41,0.02,119352,14,0.01,1.39,5,0.0,218407,15302,7.01,SINGLE_MONTH,2025-01-01,2025-10-31,10,2025-12-02 23:02:32.945365 UTC
West North Central,2025-10-01,44.290000915527344,187600,118761,201820,201722,98,0.05,124377,25,0.02,1.38,7,0.01,201722,14122,7.0,SINGLE_MONTH,2025-01-01,2025-10-31,10,2025-12-02 23:02:32.945365 UTC
East South Central,2025-10-01,37.659999847412109,153752,80427,165803,165278,525,0.32,84924,56,0.07,1.55,7,0.01,165278,11526,6.97,SINGLE_MONTH,2025-01-01,2025-10-31,10,2025-12-02 23:02:32.945365 UTC
New England,2025-10-01,42.409999847412109,56253,34503,60495,60476,19,0.03,36159,2,0.01,1.37,1,0.0,60476,4223,6.98,SINGLE_MONTH,2025-01-01,2025-10-31,10,2025-12-02 23:02:32.945365 UTC