merch_state,month_date,retail_cost,transaction_count,unique_visitors,data_quality_flag,period_start,period_end,calculation_timestamp
CA,2024-01-01,25.680000305175781,152706790,302673,SINGLE_MONTH,2024-01-01,2024-12-31,2025-11-18 18:10:45.297586 UTC
OH,2024-01-01,27.8799991607666,114167773,202817,SINGLE_MONTH,2024-01-01,2024-12-31,2025-11-18 18:10:45.297586 UTC
NY,2024-01-01,37.049999237060547,35928438,157166,SINGLE_MONTH,2024-01-01,2024-12-31,2025-11-18 18:10:45.297586 UTC
FL,2024-01-01,39.619998931884766,18850696,77740,SINGLE_MONTH,2024-01-01,2024-12-31,2025-11-18 18:10:45.297586 UTC
TX,2024-01-01,41.669998168945312,16217709,68662,SINGLE_MONTH,2024-01-01,2024-12-31,2025-11-18 18:10:45.297586 UTC
PA,2024-01-01,46.619998931884766,8757079,36057,SINGLE_MONTH,2024-01-01,2024-12-31,2025-11-18 18:10:45.297586 UTC
WI,2024-01-01,47.069999694824219,8635241,30334,SINGLE_MONTH,2024-01-01,2024-12-31,2025-11-18 18:10:45.297586 UTC
MN,2024-01-01,52.200000762939453,7816087,28946,SINGLE_MONTH,2024-01-01,2024-12-31,2025-11-18 18:10:45.297586 UTC
DE,2024-01-01,36.049999237060547,7065256,38087,SINGLE_MONTH,2024-01-01,2024-12-31,2025-11-18 18:10:45.297586 UTC
NV,2024-01-01,25.850000381469727,6742924,24790,SINGLE_MONTH,2024-01-01,2024-12-31,2025-11-18 18:10:45.297586 UTC
IL,2024-01-01,38.689998626708984,6732240,30474,SINGLE_MONTH,2024-01-01,2024-12-31,2025-11-18 18:10:45.297586 UTC
GA,2024-01-01,35.4900016784668,6639501,26982,SINGLE_MONTH,2024-01-01,2024-12-31,2025-11-18 18:10:45.297586 UTC
AZ,2024-01-01,31.829999923706055,6588858,24210,SINGLE_MONTH,2024-01-01,2024-12-31,2025-11-18 18:10:45.297586 UTC
VA,2024-01-01,36.080001831054688,6296261,18907,SINGLE_MONTH,2024-01-01,2024-12-31,2025-11-18 18:10:45.297586 UTC
CO,2024-01-01,40.049999237060547,5776562,27412,SINGLE_MONTH,2024-01-01,2024-12-31,2025-11-18 18:10:45.297586 UTC
TN,2024-01-01,42.580001831054688,5747035,26637,SINGLE_MONTH,2024-01-01,2024-12-31,2025-11-18 18:10:45.297586 UTC
MO,2024-01-01,59.470001220703125,5657208,25508,SINGLE_MONTH,2024-01-01,2024-12-31,2025-11-18 18:10:45.297586 UTC
HI,2024-01-01,31.600000381469727,5655288,12683,SINGLE_MONTH,2024-01-01,2024-12-31,2025-11-18 18:10:45.297586 UTC
WA,2024-01-01,39.229999542236328,5185311,21272,SINGLE_MONTH,2024-01-01,2024-12-31,2025-11-18 18:10:45.297586 UTC
UT,2024-01-01,48.360000610351562,5100051,21336,SINGLE_MONTH,2024-01-01,2024-12-31,2025-11-18 18:10:45.297586 UTC
NC,2024-01-01,44.900001525878906,4970065,21970,SINGLE_MONTH,2024-01-01,2024-12-31,2025-11-18 18:10:45.297586 UTC
KS,2024-01-01,36.889999389648438,4628720,20292,SINGLE_MONTH,2024-01-01,2024-12-31,2025-11-18 18:10:45.297586 UTC
AK,2024-01-01,31.450000762939453,4276483,9560,SINGLE_MONTH,2024-01-01,2024-12-31,2025-11-18 18:10:45.297586 UTC
NJ,2024-01-01,43.549999237060547,3939905,16114,SINGLE_MONTH,2024-01-01,2024-12-31,2025-11-18 18:10:45.297586 UTC
IA,2024-01-01,71.010002136230469,3710339,12354,SINGLE_MONTH,2024-01-01,2024-12-31,2025-11-18 18:10:45.297586 UTC
MA,2024-01-01,57.360000610351562,3630303,15640,SINGLE_MONTH,2024-01-01,2024-12-31,2025-11-18 18:10:45.297586 UTC
KY,2024-01-01,29.649999618530273,3439596,12607,SINGLE_MONTH,2024-01-01,2024-12-31,2025-11-18 18:10:45.297586 UTC
MI,2024-01-01,52.229999542236328,3376592,15475,SINGLE_MONTH,2024-01-01,2024-12-31,2025-11-18 18:10:45.297586 UTC
LA,2024-01-01,34.840000152587891,3300325,13119,SINGLE_MONTH,2024-01-01,2024-12-31,2025-11-18 18:10:45.297586 UTC
AL,2024-01-01,38.049999237060547,3035400,10242,SINGLE_MONTH,2024-01-01,2024-12-31,2025-11-18 18:10:45.297586 UTC
OK,2024-01-01,42.639999389648438,3012298,11830,SINGLE_MONTH,2024-01-01,2024-12-31,2025-11-18 18:10:45.297586 UTC
OR,2024-01-01,72.370002746582031,2884141,14670,SINGLE_MONTH,2024-01-01,2024-12-31,2025-11-18 18:10:45.297586 UTC
MS,2024-01-01,37.330001831054688,2751897,9138,SINGLE_MONTH,2024-01-01,2024-12-31,2025-11-18 18:10:45.297586 UTC
AR,2024-01-01,63.819999694824219,2740688,10361,SINGLE_MONTH,2024-01-01,2024-12-31,2025-11-18 18:10:45.297586 UTC
SC,2024-01-01,54.790000915527344,2723922,10673,SINGLE_MONTH,2024-01-01,2024-12-31,2025-11-18 18:10:45.297586 UTC
CT,2024-01-01,36.5,2625392,11719,SINGLE_MONTH,2024-01-01,2024-12-31,2025-11-18 18:10:45.297586 UTC
IN,2024-01-01,41.270000457763672,2247984,10517,SINGLE_MONTH,2024-01-01,2024-12-31,2025-11-18 18:10:45.297586 UTC
NM,2024-01-01,36.650001525878906,2247689,8813,SINGLE_MONTH,2024-01-01,2024-12-31,2025-11-18 18:10:45.297586 UTC
ID,2024-01-01,48.709999084472656,1958042,7494,SINGLE_MONTH,2024-01-01,2024-12-31,2025-11-18 18:10:45.297586 UTC
MD,2024-01-01,54.470001220703125,1739359,7809,SINGLE_MONTH,2024-01-01,2024-12-31,2025-11-18 18:10:45.297586 UTC
SD,2024-01-01,47.680000305175781,1436013,5511,SINGLE_MONTH,2024-01-01,2024-12-31,2025-11-18 18:10:45.297586 UTC
WV,2024-01-01,33.599998474121094,1271910,4579,SINGLE_MONTH,2024-01-01,2024-12-31,2025-11-18 18:10:45.297586 UTC
VT,2024-01-01,49.200000762939453,1138595,4140,SINGLE_MONTH,2024-01-01,2024-12-31,2025-11-18 18:10:45.297586 UTC
MT,2024-01-01,37.569999694824219,1007654,5543,SINGLE_MONTH,2024-01-01,2024-12-31,2025-11-18 18:10:45.297586 UTC
NE,2024-01-01,40.189998626708984,844505,3810,SINGLE_MONTH,2024-01-01,2024-12-31,2025-11-18 18:10:45.297586 UTC
ND,2024-01-01,43.180000305175781,836177,3005,SINGLE_MONTH,2024-01-01,2024-12-31,2025-11-18 18:10:45.297586 UTC
WY,2024-01-01,49.549999237060547,798416,4828,SINGLE_MONTH,2024-01-01,2024-12-31,2025-11-18 18:10:45.297586 UTC
NH,2024-01-01,47.569999694824219,759319,3671,SINGLE_MONTH,2024-01-01,2024-12-31,2025-11-18 18:10:45.297586 UTC
DC,2024-01-01,18.530000686645508,702173,4367,SINGLE_MONTH,2024-01-01,2024-12-31,2025-11-18 18:10:45.297586 UTC
ME,2024-01-01,45.9900016784668,357607,1689,ROLLING_3MO,2024-01-01,2024-12-31,2025-11-18 18:10:45.297586 UTC
RI,2024-01-01,47.360000610351562,288223,1770,ROLLING_3MO,2024-01-01,2024-12-31,2025-11-18 18:10:45.297586 UTC
XX,2024-01-01,291.33999633789062,80,2,EXCLUDE,2024-01-01,2024-12-31,2025-11-18 18:10:45.297586 UTC
CA,2024-02-01,26.430000305175781,131091725,279278,SINGLE_MONTH,2024-01-01,2024-12-31,2025-11-18 18:10:45.297586 UTC
OH,2024-02-01,32.25,43908617,133447,SINGLE_MONTH,2024-01-01,2024-12-31,2025-11-18 18:10:45.297586 UTC
NY,2024-02-01,38.0,31002288,137176,SINGLE_MONTH,2024-01-01,2024-12-31,2025-11-18 18:10:45.297586 UTC
FL,2024-02-01,41.479999542236328,19886302,81475,SINGLE_MONTH,2024-01-01,2024-12-31,2025-11-18 18:10:45.297586 UTC
TX,2024-02-01,44.080001831054688,16614524,71769,SINGLE_MONTH,2024-01-01,2024-12-31,2025-11-18 18:10:45.297586 UTC
PA,2024-02-01,50.409999847412109,9006585,37593,SINGLE_MONTH,2024-01-01,2024-12-31,2025-11-18 18:10:45.297586 UTC
MN,2024-02-01,51.540000915527344,8682464,31861,SINGLE_MONTH,2024-01-01,2024-12-31,2025-11-18 18:10:45.297586 UTC
WI,2024-02-01,44.2400016784668,7962280,30192,SINGLE_MONTH,2024-01-01,2024-12-31,2025-11-18 18:10:45.297586 UTC
AZ,2024-02-01,36.060001373291016,7635311,31808,SINGLE_MONTH,2024-01-01,2024-12-31,2025-11-18 18:10:45.297586 UTC
VA,2024-02-01,36.029998779296875,6939471,20323,SINGLE_MONTH,2024-01-01,2024-12-31,2025-11-18 18:10:45.297586 UTC
GA,2024-02-01,37.049999237060547,6938837,28296,SINGLE_MONTH,2024-01-01,2024-12-31,2025-11-18 18:10:45.297586 UTC
NV,2024-02-01,27.540000915527344,6835897,24558,SINGLE_MONTH,2024-01-01,2024-12-31,2025-11-18 18:10:45.297586 UTC
TN,2024-02-01,44.580001831054688,6609064,29189,SINGLE_MONTH,2024-01-01,2024-12-31,2025-11-18 18:10:45.297586 UTC
IL,2024-02-01,33.880001068115234,6242857,25874,SINGLE_MONTH,2024-01-01,2024-12-31,2025-11-18 18:10:45.297586 UTC
DE,2024-02-01,36.299999237060547,6124551,29868,SINGLE_MONTH,2024-01-01,2024-12-31,2025-11-18 18:10:45.297586 UTC
MO,2024-02-01,58.369998931884766,6035556,28679,SINGLE_MONTH,2024-01-01,2024-12-31,2025-11-18 18:10:45.297586 UTC
CO,2024-02-01,41.270000457763672,5827845,25008,SINGLE_MONTH,2024-01-01,2024-12-31,2025-11-18 18:10:45.297586 UTC
HI,2024-02-01,32.529998779296875,5514722,12533,SINGLE_MONTH,2024-01-01,2024-12-31,2025-11-18 18:10:45.297586 UTC
KS,2024-02-01,39.049999237060547,5456457,22972,SINGLE_MONTH,2024-01-01,2024-12-31,2025-11-18 18:10:45.297586 UTC
NC,2024-02-01,44.369998931884766,5215853,22636,SINGLE_MONTH,2024-01-01,2024-12-31,2025-11-18 18:10:45.297586 UTC
UT,2024-02-01,48.319999694824219,5030784,20624,SINGLE_MONTH,2024-01-01,2024-12-31,2025-11-18 18:10:45.297586 UTC
WA,2024-02-01,39.799999237060547,4934953,21079,SINGLE_MONTH,2024-01-01,2024-12-31,2025-11-18 18:10:45.297586 UTC
AK,2024-02-01,32.209999084472656,4528325,10008,SINGLE_MONTH,2024-01-01,2024-12-31,2025-11-18 18:10:45.297586 UTC
NJ,2024-02-01,42.979999542236328,4036117,16816,SINGLE_MONTH,2024-01-01,2024-12-31,2025-11-18 18:10:45.297586 UTC
KY,2024-02-01,33.040000915527344,3986190,14892,SINGLE_MONTH,2024-01-01,2024-12-31,2025-11-18 18:10:45.297586 UTC
IA,2024-02-01,64.3499984741211,3947734,12509,SINGLE_MONTH,2024-01-01,2024-12-31,2025-11-18 18:10:45.297586 UTC
LA,2024-02-01,36.340000152587891,3847894,14569,SINGLE_MONTH,2024-01-01,2024-12-31,2025-11-18 18:10:45.297586 UTC
AL,2024-02-01,41.970001220703125,3648610,12296,SINGLE_MONTH,2024-01-01,2024-12-31,2025-11-18 18:10:45.297586 UTC
MA,2024-02-01,57.729999542236328,3557785,17975,SINGLE_MONTH,2024-01-01,2024-12-31,2025-11-18 18:10:45.297586 UTC
MS,2024-02-01,40.360000610351562,3514726,11201,SINGLE_MONTH,2024-01-01,2024-12-31,2025-11-18 18:10:45.297586 UTC
OK,2024-02-01,44.169998168945312,3476319,13100,SINGLE_MONTH,2024-01-01,2024-12-31,2025-11-18 18:10:45.297586 UTC
MI,2024-02-01,48.540000915527344,3191824,15218,SINGLE_MONTH,2024-01-01,2024-12-31,2025-11-18 18:10:45.297586 UTC
SC,2024-02-01,58.869998931884766,3119229,12355,SINGLE_MONTH,2024-01-01,2024-12-31,2025-11-18 18:10:45.297586 UTC
AR,2024-02-01,53.869998931884766,2753858,10708,SINGLE_MONTH,2024-01-01,2024-12-31,2025-11-18 18:10:45.297586 UTC
OR,2024-02-01,67.30999755859375,2703481,13581,SINGLE_MONTH,2024-01-01,2024-12-31,2025-11-18 18:10:45.297586 UTC
IN,2024-02-01,48.860000610351562,2689230,12437,SINGLE_MONTH,2024-01-01,2024-12-31,2025-11-18 18:10:45.297586 UTC
NM,2024-02-01,38.840000152587891,2546959,9314,SINGLE_MONTH,2024-01-01,2024-12-31,2025-11-18 18:10:45.297586 UTC
CT,2024-02-01,31.430000305175781,2248173,10775,SINGLE_MONTH,2024-01-01,2024-12-31,2025-11-18 18:10:45.297586 UTC
ID,2024-02-01,49.060001373291016,2127316,7848,SINGLE_MONTH,2024-01-01,2024-12-31,2025-11-18 18:10:45.297586 UTC
MD,2024-02-01,60.959999084472656,2093198,9341,SINGLE_MONTH,2024-01-01,2024-12-31,2025-11-18 18:10:45.297586 UTC
SD,2024-02-01,50.7599983215332,1636446,5904,SINGLE_MONTH,2024-01-01,2024-12-31,2025-11-18 18:10:45.297586 UTC
WV,2024-02-01,34.669998168945312,1399052,5092,SINGLE_MONTH,2024-01-01,2024-12-31,2025-11-18 18:10:45.297586 UTC
VT,2024-02-01,47.569999694824219,1157608,4276,SINGLE_MONTH,2024-01-01,2024-12-31,2025-11-18 18:10:45.297586 UTC
NE,2024-02-01,42.819999694824219,1087735,4853,SINGLE_MONTH,2024-01-01,2024-12-31,2025-11-18 18:10:45.297586 UTC
MT,2024-02-01,37.090000152587891,1044089,4246,SINGLE_MONTH,2024-01-01,2024-12-31,2025-11-18 18:10:45.297586 UTC
ND,2024-02-01,48.599998474121094,958818,3542,SINGLE_MONTH,2024-01-01,2024-12-31,2025-11-18 18:10:45.297586 UTC
NH,2024-02-01,46.880001068115234,864765,4134,SINGLE_MONTH,2024-01-01,2024-12-31,2025-11-18 18:10:45.297586 UTC
WY,2024-02-01,47.689998626708984,786345,4671,SINGLE_MONTH,2024-01-01,2024-12-31,2025-11-18 18:10:45.297586 UTC
DC,2024-02-01,20.860000610351562,761078,6268,SINGLE_MONTH,2024-01-01,2024-12-31,2025-11-18 18:10:45.297586 UTC
ME,2024-02-01,40.540000915527344,404045,1977,ROLLING_3MO,2024-01-01,2024-12-31,2025-11-18 18:10:45.297586 UTC
RI,2024-02-01,46.849998474121094,308466,1935,ROLLING_3MO,2024-01-01,2024-12-31,2025-11-18 18:10:45.297586 UTC
XX,2024-02-01,27.569999694824219,2,1,EXCLUDE,2024-01-01,2024-12-31,2025-11-18 18:10:45.297586 UTC
CA,2024-03-01,27.3700008392334,142761145,319091,SINGLE_MONTH,2024-01-01,2024-12-31,2025-11-18 18:10:45.297586 UTC
NY,2024-03-01,38.069999694824219,32731450,140750,SINGLE_MONTH,2024-01-01,2024-12-31,2025-11-18 18:10:45.297586 UTC
OH,2024-03-01,46.779998779296875,29380064,85698,SINGLE_MONTH,2024-01-01,2024-12-31,2025-11-18 18:10:45.297586 UTC
FL,2024-03-01,40.099998474121094,25606311,98476,SINGLE_MONTH,2024-01-01,2024-12-31,2025-11-18 18:10:45.297586 UTC
TX,2024-03-01,43.659999847412109,20483925,85678,SINGLE_MONTH,2024-01-01,2024-12-31,2025-11-18 18:10:45.297586 UTC
PA,2024-03-01,51.799999237060547,10029585,42160,SINGLE_MONTH,2024-01-01,2024-12-31,2025-11-18 18:10:45.297586 UTC
TN,2024-03-01,42.970001220703125,9495194,37523,SINGLE_MONTH,2024-01-01,2024-12-31,2025-11-18 18:10:45.297586 UTC
AZ,2024-03-01,35.9900016784668,9479087,38201,SINGLE_MONTH,2024-01-01,2024-12-31,2025-11-18 18:10:45.297586 UTC
MN,2024-03-01,49.540000915527344,8907722,32556,SINGLE_MONTH,2024-01-01,2024-12-31,2025-11-18 18:10:45.297586 UTC
VA,2024-03-01,37.959999084472656,8268199,25080,SINGLE_MONTH,2024-01-01,2024-12-31,2025-11-18 18:10:45.297586 UTC
DE,2024-03-01,38.0099983215332,8240590,39388,SINGLE_MONTH,2024-01-01,2024-12-31,2025-11-18 18:10:45.297586 UTC
GA,2024-03-01,37.220001220703125,8230801,32515,SINGLE_MONTH,2024-01-01,2024-12-31,2025-11-18 18:10:45.297586 UTC
NV,2024-03-01,27.770000457763672,8151989,28595,SINGLE_MONTH,2024-01-01,2024-12-31,2025-11-18 18:10:45.297586 UTC
WI,2024-03-01,46.569999694824219,8120377,32139,SINGLE_MONTH,2024-01-01,2024-12-31,2025-11-18 18:10:45.297586 UTC
MO,2024-03-01,54.75,8029941,34761,SINGLE_MONTH,2024-01-01,2024-12-31,2025-11-18 18:10:45.297586 UTC
CO,2024-03-01,42.159999847412109,7598702,30463,SINGLE_MONTH,2024-01-01,2024-12-31,2025-11-18 18:10:45.297586 UTC
IL,2024-03-01,34.819999694824219,7197702,29434,SINGLE_MONTH,2024-01-01,2024-12-31,2025-11-18 18:10:45.297586 UTC
SC,2024-03-01,73.1500015258789,6935001,20956,SINGLE_MONTH,2024-01-01,2024-12-31,2025-11-18 18:10:45.297586 UTC
NC,2024-03-01,43.689998626708984,6512190,27246,SINGLE_MONTH,2024-01-01,2024-12-31,2025-11-18 18:10:45.297586 UTC
HI,2024-03-01,33.080001831054688,6455579,14188,SINGLE_MONTH,2024-01-01,2024-12-31,2025-11-18 18:10:45.297586 UTC
KS,2024-03-01,41.099998474121094,6282129,25469,SINGLE_MONTH,2024-01-01,2024-12-31,2025-11-18 18:10:45.297586 UTC
AK,2024-03-01,35.779998779296875,6128050,12452,SINGLE_MONTH,2024-01-01,2024-12-31,2025-11-18 18:10:45.297586 UTC
WA,2024-03-01,40.0,5647190,22752,SINGLE_MONTH,2024-01-01,2024-12-31,2025-11-18 18:10:45.297586 UTC
UT,2024-03-01,49.909999847412109,5234766,22770,SINGLE_MONTH,2024-01-01,2024-12-31,2025-11-18 18:10:45.297586 UTC
AL,2024-03-01,44.029998779296875,5208122,16386,SINGLE_MONTH,2024-01-01,2024-12-31,2025-11-18 18:10:45.297586 UTC
OK,2024-03-01,42.650001525878906,4714124,16990,SINGLE_MONTH,2024-01-01,2024-12-31,2025-11-18 18:10:45.297586 UTC
KY,2024-03-01,33.700000762939453,4713728,17207,SINGLE_MONTH,2024-01-01,2024-12-31,2025-11-18 18:10:45.297586 UTC
LA,2024-03-01,38.540000915527344,4467358,16718,SINGLE_MONTH,2024-01-01,2024-12-31,2025-11-18 18:10:45.297586 UTC
MS,2024-03-01,43.020000457763672,4450194,13702,SINGLE_MONTH,2024-01-01,2024-12-31,2025-11-18 18:10:45.297586 UTC
NJ,2024-03-01,43.779998779296875,4393970,18369,SINGLE_MONTH,2024-01-01,2024-12-31,2025-11-18 18:10:45.297586 UTC
IA,2024-03-01,70.709999084472656,4121568,13596,SINGLE_MONTH,2024-01-01,2024-12-31,2025-11-18 18:10:45.297586 UTC
MA,2024-03-01,58.7400016784668,4052196,17792,SINGLE_MONTH,2024-01-01,2024-12-31,2025-11-18 18:10:45.297586 UTC
MI,2024-03-01,47.349998474121094,3562084,16569,SINGLE_MONTH,2024-01-01,2024-12-31,2025-11-18 18:10:45.297586 UTC
AR,2024-03-01,53.659999847412109,3296232,12590,SINGLE_MONTH,2024-01-01,2024-12-31,2025-11-18 18:10:45.297586 UTC
NM,2024-03-01,38.840000152587891,3265235,11325,SINGLE_MONTH,2024-01-01,2024-12-31,2025-11-18 18:10:45.297586 UTC
IN,2024-03-01,51.889999389648438,3253868,15375,SINGLE_MONTH,2024-01-01,2024-12-31,2025-11-18 18:10:45.297586 UTC
OR,2024-03-01,62.080001831054688,3037613,14595,SINGLE_MONTH,2024-01-01,2024-12-31,2025-11-18 18:10:45.297586 UTC
CT,2024-03-01,35.369998931884766,2359353,11107,SINGLE_MONTH,2024-01-01,2024-12-31,2025-11-18 18:10:45.297586 UTC
ID,2024-03-01,48.979999542236328,2289106,7375,SINGLE_MONTH,2024-01-01,2024-12-31,2025-11-18 18:10:45.297586 UTC
MD,2024-03-01,52.430000305175781,2287547,10394,SINGLE_MONTH,2024-01-01,2024-12-31,2025-11-18 18:10:45.297586 UTC
SD,2024-03-01,50.889999389648438,1984444,6810,SINGLE_MONTH,2024-01-01,2024-12-31,2025-11-18 18:10:45.297586 UTC
WV,2024-03-01,34.7599983215332,1614570,5937,SINGLE_MONTH,2024-01-01,2024-12-31,2025-11-18 18:10:45.297586 UTC
NE,2024-03-01,42.979999542236328,1299725,5638,SINGLE_MONTH,2024-01-01,2024-12-31,2025-11-18 18:10:45.297586 UTC
MT,2024-03-01,37.7599983215332,1241036,4894,SINGLE_MONTH,2024-01-01,2024-12-31,2025-11-18 18:10:45.297586 UTC
VT,2024-03-01,47.7599983215332,1223438,4277,SINGLE_MONTH,2024-01-01,2024-12-31,2025-11-18 18:10:45.297586 UTC
ND,2024-03-01,47.279998779296875,1054985,3897,SINGLE_MONTH,2024-01-01,2024-12-31,2025-11-18 18:10:45.297586 UTC
DC,2024-03-01,22.340000152587891,958856,7819,SINGLE_MONTH,2024-01-01,2024-12-31,2025-11-18 18:10:45.297586 UTC
WY,2024-03-01,48.419998168945312,895036,4914,SINGLE_MONTH,2024-01-01,2024-12-31,2025-11-18 18:10:45.297586 UTC
NH,2024-03-01,49.7599983215332,777476,3771,SINGLE_MONTH,2024-01-01,2024-12-31,2025-11-18 18:10:45.297586 UTC
ME,2024-03-01,40.770000457763672,403854,1919,ROLLING_3MO,2024-01-01,2024-12-31,2025-11-18 18:10:45.297586 UTC
RI,2024-03-01,47.729999542236328,360115,2422,SINGLE_MONTH,2024-01-01,2024-12-31,2025-11-18 18:10:45.297586 UTC
XX,2024-03-01,21.760000228881836,132,3,EXCLUDE,2024-01-01,2024-12-31,2025-11-18 18:10:45.297586 UTC
CA,2024-04-01,27.219999313354492,137042043,316805,SINGLE_MONTH,2024-01-01,2024-12-31,2025-11-18 18:10:45.297586 UTC
NY,2024-04-01,38.119998931884766,32174578,135251,SINGLE_MONTH,2024-01-01,2024-12-31,2025-11-18 18:10:45.297586 UTC
OH,2024-04-01,45.869998931884766,24586424,75395,SINGLE_MONTH,2024-01-01,2024-12-31,2025-11-18 18:10:45.297586 UTC
FL,2024-04-01,41.279998779296875,21331736,84582,SINGLE_MONTH,2024-01-01,2024-12-31,2025-11-18 18:10:45.297586 UTC
TX,2024-04-01,44.479999542236328,17778794,76264,SINGLE_MONTH,2024-01-01,2024-12-31,2025-11-18 18:10:45.297586 UTC
DE,2024-04-01,36.770000457763672,10079778,48059,SINGLE_MONTH,2024-01-01,2024-12-31,2025-11-18 18:10:45.297586 UTC
PA,2024-04-01,50.700000762939453,9967806,40665,SINGLE_MONTH,2024-01-01,2024-12-31,2025-11-18 18:10:45.297586 UTC
TN,2024-04-01,43.139999389648438,8688638,34506,SINGLE_MONTH,2024-01-01,2024-12-31,2025-11-18 18:10:45.297586 UTC
VA,2024-04-01,36.290000915527344,8343633,25203,SINGLE_MONTH,2024-01-01,2024-12-31,2025-11-18 18:10:45.297586 UTC
MN,2024-04-01,49.020000457763672,8208755,30334,SINGLE_MONTH,2024-01-01,2024-12-31,2025-11-18 18:10:45.297586 UTC
AZ,2024-04-01,34.659999847412109,8166814,33602,SINGLE_MONTH,2024-01-01,2024-12-31,2025-11-18 18:10:45.297586 UTC
WI,2024-04-01,46.369998931884766,7935913,32082,SINGLE_MONTH,2024-01-01,2024-12-31,2025-11-18 18:10:45.297586 UTC
GA,2024-04-01,36.849998474121094,7675874,31162,SINGLE_MONTH,2024-01-01,2024-12-31,2025-11-18 18:10:45.297586 UTC
NV,2024-04-01,27.75,7503594,27101,SINGLE_MONTH,2024-01-01,2024-12-31,2025-11-18 18:10:45.297586 UTC
MO,2024-04-01,54.680000305175781,7063106,30871,SINGLE_MONTH,2024-01-01,2024-12-31,2025-11-18 18:10:45.297586 UTC
IL,2024-04-01,33.7599983215332,6803590,27604,SINGLE_MONTH,2024-01-01,2024-12-31,2025-11-18 18:10:45.297586 UTC
CO,2024-04-01,41.229999542236328,6779161,26833,SINGLE_MONTH,2024-01-01,2024-12-31,2025-11-18 18:10:45.297586 UTC
NC,2024-04-01,40.779998779296875,6773971,27838,SINGLE_MONTH,2024-01-01,2024-12-31,2025-11-18 18:10:45.297586 UTC
KS,2024-04-01,39.470001220703125,5701081,23378,SINGLE_MONTH,2024-01-01,2024-12-31,2025-11-18 18:10:45.297586 UTC
AK,2024-04-01,33.569999694824219,5576720,11894,SINGLE_MONTH,2024-01-01,2024-12-31,2025-11-18 18:10:45.297586 UTC
HI,2024-04-01,32.580001831054688,5534919,13324,SINGLE_MONTH,2024-01-01,2024-12-31,2025-11-18 18:10:45.297586 UTC
WA,2024-04-01,39.959999084472656,5446092,22560,SINGLE_MONTH,2024-01-01,2024-12-31,2025-11-18 18:10:45.297586 UTC
UT,2024-04-01,48.25,5009021,20814,SINGLE_MONTH,2024-01-01,2024-12-31,2025-11-18 18:10:45.297586 UTC
KY,2024-04-01,33.2400016784668,4495296,16424,SINGLE_MONTH,2024-01-01,2024-12-31,2025-11-18 18:10:45.297586 UTC
AL,2024-04-01,42.5,4415604,14542,SINGLE_MONTH,2024-01-01,2024-12-31,2025-11-18 18:10:45.297586 UTC
IA,2024-04-01,64.879997253417969,4274045,13858,SINGLE_MONTH,2024-01-01,2024-12-31,2025-11-18 18:10:45.297586 UTC
SC,2024-04-01,45.189998626708984,4106860,15291,SINGLE_MONTH,2024-01-01,2024-12-31,2025-11-18 18:10:45.297586 UTC
NJ,2024-04-01,47.110000610351562,4083333,18403,SINGLE_MONTH,2024-01-01,2024-12-31,2025-11-18 18:10:45.297586 UTC
MA,2024-04-01,58.319999694824219,4080617,18062,SINGLE_MONTH,2024-01-01,2024-12-31,2025-11-18 18:10:45.297586 UTC
OK,2024-04-01,42.799999237060547,3979701,15002,SINGLE_MONTH,2024-01-01,2024-12-31,2025-11-18 18:10:45.297586 UTC
LA,2024-04-01,38.049999237060547,3936679,14838,SINGLE_MONTH,2024-01-01,2024-12-31,2025-11-18 18:10:45.297586 UTC
MS,2024-04-01,41.220001220703125,3916751,12440,SINGLE_MONTH,2024-01-01,2024-12-31,2025-11-18 18:10:45.297586 UTC
MI,2024-04-01,46.049999237060547,3400802,16720,SINGLE_MONTH,2024-01-01,2024-12-31,2025-11-18 18:10:45.297586 UTC
AR,2024-04-01,54.659999847412109,3137569,11947,SINGLE_MONTH,2024-01-01,2024-12-31,2025-11-18 18:10:45.297586 UTC
IN,2024-04-01,46.380001068115234,3095133,13931,SINGLE_MONTH,2024-01-01,2024-12-31,2025-11-18 18:10:45.297586 UTC
NM,2024-04-01,38.580001831054688,2958463,10504,SINGLE_MONTH,2024-01-01,2024-12-31,2025-11-18 18:10:45.297586 UTC
OR,2024-04-01,53.400001525878906,2698106,13172,SINGLE_MONTH,2024-01-01,2024-12-31,2025-11-18 18:10:45.297586 UTC
MD,2024-04-01,52.919998168945312,2542257,11626,SINGLE_MONTH,2024-01-01,2024-12-31,2025-11-18 18:10:45.297586 UTC
ID,2024-04-01,46.869998931884766,2440802,7796,SINGLE_MONTH,2024-01-01,2024-12-31,2025-11-18 18:10:45.297586 UTC
CT,2024-04-01,30.590000152587891,2171568,10117,SINGLE_MONTH,2024-01-01,2024-12-31,2025-11-18 18:10:45.297586 UTC
SD,2024-04-01,49.799999237060547,1902771,6530,SINGLE_MONTH,2024-01-01,2024-12-31,2025-11-18 18:10:45.297586 UTC
WV,2024-04-01,34.810001373291016,1646380,5849,SINGLE_MONTH,2024-01-01,2024-12-31,2025-11-18 18:10:45.297586 UTC
NE,2024-04-01,42.590000152587891,1214613,5333,SINGLE_MONTH,2024-01-01,2024-12-31,2025-11-18 18:10:45.297586 UTC
MT,2024-04-01,38.930000305175781,1173530,4829,SINGLE_MONTH,2024-01-01,2024-12-31,2025-11-18 18:10:45.297586 UTC
ND,2024-04-01,47.599998474121094,1071526,4039,SINGLE_MONTH,2024-01-01,2024-12-31,2025-11-18 18:10:45.297586 UTC
VT,2024-04-01,46.060001373291016,1041432,3857,SINGLE_MONTH,2024-01-01,2024-12-31,2025-11-18 18:10:45.297586 UTC
WY,2024-04-01,48.619998931884766,858174,5068,SINGLE_MONTH,2024-01-01,2024-12-31,2025-11-18 18:10:45.297586 UTC
DC,2024-04-01,22.969999313354492,834019,6132,SINGLE_MONTH,2024-01-01,2024-12-31,2025-11-18 18:10:45.297586 UTC
NH,2024-04-01,49.849998474121094,808917,3984,SINGLE_MONTH,2024-01-01,2024-12-31,2025-11-18 18:10:45.297586 UTC
ME,2024-04-01,40.360000610351562,458473,2123,SINGLE_MONTH,2024-01-01,2024-12-31,2025-11-18 18:10:45.297586 UTC
RI,2024-04-01,48.110000610351562,400052,2468,SINGLE_MONTH,2024-01-01,2024-12-31,2025-11-18 18:10:45.297586 UTC
XX,2024-04-01,186.58000183105469,2,1,EXCLUDE,2024-01-01,2024-12-31,2025-11-18 18:10:45.297586 UTC
CA,2024-05-01,27.430000305175781,142820133,329957,SINGLE_MONTH,2024-01-01,2024-12-31,2025-11-18 18:10:45.297586 UTC
NY,2024-05-01,38.450000762939453,33378783,140800,SINGLE_MONTH,2024-01-01,2024-12-31,2025-11-18 18:10:45.297586 UTC
OH,2024-05-01,45.849998474121094,25513729,77443,SINGLE_MONTH,2024-01-01,2024-12-31,2025-11-18 18:10:45.297586 UTC
FL,2024-05-01,40.889999389648438,22126774,87677,SINGLE_MONTH,2024-01-01,2024-12-31,2025-11-18 18:10:45.297586 UTC
TX,2024-05-01,44.520000457763672,19111512,82053,SINGLE_MONTH,2024-01-01,2024-12-31,2025-11-18 18:10:45.297586 UTC
DE,2024-05-01,35.139999389648438,12434876,60922,SINGLE_MONTH,2024-01-01,2024-12-31,2025-11-18 18:10:45.297586 UTC
PA,2024-05-01,50.049999237060547,10242054,43263,SINGLE_MONTH,2024-01-01,2024-12-31,2025-11-18 18:10:45.297586 UTC
TN,2024-05-01,41.7400016784668,9127020,35401,SINGLE_MONTH,2024-01-01,2024-12-31,2025-11-18 18:10:45.297586 UTC
WI,2024-05-01,45.979999542236328,9073095,37163,SINGLE_MONTH,2024-01-01,2024-12-31,2025-11-18 18:10:45.297586 UTC
VA,2024-05-01,38.0099983215332,8239147,25079,SINGLE_MONTH,2024-01-01,2024-12-31,2025-11-18 18:10:45.297586 UTC
NC,2024-05-01,41.479999542236328,7983195,32379,SINGLE_MONTH,2024-01-01,2024-12-31,2025-11-18 18:10:45.297586 UTC
CO,2024-05-01,40.549999237060547,7902303,31061,SINGLE_MONTH,2024-01-01,2024-12-31,2025-11-18 18:10:45.297586 UTC
AZ,2024-05-01,35.060001373291016,7838757,33570,SINGLE_MONTH,2024-01-01,2024-12-31,2025-11-18 18:10:45.297586 UTC
MN,2024-05-01,46.669998168945312,7821786,30095,SINGLE_MONTH,2024-01-01,2024-12-31,2025-11-18 18:10:45.297586 UTC
NV,2024-05-01,27.6299991607666,7815053,28873,SINGLE_MONTH,2024-01-01,2024-12-31,2025-11-18 18:10:45.297586 UTC
GA,2024-05-01,35.880001068115234,7782927,31292,SINGLE_MONTH,2024-01-01,2024-12-31,2025-11-18 18:10:45.297586 UTC
MO,2024-05-01,52.889999389648438,7606298,33274,SINGLE_MONTH,2024-01-01,2024-12-31,2025-11-18 18:10:45.297586 UTC
IL,2024-05-01,36.159999847412109,7413111,31293,SINGLE_MONTH,2024-01-01,2024-12-31,2025-11-18 18:10:45.297586 UTC
AK,2024-05-01,34.869998931884766,6495588,15658,SINGLE_MONTH,2024-01-01,2024-12-31,2025-11-18 18:10:45.297586 UTC
WA,2024-05-01,39.470001220703125,6061602,25223,SINGLE_MONTH,2024-01-01,2024-12-31,2025-11-18 18:10:45.297586 UTC
KS,2024-05-01,40.119998931884766,5947795,25487,SINGLE_MONTH,2024-01-01,2024-12-31,2025-11-18 18:10:45.297586 UTC
HI,2024-05-01,32.2599983215332,5906253,13577,SINGLE_MONTH,2024-01-01,2024-12-31,2025-11-18 18:10:45.297586 UTC
AL,2024-05-01,42.860000610351562,5083111,16421,SINGLE_MONTH,2024-01-01,2024-12-31,2025-11-18 18:10:45.297586 UTC
UT,2024-05-01,47.650001525878906,5010281,21258,SINGLE_MONTH,2024-01-01,2024-12-31,2025-11-18 18:10:45.297586 UTC
SC,2024-05-01,46.909999847412109,4742504,17197,SINGLE_MONTH,2024-01-01,2024-12-31,2025-11-18 18:10:45.297586 UTC
NJ,2024-05-01,46.700000762939453,4678213,21714,SINGLE_MONTH,2024-01-01,2024-12-31,2025-11-18 18:10:45.297586 UTC
KY,2024-05-01,33.840000152587891,4520872,16927,SINGLE_MONTH,2024-01-01,2024-12-31,2025-11-18 18:10:45.297586 UTC
MA,2024-05-01,56.779998779296875,4425986,19501,SINGLE_MONTH,2024-01-01,2024-12-31,2025-11-18 18:10:45.297586 UTC
OK,2024-05-01,41.720001220703125,4381169,16211,SINGLE_MONTH,2024-01-01,2024-12-31,2025-11-18 18:10:45.297586 UTC
LA,2024-05-01,38.319999694824219,4283358,16111,SINGLE_MONTH,2024-01-01,2024-12-31,2025-11-18 18:10:45.297586 UTC
IA,2024-05-01,73.419998168945312,4181582,14656,SINGLE_MONTH,2024-01-01,2024-12-31,2025-11-18 18:10:45.297586 UTC
MS,2024-05-01,42.619998931884766,3974790,12644,SINGLE_MONTH,2024-01-01,2024-12-31,2025-11-18 18:10:45.297586 UTC
MI,2024-05-01,44.139999389648438,3677340,19208,SINGLE_MONTH,2024-01-01,2024-12-31,2025-11-18 18:10:45.297586 UTC
AR,2024-05-01,53.2400016784668,3308282,12768,SINGLE_MONTH,2024-01-01,2024-12-31,2025-11-18 18:10:45.297586 UTC
NM,2024-05-01,38.430000305175781,3198055,11393,SINGLE_MONTH,2024-01-01,2024-12-31,2025-11-18 18:10:45.297586 UTC
IN,2024-05-01,45.439998626708984,3129115,13602,SINGLE_MONTH,2024-01-01,2024-12-31,2025-11-18 18:10:45.297586 UTC
MD,2024-05-01,53.409999847412109,3117767,14418,SINGLE_MONTH,2024-01-01,2024-12-31,2025-11-18 18:10:45.297586 UTC
OR,2024-05-01,53.790000915527344,2833285,13520,SINGLE_MONTH,2024-01-01,2024-12-31,2025-11-18 18:10:45.297586 UTC
CT,2024-05-01,48.75,2489203,11145,SINGLE_MONTH,2024-01-01,2024-12-31,2025-11-18 18:10:45.297586 UTC
ID,2024-05-01,47.950000762939453,2339364,7730,SINGLE_MONTH,2024-01-01,2024-12-31,2025-11-18 18:10:45.297586 UTC
SD,2024-05-01,48.970001220703125,2261215,8023,SINGLE_MONTH,2024-01-01,2024-12-31,2025-11-18 18:10:45.297586 UTC
WV,2024-05-01,36.330001831054688,1620334,6002,SINGLE_MONTH,2024-01-01,2024-12-31,2025-11-18 18:10:45.297586 UTC
MT,2024-05-01,38.0099983215332,1412189,6093,SINGLE_MONTH,2024-01-01,2024-12-31,2025-11-18 18:10:45.297586 UTC
NE,2024-05-01,42.669998168945312,1310866,6140,SINGLE_MONTH,2024-01-01,2024-12-31,2025-11-18 18:10:45.297586 UTC
WY,2024-05-01,44.639999389648438,1152841,6486,SINGLE_MONTH,2024-01-01,2024-12-31,2025-11-18 18:10:45.297586 UTC
ND,2024-05-01,50.709999084472656,1134987,5229,SINGLE_MONTH,2024-01-01,2024-12-31,2025-11-18 18:10:45.297586 UTC
VT,2024-05-01,48.680000305175781,1055794,3775,SINGLE_MONTH,2024-01-01,2024-12-31,2025-11-18 18:10:45.297586 UTC
NH,2024-05-01,49.810001373291016,876577,4426,SINGLE_MONTH,2024-01-01,2024-12-31,2025-11-18 18:10:45.297586 UTC
DC,2024-05-01,28.930000305175781,744695,4644,SINGLE_MONTH,2024-01-01,2024-12-31,2025-11-18 18:10:45.297586 UTC
ME,2024-05-01,39.950000762939453,619342,3031,SINGLE_MONTH,2024-01-01,2024-12-31,2025-11-18 18:10:45.297586 UTC
RI,2024-05-01,48.819999694824219,401225,2588,SINGLE_MONTH,2024-01-01,2024-12-31,2025-11-18 18:10:45.297586 UTC
XX,2024-05-01,9.5699996948242188,32,1,EXCLUDE,2024-01-01,2024-12-31,2025-11-18 18:10:45.297586 UTC
CA,2024-06-01,27.239999771118164,137105280,328908,SINGLE_MONTH,2024-01-01,2024-12-31,2025-11-18 18:10:45.297586 UTC
NY,2024-06-01,37.290000915527344,31767099,134946,SINGLE_MONTH,2024-01-01,2024-12-31,2025-11-18 18:10:45.297586 UTC
FL,2024-06-01,40.319999694824219,24929747,92833,SINGLE_MONTH,2024-01-01,2024-12-31,2025-11-18 18:10:45.297586 UTC
OH,2024-06-01,42.430000305175781,23707856,73192,SINGLE_MONTH,2024-01-01,2024-12-31,2025-11-18 18:10:45.297586 UTC
TX,2024-06-01,42.5099983215332,18855563,77967,SINGLE_MONTH,2024-01-01,2024-12-31,2025-11-18 18:10:45.297586 UTC
DE,2024-06-01,35.680000305175781,13040398,64083,SINGLE_MONTH,2024-01-01,2024-12-31,2025-11-18 18:10:45.297586 UTC
NC,2024-06-01,39.819999694824219,10546734,38543,SINGLE_MONTH,2024-01-01,2024-12-31,2025-11-18 18:10:45.297586 UTC
PA,2024-06-01,48.909999847412109,10148708,43308,SINGLE_MONTH,2024-01-01,2024-12-31,2025-11-18 18:10:45.297586 UTC
TN,2024-06-01,39.5,10143603,36767,SINGLE_MONTH,2024-01-01,2024-12-31,2025-11-18 18:10:45.297586 UTC
WI,2024-06-01,42.659999847412109,9419640,38796,SINGLE_MONTH,2024-01-01,2024-12-31,2025-11-18 18:10:45.297586 UTC
CO,2024-06-01,38.9900016784668,8882609,34602,SINGLE_MONTH,2024-01-01,2024-12-31,2025-11-18 18:10:45.297586 UTC
VA,2024-06-01,36.159999847412109,8743893,26945,SINGLE_MONTH,2024-01-01,2024-12-31,2025-11-18 18:10:45.297586 UTC
MO,2024-06-01,50.5,8104628,34236,SINGLE_MONTH,2024-01-01,2024-12-31,2025-11-18 18:10:45.297586 UTC
GA,2024-06-01,34.799999237060547,8086401,32187,SINGLE_MONTH,2024-01-01,2024-12-31,2025-11-18 18:10:45.297586 UTC
SC,2024-06-01,46.900001525878906,7758226,24800,SINGLE_MONTH,2024-01-01,2024-12-31,2025-11-18 18:10:45.297586 UTC
NV,2024-06-01,27.170000076293945,7698888,28279,SINGLE_MONTH,2024-01-01,2024-12-31,2025-11-18 18:10:45.297586 UTC
MN,2024-06-01,40.580001831054688,7588062,29811,SINGLE_MONTH,2024-01-01,2024-12-31,2025-11-18 18:10:45.297586 UTC
IL,2024-06-01,35.409999847412109,7110312,30216,SINGLE_MONTH,2024-01-01,2024-12-31,2025-11-18 18:10:45.297586 UTC
AZ,2024-06-01,34.779998779296875,7019755,30575,SINGLE_MONTH,2024-01-01,2024-12-31,2025-11-18 18:10:45.297586 UTC
AK,2024-06-01,32.369998931884766,6356571,16711,SINGLE_MONTH,2024-01-01,2024-12-31,2025-11-18 18:10:45.297586 UTC
WA,2024-06-01,36.5099983215332,6169052,25823,SINGLE_MONTH,2024-01-01,2024-12-31,2025-11-18 18:10:45.297586 UTC
HI,2024-06-01,31.610000610351562,6045974,13336,SINGLE_MONTH,2024-01-01,2024-12-31,2025-11-18 18:10:45.297586 UTC
KS,2024-06-01,41.220001220703125,5891001,26077,SINGLE_MONTH,2024-01-01,2024-12-31,2025-11-18 18:10:45.297586 UTC
AL,2024-06-01,42.569999694824219,5875108,18843,SINGLE_MONTH,2024-01-01,2024-12-31,2025-11-18 18:10:45.297586 UTC
NJ,2024-06-01,45.529998779296875,5032185,24479,SINGLE_MONTH,2024-01-01,2024-12-31,2025-11-18 18:10:45.297586 UTC
UT,2024-06-01,47.049999237060547,4821866,21042,SINGLE_MONTH,2024-01-01,2024-12-31,2025-11-18 18:10:45.297586 UTC
MD,2024-06-01,34.919998168945312,4694416,21876,SINGLE_MONTH,2024-01-01,2024-12-31,2025-11-18 18:10:45.297586 UTC
MA,2024-06-01,51.119998931884766,4507110,19913,SINGLE_MONTH,2024-01-01,2024-12-31,2025-11-18 18:10:45.297586 UTC
OK,2024-06-01,40.189998626708984,4355764,15924,SINGLE_MONTH,2024-01-01,2024-12-31,2025-11-18 18:10:45.297586 UTC
KY,2024-06-01,36.459999084472656,4286969,16326,SINGLE_MONTH,2024-01-01,2024-12-31,2025-11-18 18:10:45.297586 UTC
MI,2024-06-01,41.430000305175781,4283363,23529,SINGLE_MONTH,2024-01-01,2024-12-31,2025-11-18 18:10:45.297586 UTC
MS,2024-06-01,40.599998474121094,4158051,12747,SINGLE_MONTH,2024-01-01,2024-12-31,2025-11-18 18:10:45.297586 UTC
LA,2024-06-01,36.729999542236328,4037385,15110,SINGLE_MONTH,2024-01-01,2024-12-31,2025-11-18 18:10:45.297586 UTC
IA,2024-06-01,68.629997253417969,3831397,13553,SINGLE_MONTH,2024-01-01,2024-12-31,2025-11-18 18:10:45.297586 UTC
AR,2024-06-01,50.209999084472656,3253124,12336,SINGLE_MONTH,2024-01-01,2024-12-31,2025-11-18 18:10:45.297586 UTC
NM,2024-06-01,38.520000457763672,3154502,11165,SINGLE_MONTH,2024-01-01,2024-12-31,2025-11-18 18:10:45.297586 UTC
OR,2024-06-01,50.049999237060547,3150743,14903,SINGLE_MONTH,2024-01-01,2024-12-31,2025-11-18 18:10:45.297586 UTC
IN,2024-06-01,44.75,2925178,13232,SINGLE_MONTH,2024-01-01,2024-12-31,2025-11-18 18:10:45.297586 UTC
CT,2024-06-01,39.819999694824219,2507189,11377,SINGLE_MONTH,2024-01-01,2024-12-31,2025-11-18 18:10:45.297586 UTC
SD,2024-06-01,44.209999084472656,2422313,9307,SINGLE_MONTH,2024-01-01,2024-12-31,2025-11-18 18:10:45.297586 UTC
ID,2024-06-01,49.0099983215332,2358411,8165,SINGLE_MONTH,2024-01-01,2024-12-31,2025-11-18 18:10:45.297586 UTC
MT,2024-06-01,36.270000457763672,1667265,7676,SINGLE_MONTH,2024-01-01,2024-12-31,2025-11-18 18:10:45.297586 UTC
WV,2024-06-01,34.279998779296875,1622187,6220,SINGLE_MONTH,2024-01-01,2024-12-31,2025-11-18 18:10:45.297586 UTC
WY,2024-06-01,41.5099983215332,1459340,8157,SINGLE_MONTH,2024-01-01,2024-12-31,2025-11-18 18:10:45.297586 UTC
NE,2024-06-01,41.029998779296875,1255314,5998,SINGLE_MONTH,2024-01-01,2024-12-31,2025-11-18 18:10:45.297586 UTC
ND,2024-06-01,49.950000762939453,1173118,5974,SINGLE_MONTH,2024-01-01,2024-12-31,2025-11-18 18:10:45.297586 UTC
VT,2024-06-01,46.380001068115234,1116392,3897,SINGLE_MONTH,2024-01-01,2024-12-31,2025-11-18 18:10:45.297586 UTC
NH,2024-06-01,44.430000305175781,974616,5928,SINGLE_MONTH,2024-01-01,2024-12-31,2025-11-18 18:10:45.297586 UTC
ME,2024-06-01,36.2400016784668,945806,4308,SINGLE_MONTH,2024-01-01,2024-12-31,2025-11-18 18:10:45.297586 UTC
DC,2024-06-01,24.799999237060547,750195,4896,SINGLE_MONTH,2024-01-01,2024-12-31,2025-11-18 18:10:45.297586 UTC
RI,2024-06-01,46.590000152587891,451554,2860,SINGLE_MONTH,2024-01-01,2024-12-31,2025-11-18 18:10:45.297586 UTC
XX,2024-06-01,20.569999694824219,2,1,EXCLUDE,2024-01-01,2024-12-31,2025-11-18 18:10:45.297586 UTC
CA,2024-07-01,26.979999542236328,139684419,345883,SINGLE_MONTH,2024-01-01,2024-12-31,2025-11-18 18:10:45.297586 UTC
NY,2024-07-01,36.869998931884766,32978369,150183,SINGLE_MONTH,2024-01-01,2024-12-31,2025-11-18 18:10:45.297586 UTC
FL,2024-07-01,41.650001525878906,25734892,105861,SINGLE_MONTH,2024-01-01,2024-12-31,2025-11-18 18:10:45.297586 UTC
OH,2024-07-01,44.2599983215332,24846977,79952,SINGLE_MONTH,2024-01-01,2024-12-31,2025-11-18 18:10:45.297586 UTC
TX,2024-07-01,43.080001831054688,19512601,90756,SINGLE_MONTH,2024-01-01,2024-12-31,2025-11-18 18:10:45.297586 UTC
DE,2024-07-01,35.569999694824219,13584708,71539,SINGLE_MONTH,2024-01-01,2024-12-31,2025-11-18 18:10:45.297586 UTC
NC,2024-07-01,39.700000762939453,11499781,43701,SINGLE_MONTH,2024-01-01,2024-12-31,2025-11-18 18:10:45.297586 UTC
TN,2024-07-01,41.130001068115234,11059212,41174,SINGLE_MONTH,2024-01-01,2024-12-31,2025-11-18 18:10:45.297586 UTC
WI,2024-07-01,41.349998474121094,11045231,46643,SINGLE_MONTH,2024-01-01,2024-12-31,2025-11-18 18:10:45.297586 UTC
PA,2024-07-01,50.299999237060547,10753369,46676,SINGLE_MONTH,2024-01-01,2024-12-31,2025-11-18 18:10:45.297586 UTC
CO,2024-07-01,38.479999542236328,9734342,42760,SINGLE_MONTH,2024-01-01,2024-12-31,2025-11-18 18:10:45.297586 UTC
VA,2024-07-01,36.889999389648438,9061183,28591,SINGLE_MONTH,2024-01-01,2024-12-31,2025-11-18 18:10:45.297586 UTC
MO,2024-07-01,50.540000915527344,8898704,37893,SINGLE_MONTH,2024-01-01,2024-12-31,2025-11-18 18:10:45.297586 UTC
GA,2024-07-01,36.450000762939453,8399125,36738,SINGLE_MONTH,2024-01-01,2024-12-31,2025-11-18 18:10:45.297586 UTC
MN,2024-07-01,37.430000305175781,8107141,32209,SINGLE_MONTH,2024-01-01,2024-12-31,2025-11-18 18:10:45.297586 UTC
SC,2024-07-01,42.130001068115234,8053002,27142,SINGLE_MONTH,2024-01-01,2024-12-31,2025-11-18 18:10:45.297586 UTC
NV,2024-07-01,26.459999084472656,7878725,30529,SINGLE_MONTH,2024-01-01,2024-12-31,2025-11-18 18:10:45.297586 UTC
IL,2024-07-01,35.0,7385143,33138,SINGLE_MONTH,2024-01-01,2024-12-31,2025-11-18 18:10:45.297586 UTC
AZ,2024-07-01,35.439998626708984,7224281,32651,SINGLE_MONTH,2024-01-01,2024-12-31,2025-11-18 18:10:45.297586 UTC
AK,2024-07-01,32.860000610351562,6684143,18655,SINGLE_MONTH,2024-01-01,2024-12-31,2025-11-18 18:10:45.297586 UTC
KS,2024-07-01,39.790000915527344,6379447,29115,SINGLE_MONTH,2024-01-01,2024-12-31,2025-11-18 18:10:45.297586 UTC
WA,2024-07-01,36.340000152587891,6339528,30210,SINGLE_MONTH,2024-01-01,2024-12-31,2025-11-18 18:10:45.297586 UTC
AL,2024-07-01,44.779998779296875,6187276,22928,SINGLE_MONTH,2024-01-01,2024-12-31,2025-11-18 18:10:45.297586 UTC
HI,2024-07-01,32.189998626708984,6099380,14154,SINGLE_MONTH,2024-01-01,2024-12-31,2025-11-18 18:10:45.297586 UTC
NJ,2024-07-01,47.529998779296875,5278670,26691,SINGLE_MONTH,2024-01-01,2024-12-31,2025-11-18 18:10:45.297586 UTC
MD,2024-07-01,29.780000686645508,5243586,24272,SINGLE_MONTH,2024-01-01,2024-12-31,2025-11-18 18:10:45.297586 UTC
MI,2024-07-01,38.4900016784668,5127436,28038,SINGLE_MONTH,2024-01-01,2024-12-31,2025-11-18 18:10:45.297586 UTC
MA,2024-07-01,48.069999694824219,5115772,23079,SINGLE_MONTH,2024-01-01,2024-12-31,2025-11-18 18:10:45.297586 UTC
UT,2024-07-01,49.849998474121094,5101627,27443,SINGLE_MONTH,2024-01-01,2024-12-31,2025-11-18 18:10:45.297586 UTC
KY,2024-07-01,38.419998168945312,4622877,17507,SINGLE_MONTH,2024-01-01,2024-12-31,2025-11-18 18:10:45.297586 UTC
IA,2024-07-01,75.699996948242188,4448278,15692,SINGLE_MONTH,2024-01-01,2024-12-31,2025-11-18 18:10:45.297586 UTC
MS,2024-07-01,42.590000152587891,4390981,14105,SINGLE_MONTH,2024-01-01,2024-12-31,2025-11-18 18:10:45.297586 UTC
OK,2024-07-01,40.889999389648438,4379869,16973,SINGLE_MONTH,2024-01-01,2024-12-31,2025-11-18 18:10:45.297586 UTC
LA,2024-07-01,37.209999084472656,4212382,16467,SINGLE_MONTH,2024-01-01,2024-12-31,2025-11-18 18:10:45.297586 UTC
NM,2024-07-01,39.869998931884766,3443895,12033,SINGLE_MONTH,2024-01-01,2024-12-31,2025-11-18 18:10:45.297586 UTC
OR,2024-07-01,50.779998779296875,3389209,17335,SINGLE_MONTH,2024-01-01,2024-12-31,2025-11-18 18:10:45.297586 UTC
AR,2024-07-01,49.349998474121094,3385336,13799,SINGLE_MONTH,2024-01-01,2024-12-31,2025-11-18 18:10:45.297586 UTC
IN,2024-07-01,47.590000152587891,3214942,15073,SINGLE_MONTH,2024-01-01,2024-12-31,2025-11-18 18:10:45.297586 UTC
CT,2024-07-01,37.7400016784668,2481611,12468,SINGLE_MONTH,2024-01-01,2024-12-31,2025-11-18 18:10:45.297586 UTC
ID,2024-07-01,48.189998626708984,2468186,9365,SINGLE_MONTH,2024-01-01,2024-12-31,2025-11-18 18:10:45.297586 UTC
SD,2024-07-01,43.099998474121094,2401054,9805,SINGLE_MONTH,2024-01-01,2024-12-31,2025-11-18 18:10:45.297586 UTC
MT,2024-07-01,36.389999389648438,1864626,9080,SINGLE_MONTH,2024-01-01,2024-12-31,2025-11-18 18:10:45.297586 UTC
WV,2024-07-01,35.459999084472656,1667434,6563,SINGLE_MONTH,2024-01-01,2024-12-31,2025-11-18 18:10:45.297586 UTC
WY,2024-07-01,41.2599983215332,1573123,10236,SINGLE_MONTH,2024-01-01,2024-12-31,2025-11-18 18:10:45.297586 UTC
ME,2024-07-01,35.4900016784668,1373517,6592,SINGLE_MONTH,2024-01-01,2024-12-31,2025-11-18 18:10:45.297586 UTC
NH,2024-07-01,38.119998931884766,1314250,6940,SINGLE_MONTH,2024-01-01,2024-12-31,2025-11-18 18:10:45.297586 UTC
NE,2024-07-01,40.189998626708984,1239214,6113,SINGLE_MONTH,2024-01-01,2024-12-31,2025-11-18 18:10:45.297586 UTC
ND,2024-07-01,49.979999542236328,1223164,6574,SINGLE_MONTH,2024-01-01,2024-12-31,2025-11-18 18:10:45.297586 UTC
VT,2024-07-01,47.659999847412109,1034764,4015,SINGLE_MONTH,2024-01-01,2024-12-31,2025-11-18 18:10:45.297586 UTC
DC,2024-07-01,27.610000610351562,592397,3202,SINGLE_MONTH,2024-01-01,2024-12-31,2025-11-18 18:10:45.297586 UTC
RI,2024-07-01,41.700000762939453,504762,3587,SINGLE_MONTH,2024-01-01,2024-12-31,2025-11-18 18:10:45.297586 UTC
XX,2024-07-01,8.5600004196167,39,2,EXCLUDE,2024-01-01,2024-12-31,2025-11-18 18:10:45.297586 UTC
CA,2024-08-01,28.0,129746760,379305,SINGLE_MONTH,2024-01-01,2024-12-31,2025-11-18 18:10:45.297586 UTC
NY,2024-08-01,38.069999694824219,34125425,169275,SINGLE_MONTH,2024-01-01,2024-12-31,2025-11-18 18:10:45.297586 UTC
OH,2024-08-01,44.439998626708984,27243252,90900,SINGLE_MONTH,2024-01-01,2024-12-31,2025-11-18 18:10:45.297586 UTC
FL,2024-08-01,42.090000152587891,19737144,101548,SINGLE_MONTH,2024-01-01,2024-12-31,2025-11-18 18:10:45.297586 UTC
TX,2024-08-01,44.619998931884766,19303071,101660,SINGLE_MONTH,2024-01-01,2024-12-31,2025-11-18 18:10:45.297586 UTC
DE,2024-08-01,35.169998168945312,14349812,88591,SINGLE_MONTH,2024-01-01,2024-12-31,2025-11-18 18:10:45.297586 UTC
PA,2024-08-01,51.689998626708984,12321059,54961,SINGLE_MONTH,2024-01-01,2024-12-31,2025-11-18 18:10:45.297586 UTC
WI,2024-08-01,43.270000457763672,11428113,48171,SINGLE_MONTH,2024-01-01,2024-12-31,2025-11-18 18:10:45.297586 UTC
NC,2024-08-01,41.479999542236328,9825283,43790,SINGLE_MONTH,2024-01-01,2024-12-31,2025-11-18 18:10:45.297586 UTC
VA,2024-08-01,37.049999237060547,9662431,31739,SINGLE_MONTH,2024-01-01,2024-12-31,2025-11-18 18:10:45.297586 UTC
TN,2024-08-01,42.919998168945312,9607511,42681,SINGLE_MONTH,2024-01-01,2024-12-31,2025-11-18 18:10:45.297586 UTC
CO,2024-08-01,40.459999084472656,9267522,45462,SINGLE_MONTH,2024-01-01,2024-12-31,2025-11-18 18:10:45.297586 UTC
MN,2024-08-01,42.5,9219634,38343,SINGLE_MONTH,2024-01-01,2024-12-31,2025-11-18 18:10:45.297586 UTC
IL,2024-08-01,38.569999694824219,9035742,44917,SINGLE_MONTH,2024-01-01,2024-12-31,2025-11-18 18:10:45.297586 UTC
MO,2024-08-01,54.799999237060547,8599419,39501,SINGLE_MONTH,2024-01-01,2024-12-31,2025-11-18 18:10:45.297586 UTC
GA,2024-08-01,36.959999084472656,8299113,40775,SINGLE_MONTH,2024-01-01,2024-12-31,2025-11-18 18:10:45.297586 UTC
AZ,2024-08-01,33.939998626708984,7380820,35020,SINGLE_MONTH,2024-01-01,2024-12-31,2025-11-18 18:10:45.297586 UTC
NV,2024-08-01,26.889999389648438,7374239,31369,SINGLE_MONTH,2024-01-01,2024-12-31,2025-11-18 18:10:45.297586 UTC
AK,2024-08-01,37.409999847412109,7268132,19449,SINGLE_MONTH,2024-01-01,2024-12-31,2025-11-18 18:10:45.297586 UTC
KS,2024-08-01,39.439998626708984,7135685,29444,SINGLE_MONTH,2024-01-01,2024-12-31,2025-11-18 18:10:45.297586 UTC
WA,2024-08-01,39.279998779296875,6957606,37494,SINGLE_MONTH,2024-01-01,2024-12-31,2025-11-18 18:10:45.297586 UTC
MA,2024-08-01,50.0099983215332,5735832,28239,SINGLE_MONTH,2024-01-01,2024-12-31,2025-11-18 18:10:45.297586 UTC
SC,2024-08-01,42.669998168945312,5709882,22577,SINGLE_MONTH,2024-01-01,2024-12-31,2025-11-18 18:10:45.297586 UTC
UT,2024-08-01,51.729999542236328,5490803,35438,SINGLE_MONTH,2024-01-01,2024-12-31,2025-11-18 18:10:45.297586 UTC
HI,2024-08-01,32.049999237060547,5403400,14365,SINGLE_MONTH,2024-01-01,2024-12-31,2025-11-18 18:10:45.297586 UTC
MI,2024-08-01,42.0099983215332,5396330,29879,SINGLE_MONTH,2024-01-01,2024-12-31,2025-11-18 18:10:45.297586 UTC
NJ,2024-08-01,49.419998168945312,5196876,28923,SINGLE_MONTH,2024-01-01,2024-12-31,2025-11-18 18:10:45.297586 UTC
AL,2024-08-01,43.5,5106074,21861,SINGLE_MONTH,2024-01-01,2024-12-31,2025-11-18 18:10:45.297586 UTC
KY,2024-08-01,37.360000610351562,4959161,19768,SINGLE_MONTH,2024-01-01,2024-12-31,2025-11-18 18:10:45.297586 UTC
IA,2024-08-01,66.260002136230469,4731761,17807,SINGLE_MONTH,2024-01-01,2024-12-31,2025-11-18 18:10:45.297586 UTC
OK,2024-08-01,41.810001373291016,4581850,17914,SINGLE_MONTH,2024-01-01,2024-12-31,2025-11-18 18:10:45.297586 UTC
MS,2024-08-01,41.389999389648438,4278108,14367,SINGLE_MONTH,2024-01-01,2024-12-31,2025-11-18 18:10:45.297586 UTC
LA,2024-08-01,38.180000305175781,4206581,17600,SINGLE_MONTH,2024-01-01,2024-12-31,2025-11-18 18:10:45.297586 UTC
MD,2024-08-01,41.400001525878906,4183296,20930,SINGLE_MONTH,2024-01-01,2024-12-31,2025-11-18 18:10:45.297586 UTC
IN,2024-08-01,48.290000915527344,3584253,18295,SINGLE_MONTH,2024-01-01,2024-12-31,2025-11-18 18:10:45.297586 UTC
AR,2024-08-01,52.330001831054688,3528656,14546,SINGLE_MONTH,2024-01-01,2024-12-31,2025-11-18 18:10:45.297586 UTC
OR,2024-08-01,54.150001525878906,3473208,19631,SINGLE_MONTH,2024-01-01,2024-12-31,2025-11-18 18:10:45.297586 UTC
NM,2024-08-01,42.049999237060547,3449814,12284,SINGLE_MONTH,2024-01-01,2024-12-31,2025-11-18 18:10:45.297586 UTC
SD,2024-08-01,48.930000305175781,2695497,10764,SINGLE_MONTH,2024-01-01,2024-12-31,2025-11-18 18:10:45.297586 UTC
ID,2024-08-01,48.7400016784668,2642361,10448,SINGLE_MONTH,2024-01-01,2024-12-31,2025-11-18 18:10:45.297586 UTC
CT,2024-08-01,40.669998168945312,2389470,13571,SINGLE_MONTH,2024-01-01,2024-12-31,2025-11-18 18:10:45.297586 UTC
WV,2024-08-01,37.540000915527344,2053566,7856,SINGLE_MONTH,2024-01-01,2024-12-31,2025-11-18 18:10:45.297586 UTC
MT,2024-08-01,39.479999542236328,1957394,9047,SINGLE_MONTH,2024-01-01,2024-12-31,2025-11-18 18:10:45.297586 UTC
ND,2024-08-01,56.909999847412109,1495038,7568,SINGLE_MONTH,2024-01-01,2024-12-31,2025-11-18 18:10:45.297586 UTC
WY,2024-08-01,44.799999237060547,1470246,11934,SINGLE_MONTH,2024-01-01,2024-12-31,2025-11-18 18:10:45.297586 UTC
NH,2024-08-01,39.290000915527344,1404716,8155,SINGLE_MONTH,2024-01-01,2024-12-31,2025-11-18 18:10:45.297586 UTC
NE,2024-08-01,42.919998168945312,1393308,6934,SINGLE_MONTH,2024-01-01,2024-12-31,2025-11-18 18:10:45.297586 UTC
ME,2024-08-01,36.869998931884766,1300042,6620,SINGLE_MONTH,2024-01-01,2024-12-31,2025-11-18 18:10:45.297586 UTC
VT,2024-08-01,47.069999694824219,1145327,4645,SINGLE_MONTH,2024-01-01,2024-12-31,2025-11-18 18:10:45.297586 UTC
DC,2024-08-01,28.25,560596,3271,SINGLE_MONTH,2024-01-01,2024-12-31,2025-11-18 18:10:45.297586 UTC
RI,2024-08-01,43.919998168945312,465607,4419,SINGLE_MONTH,2024-01-01,2024-12-31,2025-11-18 18:10:45.297586 UTC
XX,2024-08-01,40.529998779296875,122,3,EXCLUDE,2024-01-01,2024-12-31,2025-11-18 18:10:45.297586 UTC
CA,2024-09-01,28.899999618530273,89116639,266222,SINGLE_MONTH,2024-01-01,2024-12-31,2025-11-18 18:10:45.297586 UTC
NY,2024-09-01,37.200000762939453,27886892,131282,SINGLE_MONTH,2024-01-01,2024-12-31,2025-11-18 18:10:45.297586 UTC
OH,2024-09-01,43.659999847412109,24750954,81140,SINGLE_MONTH,2024-01-01,2024-12-31,2025-11-18 18:10:45.297586 UTC
FL,2024-09-01,41.450000762939453,18177171,91694,SINGLE_MONTH,2024-01-01,2024-12-31,2025-11-18 18:10:45.297586 UTC
TX,2024-09-01,41.610000610351562,17490717,83613,SINGLE_MONTH,2024-01-01,2024-12-31,2025-11-18 18:10:45.297586 UTC
DE,2024-09-01,34.939998626708984,12703515,75519,SINGLE_MONTH,2024-01-01,2024-12-31,2025-11-18 18:10:45.297586 UTC
MN,2024-09-01,35.590000152587891,11997027,47781,SINGLE_MONTH,2024-01-01,2024-12-31,2025-11-18 18:10:45.297586 UTC
PA,2024-09-01,51.430000305175781,10783404,46561,SINGLE_MONTH,2024-01-01,2024-12-31,2025-11-18 18:10:45.297586 UTC
WI,2024-09-01,41.650001525878906,9127562,38338,SINGLE_MONTH,2024-01-01,2024-12-31,2025-11-18 18:10:45.297586 UTC
TN,2024-09-01,43.119998931884766,8985878,39815,SINGLE_MONTH,2024-01-01,2024-12-31,2025-11-18 18:10:45.297586 UTC
VA,2024-09-01,35.729999542236328,8731012,27818,SINGLE_MONTH,2024-01-01,2024-12-31,2025-11-18 18:10:45.297586 UTC
NC,2024-09-01,41.139999389648438,8195937,35602,SINGLE_MONTH,2024-01-01,2024-12-31,2025-11-18 18:10:45.297586 UTC
IL,2024-09-01,33.029998779296875,7789106,35401,SINGLE_MONTH,2024-01-01,2024-12-31,2025-11-18 18:10:45.297586 UTC
MO,2024-09-01,50.779998779296875,7691518,37285,SINGLE_MONTH,2024-01-01,2024-12-31,2025-11-18 18:10:45.297586 UTC
CO,2024-09-01,39.619998931884766,7574230,35306,SINGLE_MONTH,2024-01-01,2024-12-31,2025-11-18 18:10:45.297586 UTC
GA,2024-09-01,38.040000915527344,7556846,32706,SINGLE_MONTH,2024-01-01,2024-12-31,2025-11-18 18:10:45.297586 UTC
AZ,2024-09-01,31.729999542236328,7029136,31260,SINGLE_MONTH,2024-01-01,2024-12-31,2025-11-18 18:10:45.297586 UTC
NV,2024-09-01,25.809999465942383,6732095,27217,SINGLE_MONTH,2024-01-01,2024-12-31,2025-11-18 18:10:45.297586 UTC
WA,2024-09-01,39.380001068115234,5959039,29317,SINGLE_MONTH,2024-01-01,2024-12-31,2025-11-18 18:10:45.297586 UTC
KS,2024-09-01,38.200000762939453,5608229,24511,SINGLE_MONTH,2024-01-01,2024-12-31,2025-11-18 18:10:45.297586 UTC
AK,2024-09-01,32.4900016784668,5400022,14068,SINGLE_MONTH,2024-01-01,2024-12-31,2025-11-18 18:10:45.297586 UTC
HI,2024-09-01,30.360000610351562,4935255,12349,SINGLE_MONTH,2024-01-01,2024-12-31,2025-11-18 18:10:45.297586 UTC
MA,2024-09-01,48.110000610351562,4773306,22014,SINGLE_MONTH,2024-01-01,2024-12-31,2025-11-18 18:10:45.297586 UTC
AL,2024-09-01,42.040000915527344,4484021,17437,SINGLE_MONTH,2024-01-01,2024-12-31,2025-11-18 18:10:45.297586 UTC
IA,2024-09-01,60.360000610351562,4459500,15287,SINGLE_MONTH,2024-01-01,2024-12-31,2025-11-18 18:10:45.297586 UTC
KY,2024-09-01,33.279998779296875,4457620,16883,SINGLE_MONTH,2024-01-01,2024-12-31,2025-11-18 18:10:45.297586 UTC
UT,2024-09-01,50.060001373291016,4407651,26164,SINGLE_MONTH,2024-01-01,2024-12-31,2025-11-18 18:10:45.297586 UTC
SC,2024-09-01,42.880001068115234,4402379,18273,SINGLE_MONTH,2024-01-01,2024-12-31,2025-11-18 18:10:45.297586 UTC
NJ,2024-09-01,46.849998474121094,4387282,22510,SINGLE_MONTH,2024-01-01,2024-12-31,2025-11-18 18:10:45.297586 UTC
MI,2024-09-01,43.979999542236328,4275085,22505,SINGLE_MONTH,2024-01-01,2024-12-31,2025-11-18 18:10:45.297586 UTC
LA,2024-09-01,37.25,3925162,15748,SINGLE_MONTH,2024-01-01,2024-12-31,2025-11-18 18:10:45.297586 UTC
MS,2024-09-01,39.779998779296875,3881378,12838,SINGLE_MONTH,2024-01-01,2024-12-31,2025-11-18 18:10:45.297586 UTC
OK,2024-09-01,39.380001068115234,3777357,15661,SINGLE_MONTH,2024-01-01,2024-12-31,2025-11-18 18:10:45.297586 UTC
IN,2024-09-01,44.040000915527344,3208933,15713,SINGLE_MONTH,2024-01-01,2024-12-31,2025-11-18 18:10:45.297586 UTC
AR,2024-09-01,51.220001220703125,3014000,12295,SINGLE_MONTH,2024-01-01,2024-12-31,2025-11-18 18:10:45.297586 UTC
MD,2024-09-01,48.459999084472656,2976672,15143,SINGLE_MONTH,2024-01-01,2024-12-31,2025-11-18 18:10:45.297586 UTC
OR,2024-09-01,52.0099983215332,2940167,15515,SINGLE_MONTH,2024-01-01,2024-12-31,2025-11-18 18:10:45.297586 UTC
NM,2024-09-01,37.099998474121094,2899974,10650,SINGLE_MONTH,2024-01-01,2024-12-31,2025-11-18 18:10:45.297586 UTC
SD,2024-09-01,46.909999847412109,2103569,8130,SINGLE_MONTH,2024-01-01,2024-12-31,2025-11-18 18:10:45.297586 UTC
CT,2024-09-01,52.650001525878906,2069495,10478,SINGLE_MONTH,2024-01-01,2024-12-31,2025-11-18 18:10:45.297586 UTC
ID,2024-09-01,43.209999084472656,2020751,8699,SINGLE_MONTH,2024-01-01,2024-12-31,2025-11-18 18:10:45.297586 UTC
WV,2024-09-01,32.959999084472656,1781696,6712,SINGLE_MONTH,2024-01-01,2024-12-31,2025-11-18 18:10:45.297586 UTC
MT,2024-09-01,37.25,1536349,6983,SINGLE_MONTH,2024-01-01,2024-12-31,2025-11-18 18:10:45.297586 UTC
VT,2024-09-01,45.549999237060547,1275944,4672,SINGLE_MONTH,2024-01-01,2024-12-31,2025-11-18 18:10:45.297586 UTC
ND,2024-09-01,50.130001068115234,1239724,6109,SINGLE_MONTH,2024-01-01,2024-12-31,2025-11-18 18:10:45.297586 UTC
WY,2024-09-01,44.450000762939453,1229116,8762,SINGLE_MONTH,2024-01-01,2024-12-31,2025-11-18 18:10:45.297586 UTC
NE,2024-09-01,41.069999694824219,1167183,5887,SINGLE_MONTH,2024-01-01,2024-12-31,2025-11-18 18:10:45.297586 UTC
NH,2024-09-01,43.2400016784668,1013022,5227,SINGLE_MONTH,2024-01-01,2024-12-31,2025-11-18 18:10:45.297586 UTC
ME,2024-09-01,38.0,858110,5743,SINGLE_MONTH,2024-01-01,2024-12-31,2025-11-18 18:10:45.297586 UTC
DC,2024-09-01,26.840000152587891,517504,2662,SINGLE_MONTH,2024-01-01,2024-12-31,2025-11-18 18:10:45.297586 UTC
RI,2024-09-01,43.909999847412109,410114,3035,SINGLE_MONTH,2024-01-01,2024-12-31,2025-11-18 18:10:45.297586 UTC
XX,2024-09-01,7.28000020980835,5,2,EXCLUDE,2024-01-01,2024-12-31,2025-11-18 18:10:45.297586 UTC
CA,2024-10-01,28.670000076293945,90944775,239435,SINGLE_MONTH,2024-01-01,2024-12-31,2025-11-18 18:10:45.297586 UTC
OH,2024-10-01,43.650001525878906,32016890,99020,SINGLE_MONTH,2024-01-01,2024-12-31,2025-11-18 18:10:45.297586 UTC
NY,2024-10-01,37.159999847412109,26903477,116040,SINGLE_MONTH,2024-01-01,2024-12-31,2025-11-18 18:10:45.297586 UTC
FL,2024-10-01,39.700000762939453,18951367,95286,SINGLE_MONTH,2024-01-01,2024-12-31,2025-11-18 18:10:45.297586 UTC
TX,2024-10-01,41.9900016784668,17962388,77967,SINGLE_MONTH,2024-01-01,2024-12-31,2025-11-18 18:10:45.297586 UTC
DE,2024-10-01,35.220001220703125,13331746,80554,SINGLE_MONTH,2024-01-01,2024-12-31,2025-11-18 18:10:45.297586 UTC
PA,2024-10-01,52.169998168945312,10459377,43340,SINGLE_MONTH,2024-01-01,2024-12-31,2025-11-18 18:10:45.297586 UTC
MN,2024-10-01,50.180000305175781,10278797,39523,SINGLE_MONTH,2024-01-01,2024-12-31,2025-11-18 18:10:45.297586 UTC
TN,2024-10-01,42.5099983215332,9852047,39411,SINGLE_MONTH,2024-01-01,2024-12-31,2025-11-18 18:10:45.297586 UTC
WI,2024-10-01,46.180000305175781,9825195,39542,SINGLE_MONTH,2024-01-01,2024-12-31,2025-11-18 18:10:45.297586 UTC
VA,2024-10-01,35.279998779296875,8503072,26426,SINGLE_MONTH,2024-01-01,2024-12-31,2025-11-18 18:10:45.297586 UTC
MO,2024-10-01,47.979999542236328,8337686,39804,SINGLE_MONTH,2024-01-01,2024-12-31,2025-11-18 18:10:45.297586 UTC
NV,2024-10-01,24.840000152587891,8081190,29398,SINGLE_MONTH,2024-01-01,2024-12-31,2025-11-18 18:10:45.297586 UTC
GA,2024-10-01,36.2599983215332,7963688,32209,SINGLE_MONTH,2024-01-01,2024-12-31,2025-11-18 18:10:45.297586 UTC
IL,2024-10-01,31.020000457763672,7636703,31491,SINGLE_MONTH,2024-01-01,2024-12-31,2025-11-18 18:10:45.297586 UTC
AZ,2024-10-01,34.229999542236328,7497784,31670,SINGLE_MONTH,2024-01-01,2024-12-31,2025-11-18 18:10:45.297586 UTC
CO,2024-10-01,40.4900016784668,7311069,30408,SINGLE_MONTH,2024-01-01,2024-12-31,2025-11-18 18:10:45.297586 UTC
AK,2024-10-01,40.200000762939453,6921982,14339,SINGLE_MONTH,2024-01-01,2024-12-31,2025-11-18 18:10:45.297586 UTC
NC,2024-10-01,40.720001220703125,6891619,28559,SINGLE_MONTH,2024-01-01,2024-12-31,2025-11-18 18:10:45.297586 UTC
WA,2024-10-01,38.580001831054688,6049486,25180,SINGLE_MONTH,2024-01-01,2024-12-31,2025-11-18 18:10:45.297586 UTC
HI,2024-10-01,30.950000762939453,5459527,12448,SINGLE_MONTH,2024-01-01,2024-12-31,2025-11-18 18:10:45.297586 UTC
KS,2024-10-01,38.720001220703125,5147775,21312,SINGLE_MONTH,2024-01-01,2024-12-31,2025-11-18 18:10:45.297586 UTC
MA,2024-10-01,50.479999542236328,5074451,20891,SINGLE_MONTH,2024-01-01,2024-12-31,2025-11-18 18:10:45.297586 UTC
NJ,2024-10-01,42.569999694824219,5007682,22787,SINGLE_MONTH,2024-01-01,2024-12-31,2025-11-18 18:10:45.297586 UTC
AL,2024-10-01,41.029998779296875,4679033,16618,SINGLE_MONTH,2024-01-01,2024-12-31,2025-11-18 18:10:45.297586 UTC
KY,2024-10-01,33.430000305175781,4647020,17228,SINGLE_MONTH,2024-01-01,2024-12-31,2025-11-18 18:10:45.297586 UTC
IA,2024-10-01,60.7400016784668,4531815,15048,SINGLE_MONTH,2024-01-01,2024-12-31,2025-11-18 18:10:45.297586 UTC
UT,2024-10-01,52.450000762939453,4444569,21070,SINGLE_MONTH,2024-01-01,2024-12-31,2025-11-18 18:10:45.297586 UTC
LA,2024-10-01,37.369998931884766,4318014,16692,SINGLE_MONTH,2024-01-01,2024-12-31,2025-11-18 18:10:45.297586 UTC
MI,2024-10-01,45.220001220703125,4250642,20768,SINGLE_MONTH,2024-01-01,2024-12-31,2025-11-18 18:10:45.297586 UTC
MS,2024-10-01,39.970001220703125,4067157,13156,SINGLE_MONTH,2024-01-01,2024-12-31,2025-11-18 18:10:45.297586 UTC
OK,2024-10-01,39.939998626708984,3950572,15845,SINGLE_MONTH,2024-01-01,2024-12-31,2025-11-18 18:10:45.297586 UTC
SC,2024-10-01,46.220001220703125,3916308,14997,SINGLE_MONTH,2024-01-01,2024-12-31,2025-11-18 18:10:45.297586 UTC
IN,2024-10-01,41.7599983215332,3131000,14571,SINGLE_MONTH,2024-01-01,2024-12-31,2025-11-18 18:10:45.297586 UTC
AR,2024-10-01,49.869998931884766,3084311,12282,SINGLE_MONTH,2024-01-01,2024-12-31,2025-11-18 18:10:45.297586 UTC
NM,2024-10-01,37.340000152587891,2963960,10821,SINGLE_MONTH,2024-01-01,2024-12-31,2025-11-18 18:10:45.297586 UTC
OR,2024-10-01,53.2400016784668,2873551,14055,SINGLE_MONTH,2024-01-01,2024-12-31,2025-11-18 18:10:45.297586 UTC
MD,2024-10-01,52.479999542236328,2556504,12504,SINGLE_MONTH,2024-01-01,2024-12-31,2025-11-18 18:10:45.297586 UTC
CT,2024-10-01,59.049999237060547,2201129,9390,SINGLE_MONTH,2024-01-01,2024-12-31,2025-11-18 18:10:45.297586 UTC
SD,2024-10-01,47.560001373291016,2068610,7714,SINGLE_MONTH,2024-01-01,2024-12-31,2025-11-18 18:10:45.297586 UTC
ID,2024-10-01,43.729999542236328,2023038,8171,SINGLE_MONTH,2024-01-01,2024-12-31,2025-11-18 18:10:45.297586 UTC
WV,2024-10-01,34.229999542236328,1840537,6842,SINGLE_MONTH,2024-01-01,2024-12-31,2025-11-18 18:10:45.297586 UTC
MT,2024-10-01,39.919998168945312,1428867,5949,SINGLE_MONTH,2024-01-01,2024-12-31,2025-11-18 18:10:45.297586 UTC
ND,2024-10-01,52.9900016784668,1403482,8460,SINGLE_MONTH,2024-01-01,2024-12-31,2025-11-18 18:10:45.297586 UTC
VT,2024-10-01,46.049999237060547,1276784,4576,SINGLE_MONTH,2024-01-01,2024-12-31,2025-11-18 18:10:45.297586 UTC
NE,2024-10-01,41.2400016784668,1174820,5557,SINGLE_MONTH,2024-01-01,2024-12-31,2025-11-18 18:10:45.297586 UTC
NH,2024-10-01,43.290000915527344,1074913,5108,SINGLE_MONTH,2024-01-01,2024-12-31,2025-11-18 18:10:45.297586 UTC
WY,2024-10-01,48.169998168945312,1036306,5622,SINGLE_MONTH,2024-01-01,2024-12-31,2025-11-18 18:10:45.297586 UTC
ME,2024-10-01,37.909999847412109,835062,3833,SINGLE_MONTH,2024-01-01,2024-12-31,2025-11-18 18:10:45.297586 UTC
DC,2024-10-01,26.489999771118164,550714,2651,SINGLE_MONTH,2024-01-01,2024-12-31,2025-11-18 18:10:45.297586 UTC
RI,2024-10-01,45.090000152587891,399603,2480,SINGLE_MONTH,2024-01-01,2024-12-31,2025-11-18 18:10:45.297586 UTC
CA,2024-11-01,29.079999923706055,96421767,260514,SINGLE_MONTH,2024-01-01,2024-12-31,2025-11-18 18:10:45.297586 UTC
OH,2024-11-01,40.919998168945312,48402106,134743,SINGLE_MONTH,2024-01-01,2024-12-31,2025-11-18 18:10:45.297586 UTC
NY,2024-11-01,42.930000305175781,30926184,135067,SINGLE_MONTH,2024-01-01,2024-12-31,2025-11-18 18:10:45.297586 UTC
TX,2024-11-01,45.130001068115234,18468024,79042,SINGLE_MONTH,2024-01-01,2024-12-31,2025-11-18 18:10:45.297586 UTC
FL,2024-11-01,41.619998931884766,17823238,85804,SINGLE_MONTH,2024-01-01,2024-12-31,2025-11-18 18:10:45.297586 UTC
DE,2024-11-01,35.880001068115234,16618562,99846,SINGLE_MONTH,2024-01-01,2024-12-31,2025-11-18 18:10:45.297586 UTC
PA,2024-11-01,57.580001831054688,11240253,46900,SINGLE_MONTH,2024-01-01,2024-12-31,2025-11-18 18:10:45.297586 UTC
MN,2024-11-01,49.5099983215332,10490947,40206,SINGLE_MONTH,2024-01-01,2024-12-31,2025-11-18 18:10:45.297586 UTC
TN,2024-11-01,47.369998931884766,10276231,37260,SINGLE_MONTH,2024-01-01,2024-12-31,2025-11-18 18:10:45.297586 UTC
WI,2024-11-01,51.090000152587891,10124643,39603,SINGLE_MONTH,2024-01-01,2024-12-31,2025-11-18 18:10:45.297586 UTC
GA,2024-11-01,39.080001831054688,8794917,34830,SINGLE_MONTH,2024-01-01,2024-12-31,2025-11-18 18:10:45.297586 UTC
MO,2024-11-01,51.599998474121094,8400968,36075,SINGLE_MONTH,2024-01-01,2024-12-31,2025-11-18 18:10:45.297586 UTC
VA,2024-11-01,40.470001220703125,8146377,25077,SINGLE_MONTH,2024-01-01,2024-12-31,2025-11-18 18:10:45.297586 UTC
AZ,2024-11-01,38.119998931884766,7363454,31826,SINGLE_MONTH,2024-01-01,2024-12-31,2025-11-18 18:10:45.297586 UTC
IL,2024-11-01,35.319999694824219,6890699,28785,SINGLE_MONTH,2024-01-01,2024-12-31,2025-11-18 18:10:45.297586 UTC
NV,2024-11-01,28.190000534057617,6595036,24392,SINGLE_MONTH,2024-01-01,2024-12-31,2025-11-18 18:10:45.297586 UTC
CO,2024-11-01,46.560001373291016,6486082,29516,SINGLE_MONTH,2024-01-01,2024-12-31,2025-11-18 18:10:45.297586 UTC
NC,2024-11-01,44.630001068115234,6397449,26793,SINGLE_MONTH,2024-01-01,2024-12-31,2025-11-18 18:10:45.297586 UTC
WA,2024-11-01,46.979999542236328,5963369,26197,SINGLE_MONTH,2024-01-01,2024-12-31,2025-11-18 18:10:45.297586 UTC
KS,2024-11-01,41.389999389648438,5358158,21291,SINGLE_MONTH,2024-01-01,2024-12-31,2025-11-18 18:10:45.297586 UTC
MA,2024-11-01,54.889999389648438,4970089,21327,SINGLE_MONTH,2024-01-01,2024-12-31,2025-11-18 18:10:45.297586 UTC
HI,2024-11-01,32.950000762939453,4934056,11828,SINGLE_MONTH,2024-01-01,2024-12-31,2025-11-18 18:10:45.297586 UTC
IA,2024-11-01,78.379997253417969,4911591,16463,SINGLE_MONTH,2024-01-01,2024-12-31,2025-11-18 18:10:45.297586 UTC
MI,2024-11-01,52.880001068115234,4800210,21150,SINGLE_MONTH,2024-01-01,2024-12-31,2025-11-18 18:10:45.297586 UTC
AK,2024-11-01,35.779998779296875,4764777,10910,SINGLE_MONTH,2024-01-01,2024-12-31,2025-11-18 18:10:45.297586 UTC
KY,2024-11-01,37.409999847412109,4546587,16028,SINGLE_MONTH,2024-01-01,2024-12-31,2025-11-18 18:10:45.297586 UTC
LA,2024-11-01,40.299999237060547,4352963,16071,SINGLE_MONTH,2024-01-01,2024-12-31,2025-11-18 18:10:45.297586 UTC
UT,2024-11-01,58.610000610351562,4280502,21017,SINGLE_MONTH,2024-01-01,2024-12-31,2025-11-18 18:10:45.297586 UTC
MS,2024-11-01,44.2599983215332,4228382,13319,SINGLE_MONTH,2024-01-01,2024-12-31,2025-11-18 18:10:45.297586 UTC
NJ,2024-11-01,50.979999542236328,4155632,18894,SINGLE_MONTH,2024-01-01,2024-12-31,2025-11-18 18:10:45.297586 UTC
AL,2024-11-01,42.5099983215332,4129765,15139,SINGLE_MONTH,2024-01-01,2024-12-31,2025-11-18 18:10:45.297586 UTC
OK,2024-11-01,43.419998168945312,4035011,15298,SINGLE_MONTH,2024-01-01,2024-12-31,2025-11-18 18:10:45.297586 UTC
SC,2024-11-01,54.770000457763672,3610275,13485,SINGLE_MONTH,2024-01-01,2024-12-31,2025-11-18 18:10:45.297586 UTC
AR,2024-11-01,60.029998779296875,3272004,12530,SINGLE_MONTH,2024-01-01,2024-12-31,2025-11-18 18:10:45.297586 UTC
IN,2024-11-01,48.340000152587891,3146114,14348,SINGLE_MONTH,2024-01-01,2024-12-31,2025-11-18 18:10:45.297586 UTC
OR,2024-11-01,75.669998168945312,3061821,16056,SINGLE_MONTH,2024-01-01,2024-12-31,2025-11-18 18:10:45.297586 UTC
MD,2024-11-01,65.739997863769531,2798189,12442,SINGLE_MONTH,2024-01-01,2024-12-31,2025-11-18 18:10:45.297586 UTC
NM,2024-11-01,41.569999694824219,2712740,9146,SINGLE_MONTH,2024-01-01,2024-12-31,2025-11-18 18:10:45.297586 UTC
CT,2024-11-01,74.139999389648438,2627974,11103,SINGLE_MONTH,2024-01-01,2024-12-31,2025-11-18 18:10:45.297586 UTC
SD,2024-11-01,53.25,2025803,7374,SINGLE_MONTH,2024-01-01,2024-12-31,2025-11-18 18:10:45.297586 UTC
ID,2024-11-01,46.110000610351562,1821045,7603,SINGLE_MONTH,2024-01-01,2024-12-31,2025-11-18 18:10:45.297586 UTC
WV,2024-11-01,39.049999237060547,1755327,6241,SINGLE_MONTH,2024-01-01,2024-12-31,2025-11-18 18:10:45.297586 UTC
ND,2024-11-01,63.869998931884766,1691738,12399,SINGLE_MONTH,2024-01-01,2024-12-31,2025-11-18 18:10:45.297586 UTC
NE,2024-11-01,45.540000915527344,1269337,5706,SINGLE_MONTH,2024-01-01,2024-12-31,2025-11-18 18:10:45.297586 UTC
MT,2024-11-01,43.409999847412109,1219188,5119,SINGLE_MONTH,2024-01-01,2024-12-31,2025-11-18 18:10:45.297586 UTC
VT,2024-11-01,52.419998168945312,1142774,3963,SINGLE_MONTH,2024-01-01,2024-12-31,2025-11-18 18:10:45.297586 UTC
NH,2024-11-01,46.2599983215332,966738,4409,SINGLE_MONTH,2024-01-01,2024-12-31,2025-11-18 18:10:45.297586 UTC
WY,2024-11-01,51.330001831054688,919404,5479,SINGLE_MONTH,2024-01-01,2024-12-31,2025-11-18 18:10:45.297586 UTC
ME,2024-11-01,43.310001373291016,452154,2149,SINGLE_MONTH,2024-01-01,2024-12-31,2025-11-18 18:10:45.297586 UTC
DC,2024-11-01,26.340000152587891,397402,2127,SINGLE_MONTH,2024-01-01,2024-12-31,2025-11-18 18:10:45.297586 UTC
RI,2024-11-01,45.689998626708984,299921,1827,ROLLING_3MO,2024-01-01,2024-12-31,2025-11-18 18:10:45.297586 UTC
XX,2024-11-01,188.78999328613281,12,2,EXCLUDE,2024-01-01,2024-12-31,2025-11-18 18:10:45.297586 UTC
CA,2024-12-01,28.459999084472656,144970504,328256,SINGLE_MONTH,2024-01-01,2024-12-31,2025-11-18 18:10:45.297586 UTC
OH,2024-12-01,40.689998626708984,44923316,141606,SINGLE_MONTH,2024-01-01,2024-12-31,2025-11-18 18:10:45.297586 UTC
NY,2024-12-01,46.709999084472656,36126843,155461,SINGLE_MONTH,2024-01-01,2024-12-31,2025-11-18 18:10:45.297586 UTC
TX,2024-12-01,43.569999694824219,20134270,82902,SINGLE_MONTH,2024-01-01,2024-12-31,2025-11-18 18:10:45.297586 UTC
FL,2024-12-01,42.319999694824219,17605554,78300,SINGLE_MONTH,2024-01-01,2024-12-31,2025-11-18 18:10:45.297586 UTC
DE,2024-12-01,33.099998474121094,12165458,102425,SINGLE_MONTH,2024-01-01,2024-12-31,2025-11-18 18:10:45.297586 UTC
PA,2024-12-01,54.599998474121094,11274716,47609,SINGLE_MONTH,2024-01-01,2024-12-31,2025-11-18 18:10:45.297586 UTC
WI,2024-12-01,50.610000610351562,9920537,38661,SINGLE_MONTH,2024-01-01,2024-12-31,2025-11-18 18:10:45.297586 UTC
TN,2024-12-01,47.040000915527344,9680376,33882,SINGLE_MONTH,2024-01-01,2024-12-31,2025-11-18 18:10:45.297586 UTC
MN,2024-12-01,46.180000305175781,9477494,37378,SINGLE_MONTH,2024-01-01,2024-12-31,2025-11-18 18:10:45.297586 UTC
GA,2024-12-01,39.75,8236533,32201,SINGLE_MONTH,2024-01-01,2024-12-31,2025-11-18 18:10:45.297586 UTC
MO,2024-12-01,53.959999084472656,8187282,33757,SINGLE_MONTH,2024-01-01,2024-12-31,2025-11-18 18:10:45.297586 UTC
VA,2024-12-01,41.779998779296875,7944166,23538,SINGLE_MONTH,2024-01-01,2024-12-31,2025-11-18 18:10:45.297586 UTC
AZ,2024-12-01,38.950000762939453,7260166,30955,SINGLE_MONTH,2024-01-01,2024-12-31,2025-11-18 18:10:45.297586 UTC
CO,2024-12-01,46.229999542236328,7073550,31521,SINGLE_MONTH,2024-01-01,2024-12-31,2025-11-18 18:10:45.297586 UTC
IL,2024-12-01,37.369998931884766,7019084,30915,SINGLE_MONTH,2024-01-01,2024-12-31,2025-11-18 18:10:45.297586 UTC
NV,2024-12-01,28.639999389648438,6570932,24854,SINGLE_MONTH,2024-01-01,2024-12-31,2025-11-18 18:10:45.297586 UTC
WA,2024-12-01,43.970001220703125,6516687,29733,SINGLE_MONTH,2024-01-01,2024-12-31,2025-11-18 18:10:45.297586 UTC
NC,2024-12-01,47.479999542236328,6060185,25217,SINGLE_MONTH,2024-01-01,2024-12-31,2025-11-18 18:10:45.297586 UTC
AK,2024-12-01,42.290000915527344,5795024,11898,SINGLE_MONTH,2024-01-01,2024-12-31,2025-11-18 18:10:45.297586 UTC
KS,2024-12-01,45.9900016784668,5637792,22190,SINGLE_MONTH,2024-01-01,2024-12-31,2025-11-18 18:10:45.297586 UTC
IA,2024-12-01,92.2300033569336,5637579,18069,SINGLE_MONTH,2024-01-01,2024-12-31,2025-11-18 18:10:45.297586 UTC
HI,2024-12-01,33.069999694824219,5390718,12667,SINGLE_MONTH,2024-01-01,2024-12-31,2025-11-18 18:10:45.297586 UTC
MI,2024-12-01,61.950000762939453,5299963,22082,SINGLE_MONTH,2024-01-01,2024-12-31,2025-11-18 18:10:45.297586 UTC
MS,2024-12-01,48.580001831054688,4558170,13217,SINGLE_MONTH,2024-01-01,2024-12-31,2025-11-18 18:10:45.297586 UTC
MA,2024-12-01,57.220001220703125,4537570,19480,SINGLE_MONTH,2024-01-01,2024-12-31,2025-11-18 18:10:45.297586 UTC
KY,2024-12-01,39.299999237060547,4433458,15387,SINGLE_MONTH,2024-01-01,2024-12-31,2025-11-18 18:10:45.297586 UTC
LA,2024-12-01,44.060001373291016,4393928,15300,SINGLE_MONTH,2024-01-01,2024-12-31,2025-11-18 18:10:45.297586 UTC
NJ,2024-12-01,50.790000915527344,4305668,18592,SINGLE_MONTH,2024-01-01,2024-12-31,2025-11-18 18:10:45.297586 UTC
UT,2024-12-01,58.930000305175781,4270084,21823,SINGLE_MONTH,2024-01-01,2024-12-31,2025-11-18 18:10:45.297586 UTC
OK,2024-12-01,46.169998168945312,4221272,14822,SINGLE_MONTH,2024-01-01,2024-12-31,2025-11-18 18:10:45.297586 UTC
AL,2024-12-01,46.830001831054688,4103745,15199,SINGLE_MONTH,2024-01-01,2024-12-31,2025-11-18 18:10:45.297586 UTC
AR,2024-12-01,79.1500015258789,3841816,13852,SINGLE_MONTH,2024-01-01,2024-12-31,2025-11-18 18:10:45.297586 UTC
NM,2024-12-01,45.4900016784668,3286255,10138,SINGLE_MONTH,2024-01-01,2024-12-31,2025-11-18 18:10:45.297586 UTC
SC,2024-12-01,55.880001068115234,3221725,12261,SINGLE_MONTH,2024-01-01,2024-12-31,2025-11-18 18:10:45.297586 UTC
IN,2024-12-01,50.840000152587891,3187080,13133,SINGLE_MONTH,2024-01-01,2024-12-31,2025-11-18 18:10:45.297586 UTC
OR,2024-12-01,82.639999389648438,3140124,17054,SINGLE_MONTH,2024-01-01,2024-12-31,2025-11-18 18:10:45.297586 UTC
MD,2024-12-01,75.44000244140625,3087618,13483,SINGLE_MONTH,2024-01-01,2024-12-31,2025-11-18 18:10:45.297586 UTC
CT,2024-12-01,64.44000244140625,3060436,13069,SINGLE_MONTH,2024-01-01,2024-12-31,2025-11-18 18:10:45.297586 UTC
SD,2024-12-01,54.540000915527344,2085185,6897,SINGLE_MONTH,2024-01-01,2024-12-31,2025-11-18 18:10:45.297586 UTC
ND,2024-12-01,63.909999847412109,1974495,14755,SINGLE_MONTH,2024-01-01,2024-12-31,2025-11-18 18:10:45.297586 UTC
ID,2024-12-01,48.599998474121094,1885199,7223,SINGLE_MONTH,2024-01-01,2024-12-31,2025-11-18 18:10:45.297586 UTC
WV,2024-12-01,40.930000305175781,1738338,5888,SINGLE_MONTH,2024-01-01,2024-12-31,2025-11-18 18:10:45.297586 UTC
VT,2024-12-01,53.810001373291016,1272881,4364,SINGLE_MONTH,2024-01-01,2024-12-31,2025-11-18 18:10:45.297586 UTC
MT,2024-12-01,45.720001220703125,1200135,5151,SINGLE_MONTH,2024-01-01,2024-12-31,2025-11-18 18:10:45.297586 UTC
NE,2024-12-01,46.270000457763672,1157360,5277,SINGLE_MONTH,2024-01-01,2024-12-31,2025-11-18 18:10:45.297586 UTC
WY,2024-12-01,52.869998931884766,981556,6346,SINGLE_MONTH,2024-01-01,2024-12-31,2025-11-18 18:10:45.297586 UTC
NH,2024-12-01,48.939998626708984,835594,4008,SINGLE_MONTH,2024-01-01,2024-12-31,2025-11-18 18:10:45.297586 UTC
ME,2024-12-01,45.020000457763672,374346,1869,ROLLING_3MO,2024-01-01,2024-12-31,2025-11-18 18:10:45.297586 UTC
DC,2024-12-01,26.739999771118164,335321,1937,ROLLING_3MO,2024-01-01,2024-12-31,2025-11-18 18:10:45.297586 UTC
RI,2024-12-01,44.0099983215332,272137,1687,ROLLING_3MO,2024-01-01,2024-12-31,2025-11-18 18:10:45.297586 UTC
XX,2024-12-01,166.52999877929688,8,1,EXCLUDE,2024-01-01,2024-12-31,2025-11-18 18:10:45.297586 UTC